ISO-10303-21;
HEADER;
/* Generated by software containing ST-Developer
 * from STEP Tools, Inc. (www.steptools.com) 
 */

FILE_DESCRIPTION(
/* description */ (''),
/* implementation_level */ '2;1');

FILE_NAME(
/* name */ 'AT-1127-ST-2-R.ipt.step',
/* time_stamp */ '2024-02-07T22:31:07-05:00',
/* author */ ('J.D.'),
/* organization */ (''),
/* preprocessor_version */ 'ST-DEVELOPER v20',
/* originating_system */ 'Autodesk Inventor 2024',
/* authorisation */ '');

FILE_SCHEMA (('AUTOMOTIVE_DESIGN { 1 0 10303 214 3 1 1 }'));
ENDSEC;

DATA;
#10=MECHANICAL_DESIGN_GEOMETRIC_PRESENTATION_REPRESENTATION('',(#92,#93,
#94,#95,#96,#97,#98,#99,#100,#101,#102,#103,#104,#105,#106,#107,#108,#109,
#110,#111,#112,#113,#114,#115,#116,#117,#118,#119,#120,#121,#122,#123,#124,
#125,#126,#127,#128,#129,#130,#131,#132,#133,#134,#135,#136,#137,#138,#139,
#140,#141,#142,#143,#144,#145,#146,#147,#148,#149,#150,#151,#152,#153,#154,
#155,#156,#157,#158,#159,#160,#161,#162,#163,#164,#165,#166,#167,#168,#169,
#170,#171,#172,#173,#174,#175,#176,#177,#178,#179,#180,#181,#182,#183,#184,
#185,#186,#187,#188),#4655);
#11=SHAPE_REPRESENTATION_RELATIONSHIP('SRR','None',#4662,#12);
#12=ADVANCED_BREP_SHAPE_REPRESENTATION('',(#91,#90),#4654);
#13=TOROIDAL_SURFACE('',#2055,0.7,0.2);
#14=TOROIDAL_SURFACE('',#2063,0.5,0.2);
#15=TOROIDAL_SURFACE('',#2069,0.5,0.2);
#16=TOROIDAL_SURFACE('',#2074,0.7,0.2);
#17=B_SPLINE_CURVE_WITH_KNOTS('',3,(#2785,#2786,#2787,#2788),
 .UNSPECIFIED.,.F.,.F.,(4,4),(0.,0.00277166027787604),.UNSPECIFIED.);
#18=B_SPLINE_CURVE_WITH_KNOTS('',3,(#2791,#2792,#2793,#2794),
 .UNSPECIFIED.,.F.,.F.,(4,4),(-0.00277166027787604,0.),.UNSPECIFIED.);
#19=B_SPLINE_CURVE_WITH_KNOTS('',3,(#2838,#2839,#2840,#2841,#2842,#2843,
#2844,#2845,#2846,#2847),.UNSPECIFIED.,.F.,.F.,(4,1,1,1,1,1,1,4),(0.,0.00133084804694766,
0.00266169609389532,0.00532339218779065,0.0106467843755813,0.0159701765633719,
0.0173010246103196,0.0186318726572673),.UNSPECIFIED.);
#20=B_SPLINE_CURVE_WITH_KNOTS('',3,(#2848,#2849,#2850,#2851,#2852,#2853,
#2854,#2855,#2856,#2857),.UNSPECIFIED.,.F.,.F.,(4,1,1,1,1,1,1,4),(-0.0186318726572673,
-0.0173010246103196,-0.0159701765633719,-0.0106467843755813,-0.00532339218779065,
-0.00266169609389532,-0.00133084804694766,0.),.UNSPECIFIED.);
#21=B_SPLINE_CURVE_WITH_KNOTS('',3,(#2877,#2878,#2879,#2880),
 .UNSPECIFIED.,.F.,.F.,(4,4),(0.,0.00261596038812836),.UNSPECIFIED.);
#22=B_SPLINE_CURVE_WITH_KNOTS('',3,(#2881,#2882,#2883,#2884),
 .UNSPECIFIED.,.F.,.F.,(4,4),(-0.00261596038812836,0.),.UNSPECIFIED.);
#23=B_SPLINE_CURVE_WITH_KNOTS('',3,(#2948,#2949,#2950,#2951,#2952,#2953,
#2954,#2955,#2956,#2957,#2958,#2959,#2960,#2961,#2962),.UNSPECIFIED.,.F.,
 .F.,(4,1,1,1,1,1,1,1,1,1,1,1,4),(0.,0.000974697048524186,0.00194939409704837,
0.00389878819409674,0.00779757638819348,0.015595152776387,0.0194939409704837,
0.0233927291645805,0.0253421232616288,0.026316820310153,0.0268041688344151,
0.0270478430965462,0.0272915173586772),.UNSPECIFIED.);
#24=B_SPLINE_CURVE_WITH_KNOTS('',3,(#2963,#2964,#2965,#2966,#2967,#2968,
#2969,#2970,#2971,#2972,#2973,#2974,#2975,#2976,#2977),.UNSPECIFIED.,.F.,
 .F.,(4,1,1,1,1,1,1,1,1,1,1,1,4),(-0.0272915173586772,-0.0270478430965462,
-0.0268041688344151,-0.026316820310153,-0.0253421232616288,-0.0233927291645805,
-0.0194939409704837,-0.015595152776387,-0.00779757638819348,-0.00389878819409674,
-0.00194939409704837,-0.000974697048524186,0.),.UNSPECIFIED.);
#25=B_SPLINE_CURVE_WITH_KNOTS('',3,(#2997,#2998,#2999,#3000),
 .UNSPECIFIED.,.F.,.F.,(4,4),(0.,0.00393101181423464),.UNSPECIFIED.);
#26=B_SPLINE_CURVE_WITH_KNOTS('',3,(#3001,#3002,#3003,#3004),
 .UNSPECIFIED.,.F.,.F.,(4,4),(-0.00393101181423464,0.),.UNSPECIFIED.);
#27=B_SPLINE_CURVE_WITH_KNOTS('',3,(#3061,#3062,#3063,#3064,#3065,#3066,
#3067,#3068,#3069,#3070,#3071,#3072,#3073,#3074),.UNSPECIFIED.,.F.,.F.,
(4,1,1,1,1,1,1,1,1,1,1,4),(1.21294091533422E-16,0.00024944682947255,0.000498893658944979,
0.000997787317889837,0.00199557463577955,0.00399114927155898,0.0119734478146767,
0.0199557463577944,0.0239468956293533,0.0259424702651327,0.0269402575830224,
0.0279380449009121),.UNSPECIFIED.);
#28=B_SPLINE_CURVE_WITH_KNOTS('',3,(#3075,#3076,#3077,#3078,#3079,#3080,
#3081,#3082,#3083,#3084,#3085,#3086,#3087,#3088),.UNSPECIFIED.,.F.,.F.,
(4,1,1,1,1,1,1,1,1,1,1,4),(-0.0279380449009121,-0.0269402575830224,-0.0259424702651327,
-0.0239468956293533,-0.0199557463577944,-0.0119734478146767,-0.00399114927155898,
-0.00199557463577955,-0.000997787317889837,-0.000498893658944979,-0.00024944682947255,
-1.21294091533422E-16),.UNSPECIFIED.);
#29=B_SPLINE_CURVE_WITH_KNOTS('',3,(#3122,#3123,#3124,#3125,#3126,#3127,
#3128,#3129),.UNSPECIFIED.,.F.,.F.,(4,2,2,4),(0.,0.276137750417498,0.673924340353063,
0.996419035028389),.UNSPECIFIED.);
#30=B_SPLINE_CURVE_WITH_KNOTS('',3,(#3131,#3132,#3133,#3134),
 .UNSPECIFIED.,.F.,.F.,(4,4),(-1.,0.),.UNSPECIFIED.);
#31=B_SPLINE_CURVE_WITH_KNOTS('',3,(#3135,#3136,#3137,#3138,#3139,#3140,
#3141,#3142),.UNSPECIFIED.,.F.,.F.,(4,2,2,4),(0.,0.276137750417498,0.673924340353063,
0.99641903502839),.UNSPECIFIED.);
#32=B_SPLINE_CURVE_WITH_KNOTS('',3,(#3216,#3217,#3218,#3219,#3220,#3221,
#3222,#3223),.UNSPECIFIED.,.F.,.F.,(4,2,2,4),(0.,0.276137750417498,0.673924340353063,
0.996419035028389),.UNSPECIFIED.);
#33=B_SPLINE_CURVE_WITH_KNOTS('',3,(#3224,#3225,#3226,#3227,#3228,#3229,
#3230,#3231,#3232),.UNSPECIFIED.,.F.,.F.,(4,1,1,1,1,1,4),(-1.,-0.785714285714286,
-0.571428571428571,-0.428571428571429,-0.285714285714286,-0.142857142857143,
0.),.UNSPECIFIED.);
#34=B_SPLINE_CURVE_WITH_KNOTS('',3,(#3266,#3267,#3268,#3269,#3270,#3271,
#3272,#3273),.UNSPECIFIED.,.F.,.F.,(4,2,2,4),(0.,0.276137750417498,0.673924340353063,
0.996419035028389),.UNSPECIFIED.);
#35=B_SPLINE_CURVE_WITH_KNOTS('',3,(#3274,#3275,#3276,#3277),
 .UNSPECIFIED.,.F.,.F.,(4,4),(-1.,0.),.UNSPECIFIED.);
#36=B_SPLINE_CURVE_WITH_KNOTS('',3,(#3299,#3300,#3301,#3302),
 .UNSPECIFIED.,.F.,.F.,(4,4),(-0.00393101181423462,0.),.UNSPECIFIED.);
#37=B_SPLINE_CURVE_WITH_KNOTS('',3,(#3305,#3306,#3307,#3308),
 .UNSPECIFIED.,.F.,.F.,(4,4),(0.,0.00393101181423462),.UNSPECIFIED.);
#38=B_SPLINE_CURVE_WITH_KNOTS('',3,(#3364,#3365,#3366,#3367,#3368,#3369,
#3370,#3371,#3372,#3373,#3374,#3375,#3376),.UNSPECIFIED.,.F.,.F.,(4,1,1,
1,1,1,1,1,1,1,4),(-0.0279380449009121,-0.0274391512419672,-0.0269402575830223,
-0.0259424702651326,-0.0249446829472429,-0.0239468956293532,-0.0199557463577943,
-0.0119734478146766,-0.0059867239073383,-0.00199557463577943,0.),
 .UNSPECIFIED.);
#39=B_SPLINE_CURVE_WITH_KNOTS('',3,(#3377,#3378,#3379,#3380,#3381,#3382,
#3383,#3384,#3385,#3386,#3387,#3388,#3389),.UNSPECIFIED.,.F.,.F.,(4,1,1,
1,1,1,1,1,1,1,4),(0.,0.00199557463577943,0.0059867239073383,0.0119734478146766,
0.0199557463577943,0.0239468956293532,0.0249446829472429,0.0259424702651326,
0.0269402575830223,0.0274391512419672,0.0279380449009121),.UNSPECIFIED.);
#40=B_SPLINE_CURVE_WITH_KNOTS('',3,(#3409,#3410,#3411,#3412),
 .UNSPECIFIED.,.F.,.F.,(4,4),(-0.0027716602778759,0.),.UNSPECIFIED.);
#41=B_SPLINE_CURVE_WITH_KNOTS('',3,(#3413,#3414,#3415,#3416),
 .UNSPECIFIED.,.F.,.F.,(4,4),(0.,0.0027716602778759),.UNSPECIFIED.);
#42=B_SPLINE_CURVE_WITH_KNOTS('',3,(#3460,#3461,#3462,#3463,#3464,#3465,
#3466,#3467,#3468,#3469),.UNSPECIFIED.,.F.,.F.,(4,1,1,1,1,1,1,4),(-0.0186318726572673,
-0.0173010246103196,-0.0159701765633719,-0.0133084804694766,-0.00798508828168597,
-0.00266169609389532,-0.00133084804694766,0.),.UNSPECIFIED.);
#43=B_SPLINE_CURVE_WITH_KNOTS('',3,(#3470,#3471,#3472,#3473,#3474,#3475,
#3476,#3477,#3478,#3479),.UNSPECIFIED.,.F.,.F.,(4,1,1,1,1,1,1,4),(0.,0.00133084804694766,
0.00266169609389532,0.00798508828168597,0.0133084804694766,0.0159701765633719,
0.0173010246103196,0.0186318726572673),.UNSPECIFIED.);
#44=B_SPLINE_CURVE_WITH_KNOTS('',3,(#3499,#3500,#3501,#3502),
 .UNSPECIFIED.,.F.,.F.,(4,4),(-0.00261596038812836,0.),.UNSPECIFIED.);
#45=B_SPLINE_CURVE_WITH_KNOTS('',3,(#3503,#3504,#3505,#3506),
 .UNSPECIFIED.,.F.,.F.,(4,4),(0.,0.00261596038812836),.UNSPECIFIED.);
#46=B_SPLINE_CURVE_WITH_KNOTS('',3,(#3567,#3568,#3569,#3570,#3571,#3572,
#3573,#3574,#3575,#3576,#3577,#3578,#3579,#3580,#3581),.UNSPECIFIED.,.F.,
 .F.,(4,1,1,1,1,1,1,1,1,1,1,1,4),(-0.0272915173586773,-0.0263168203101531,
-0.0253421232616289,-0.0233927291645805,-0.0194939409704838,-0.0116963645822903,
-0.00779757638819353,-0.00389878819409678,-0.0019493940970484,-0.000974697048524214,
-0.000487348524262119,-0.000243674262131072,-2.53923882320209E-17),
 .UNSPECIFIED.);
#47=B_SPLINE_CURVE_WITH_KNOTS('',3,(#3582,#3583,#3584,#3585,#3586,#3587,
#3588,#3589,#3590,#3591,#3592,#3593,#3594,#3595,#3596),.UNSPECIFIED.,.F.,
 .F.,(4,1,1,1,1,1,1,1,1,1,1,1,4),(2.53923882320209E-17,0.000243674262131072,
0.000487348524262119,0.000974697048524214,0.0019493940970484,0.00389878819409678,
0.00779757638819353,0.0116963645822903,0.0194939409704838,0.0233927291645805,
0.0253421232616289,0.0263168203101531,0.0272915173586773),.UNSPECIFIED.);
#48=B_SPLINE_CURVE_WITH_KNOTS('',3,(#3630,#3631,#3632,#3633,#3634,#3635,
#3636,#3637),.UNSPECIFIED.,.F.,.F.,(4,2,2,4),(0.,0.276137750417498,0.673924340353063,
0.99641903502839),.UNSPECIFIED.);
#49=B_SPLINE_CURVE_WITH_KNOTS('',3,(#3639,#3640,#3641,#3642),
 .UNSPECIFIED.,.F.,.F.,(4,4),(0.,1.),.UNSPECIFIED.);
#50=B_SPLINE_CURVE_WITH_KNOTS('',3,(#3643,#3644,#3645,#3646,#3647,#3648,
#3649,#3650),.UNSPECIFIED.,.F.,.F.,(4,2,2,4),(0.,0.276137750417498,0.673924340353063,
0.996419035028389),.UNSPECIFIED.);
#51=B_SPLINE_CURVE_WITH_KNOTS('',3,(#3732,#3733,#3734,#3735,#3736,#3737,
#3738,#3739),.UNSPECIFIED.,.F.,.F.,(4,2,2,4),(0.,0.276137750417498,0.673924340353063,
0.996477952820879),.UNSPECIFIED.);
#52=B_SPLINE_CURVE_WITH_KNOTS('',3,(#3740,#3741,#3742,#3743,#3744,#3745,
#3746,#3747,#3748,#3749),.UNSPECIFIED.,.F.,.F.,(4,1,1,1,1,1,1,4),(0.,0.142857142857143,
0.285714285714286,0.428571428571429,0.571428571428571,0.785714285714286,
0.857142857142857,1.),.UNSPECIFIED.);
#53=B_SPLINE_CURVE_WITH_KNOTS('',3,(#3815,#3816,#3817,#3818,#3819,#3820,
#3821,#3822),.UNSPECIFIED.,.F.,.F.,(4,2,2,4),(0.,0.276137750417498,0.673924340353063,
0.996455330162112),.UNSPECIFIED.);
#54=B_SPLINE_CURVE_WITH_KNOTS('',3,(#3823,#3824,#3825,#3826,#3827,#3828,
#3829,#3830),.UNSPECIFIED.,.F.,.F.,(4,1,1,1,1,4),(0.,0.142857142857143,
0.285714285714286,0.571428571428571,0.785714285714286,1.),.UNSPECIFIED.);
#55=B_SPLINE_CURVE_WITH_KNOTS('',3,(#3913,#3914,#3915,#3916,#3917,#3918,
#3919,#3920,#3921,#3922),.UNSPECIFIED.,.F.,.F.,(4,1,1,1,1,1,1,4),(-1.,-0.857142857142857,
-0.785714285714286,-0.571428571428571,-0.428571428571429,-0.285714285714286,
-0.142857142857143,0.),.UNSPECIFIED.);
#56=B_SPLINE_CURVE_WITH_KNOTS('',3,(#3923,#3924,#3925,#3926,#3927,#3928,
#3929,#3930),.UNSPECIFIED.,.F.,.F.,(4,2,2,4),(0.,0.276137750417498,0.673924340353063,
0.99647795282088),.UNSPECIFIED.);
#57=B_SPLINE_CURVE_WITH_KNOTS('',3,(#3996,#3997,#3998,#3999,#4000,#4001,
#4002,#4003),.UNSPECIFIED.,.F.,.F.,(4,1,1,1,1,4),(-1.,-0.785714285714286,
-0.571428571428571,-0.285714285714286,-0.142857142857143,0.),
 .UNSPECIFIED.);
#58=B_SPLINE_CURVE_WITH_KNOTS('',3,(#4004,#4005,#4006,#4007,#4008,#4009,
#4010,#4011),.UNSPECIFIED.,.F.,.F.,(4,2,2,4),(0.,0.276137750417498,0.673924340353063,
0.996455330162112),.UNSPECIFIED.);
#59=B_SPLINE_CURVE_WITH_KNOTS('',3,(#4092,#4093,#4094,#4095,#4096,#4097,
#4098,#4099,#4100,#4101),.UNSPECIFIED.,.F.,.F.,(4,1,1,1,1,1,1,4),(-1.,-0.857142857142857,
-0.785714285714286,-0.571428571428571,-0.428571428571429,-0.285714285714286,
-0.142857142857143,0.),.UNSPECIFIED.);
#60=B_SPLINE_CURVE_WITH_KNOTS('',3,(#4183,#4184,#4185,#4186,#4187,#4188,
#4189,#4190),.UNSPECIFIED.,.F.,.F.,(4,2,2,4),(0.,0.276137750417498,0.673924340353063,
0.99641903502839),.UNSPECIFIED.);
#61=B_SPLINE_CURVE_WITH_KNOTS('',3,(#4191,#4192,#4193,#4194,#4195,#4196,
#4197,#4198,#4199,#4200),.UNSPECIFIED.,.F.,.F.,(4,1,1,1,1,1,1,4),(0.,0.142857142857143,
0.285714285714286,0.428571428571429,0.571428571428571,0.785714285714286,
0.857142857142857,1.),.UNSPECIFIED.);
#62=B_SPLINE_CURVE_WITH_KNOTS('',3,(#4234,#4235,#4236,#4237,#4238,#4239,
#4240,#4241),.UNSPECIFIED.,.F.,.F.,(4,2,2,4),(0.,0.276137750417498,0.673924340353063,
0.99641903502839),.UNSPECIFIED.);
#63=B_SPLINE_CURVE_WITH_KNOTS('',3,(#4242,#4243,#4244,#4245),
 .UNSPECIFIED.,.F.,.F.,(4,4),(0.,1.),.UNSPECIFIED.);
#64=B_SPLINE_CURVE_WITH_KNOTS('',3,(#4318,#4319,#4320,#4321,#4322,#4323,
#4324,#4325,#4326),.UNSPECIFIED.,.F.,.F.,(4,1,1,1,1,1,4),(0.,0.142857142857143,
0.285714285714286,0.428571428571429,0.571428571428571,0.785714285714286,
1.),.UNSPECIFIED.);
#65=B_SPLINE_SURFACE_WITH_KNOTS('',3,3,((#2765,#2766,#2767,#2768),(#2769,
#2770,#2771,#2772),(#2773,#2774,#2775,#2776),(#2777,#2778,#2779,#2780)),
 .UNSPECIFIED.,.F.,.F.,.F.,(4,4),(4,4),(0.,1.),(-0.00277166027787604,0.),
 .UNSPECIFIED.);
#66=B_SPLINE_SURFACE_WITH_KNOTS('',3,3,((#2795,#2796,#2797,#2798,#2799,
#2800,#2801,#2802,#2803,#2804),(#2805,#2806,#2807,#2808,#2809,#2810,#2811,
#2812,#2813,#2814),(#2815,#2816,#2817,#2818,#2819,#2820,#2821,#2822,#2823,
#2824),(#2825,#2826,#2827,#2828,#2829,#2830,#2831,#2832,#2833,#2834)),
 .UNSPECIFIED.,.F.,.F.,.F.,(4,4),(4,1,1,1,1,1,1,4),(0.,1.),(-0.0186318726572673,
-0.0173010246103196,-0.0159701765633719,-0.0106467843755813,-0.00532339218779065,
-0.00266169609389532,-0.00133084804694766,0.),.UNSPECIFIED.);
#67=B_SPLINE_SURFACE_WITH_KNOTS('',3,3,((#2858,#2859,#2860,#2861),(#2862,
#2863,#2864,#2865),(#2866,#2867,#2868,#2869),(#2870,#2871,#2872,#2873)),
 .UNSPECIFIED.,.F.,.F.,.F.,(4,4),(4,4),(0.,1.),(-0.00261596038812836,0.),
 .UNSPECIFIED.);
#68=B_SPLINE_SURFACE_WITH_KNOTS('',3,3,((#2885,#2886,#2887,#2888,#2889,
#2890,#2891,#2892,#2893,#2894,#2895,#2896,#2897,#2898,#2899),(#2900,#2901,
#2902,#2903,#2904,#2905,#2906,#2907,#2908,#2909,#2910,#2911,#2912,#2913,
#2914),(#2915,#2916,#2917,#2918,#2919,#2920,#2921,#2922,#2923,#2924,#2925,
#2926,#2927,#2928,#2929),(#2930,#2931,#2932,#2933,#2934,#2935,#2936,#2937,
#2938,#2939,#2940,#2941,#2942,#2943,#2944)),.UNSPECIFIED.,.F.,.F.,.F.,(4,
4),(4,1,1,1,1,1,1,1,1,1,1,1,4),(0.,1.),(-0.0272915173586772,-0.0270478430965462,
-0.0268041688344151,-0.026316820310153,-0.0253421232616288,-0.0233927291645805,
-0.0194939409704837,-0.015595152776387,-0.00779757638819348,-0.00389878819409674,
-0.00194939409704837,-0.000974697048524186,0.),.UNSPECIFIED.);
#69=B_SPLINE_SURFACE_WITH_KNOTS('',3,3,((#2978,#2979,#2980,#2981),(#2982,
#2983,#2984,#2985),(#2986,#2987,#2988,#2989),(#2990,#2991,#2992,#2993)),
 .UNSPECIFIED.,.F.,.F.,.F.,(4,4),(4,4),(0.,1.),(-0.00393101181423464,0.),
 .UNSPECIFIED.);
#70=B_SPLINE_SURFACE_WITH_KNOTS('',3,3,((#3005,#3006,#3007,#3008,#3009,
#3010,#3011,#3012,#3013,#3014,#3015,#3016,#3017,#3018),(#3019,#3020,#3021,
#3022,#3023,#3024,#3025,#3026,#3027,#3028,#3029,#3030,#3031,#3032),(#3033,
#3034,#3035,#3036,#3037,#3038,#3039,#3040,#3041,#3042,#3043,#3044,#3045,
#3046),(#3047,#3048,#3049,#3050,#3051,#3052,#3053,#3054,#3055,#3056,#3057,
#3058,#3059,#3060)),.UNSPECIFIED.,.F.,.F.,.F.,(4,4),(4,1,1,1,1,1,1,1,1,
1,1,4),(0.,1.),(-0.0279380449009121,-0.0269402575830224,-0.0259424702651327,
-0.0239468956293533,-0.0199557463577944,-0.0119734478146767,-0.00399114927155898,
-0.00199557463577955,-0.000997787317889837,-0.000498893658944979,-0.00024944682947255,
-1.21294091533422E-16),.UNSPECIFIED.);
#71=B_SPLINE_SURFACE_WITH_KNOTS('',3,3,((#3089,#3090,#3091,#3092,#3093,
#3094,#3095,#3096),(#3097,#3098,#3099,#3100,#3101,#3102,#3103,#3104),(#3105,
#3106,#3107,#3108,#3109,#3110,#3111,#3112),(#3113,#3114,#3115,#3116,#3117,
#3118,#3119,#3120)),.UNSPECIFIED.,.F.,.F.,.F.,(4,4),(4,2,2,4),(0.,1.),(0.,
0.276137750417498,0.673924340353063,0.99641903502839),.UNSPECIFIED.);
#72=B_SPLINE_SURFACE_WITH_KNOTS('',3,3,((#3143,#3144,#3145,#3146,#3147,
#3148,#3149,#3150),(#3151,#3152,#3153,#3154,#3155,#3156,#3157,#3158),(#3159,
#3160,#3161,#3162,#3163,#3164,#3165,#3166),(#3167,#3168,#3169,#3170,#3171,
#3172,#3173,#3174),(#3175,#3176,#3177,#3178,#3179,#3180,#3181,#3182),(#3183,
#3184,#3185,#3186,#3187,#3188,#3189,#3190),(#3191,#3192,#3193,#3194,#3195,
#3196,#3197,#3198),(#3199,#3200,#3201,#3202,#3203,#3204,#3205,#3206),(#3207,
#3208,#3209,#3210,#3211,#3212,#3213,#3214)),.UNSPECIFIED.,.F.,.F.,.F.,(4,
1,1,1,1,1,4),(4,2,2,4),(0.,0.142857142857143,0.285714285714286,0.428571428571429,
0.571428571428571,0.785714285714286,1.),(0.,0.276137750417498,0.673924340353063,
0.997974191063997),.UNSPECIFIED.);
#73=B_SPLINE_SURFACE_WITH_KNOTS('',3,3,((#3233,#3234,#3235,#3236,#3237,
#3238,#3239,#3240),(#3241,#3242,#3243,#3244,#3245,#3246,#3247,#3248),(#3249,
#3250,#3251,#3252,#3253,#3254,#3255,#3256),(#3257,#3258,#3259,#3260,#3261,
#3262,#3263,#3264)),.UNSPECIFIED.,.F.,.F.,.F.,(4,4),(4,2,2,4),(0.,1.),(0.,
0.276137750417498,0.673924340353063,0.99641903502839),.UNSPECIFIED.);
#74=B_SPLINE_SURFACE_WITH_KNOTS('',3,3,((#3279,#3280,#3281,#3282),(#3283,
#3284,#3285,#3286),(#3287,#3288,#3289,#3290),(#3291,#3292,#3293,#3294)),
 .UNSPECIFIED.,.F.,.F.,.F.,(4,4),(4,4),(0.,1.),(0.,0.00393101181423462),
 .UNSPECIFIED.);
#75=B_SPLINE_SURFACE_WITH_KNOTS('',3,3,((#3309,#3310,#3311,#3312,#3313,
#3314,#3315,#3316,#3317,#3318,#3319,#3320,#3321),(#3322,#3323,#3324,#3325,
#3326,#3327,#3328,#3329,#3330,#3331,#3332,#3333,#3334),(#3335,#3336,#3337,
#3338,#3339,#3340,#3341,#3342,#3343,#3344,#3345,#3346,#3347),(#3348,#3349,
#3350,#3351,#3352,#3353,#3354,#3355,#3356,#3357,#3358,#3359,#3360)),
 .UNSPECIFIED.,.F.,.F.,.F.,(4,4),(4,1,1,1,1,1,1,1,1,1,4),(0.,1.),(0.,0.00199557463577943,
0.0059867239073383,0.0119734478146766,0.0199557463577943,0.0239468956293532,
0.0249446829472429,0.0259424702651326,0.0269402575830223,0.0274391512419672,
0.0279380449009121),.UNSPECIFIED.);
#76=B_SPLINE_SURFACE_WITH_KNOTS('',3,3,((#3390,#3391,#3392,#3393),(#3394,
#3395,#3396,#3397),(#3398,#3399,#3400,#3401),(#3402,#3403,#3404,#3405)),
 .UNSPECIFIED.,.F.,.F.,.F.,(4,4),(4,4),(0.,1.),(0.,0.0027716602778759),
 .UNSPECIFIED.);
#77=B_SPLINE_SURFACE_WITH_KNOTS('',3,3,((#3417,#3418,#3419,#3420,#3421,
#3422,#3423,#3424,#3425,#3426),(#3427,#3428,#3429,#3430,#3431,#3432,#3433,
#3434,#3435,#3436),(#3437,#3438,#3439,#3440,#3441,#3442,#3443,#3444,#3445,
#3446),(#3447,#3448,#3449,#3450,#3451,#3452,#3453,#3454,#3455,#3456)),
 .UNSPECIFIED.,.F.,.F.,.F.,(4,4),(4,1,1,1,1,1,1,4),(0.,1.),(0.,0.00133084804694766,
0.00266169609389532,0.00798508828168597,0.0133084804694766,0.0159701765633719,
0.0173010246103196,0.0186318726572673),.UNSPECIFIED.);
#78=B_SPLINE_SURFACE_WITH_KNOTS('',3,3,((#3480,#3481,#3482,#3483),(#3484,
#3485,#3486,#3487),(#3488,#3489,#3490,#3491),(#3492,#3493,#3494,#3495)),
 .UNSPECIFIED.,.F.,.F.,.F.,(4,4),(4,4),(0.,1.),(0.,0.00261596038812836),
 .UNSPECIFIED.);
#79=B_SPLINE_SURFACE_WITH_KNOTS('',3,3,((#3507,#3508,#3509,#3510,#3511,
#3512,#3513,#3514,#3515,#3516,#3517,#3518,#3519,#3520,#3521),(#3522,#3523,
#3524,#3525,#3526,#3527,#3528,#3529,#3530,#3531,#3532,#3533,#3534,#3535,
#3536),(#3537,#3538,#3539,#3540,#3541,#3542,#3543,#3544,#3545,#3546,#3547,
#3548,#3549,#3550,#3551),(#3552,#3553,#3554,#3555,#3556,#3557,#3558,#3559,
#3560,#3561,#3562,#3563,#3564,#3565,#3566)),.UNSPECIFIED.,.F.,.F.,.F.,(4,
4),(4,1,1,1,1,1,1,1,1,1,1,1,4),(0.,1.),(2.53923882320209E-17,0.000243674262131072,
0.000487348524262119,0.000974697048524214,0.0019493940970484,0.00389878819409678,
0.00779757638819353,0.0116963645822903,0.0194939409704838,0.0233927291645805,
0.0253421232616289,0.0263168203101531,0.0272915173586773),.UNSPECIFIED.);
#80=B_SPLINE_SURFACE_WITH_KNOTS('',3,3,((#3597,#3598,#3599,#3600,#3601,
#3602,#3603,#3604),(#3605,#3606,#3607,#3608,#3609,#3610,#3611,#3612),(#3613,
#3614,#3615,#3616,#3617,#3618,#3619,#3620),(#3621,#3622,#3623,#3624,#3625,
#3626,#3627,#3628)),.UNSPECIFIED.,.F.,.F.,.F.,(4,4),(4,2,2,4),(0.,1.),(0.,
0.276137750417498,0.673924340353063,0.99641903502839),.UNSPECIFIED.);
#81=B_SPLINE_SURFACE_WITH_KNOTS('',3,3,((#3651,#3652,#3653,#3654,#3655,
#3656,#3657,#3658),(#3659,#3660,#3661,#3662,#3663,#3664,#3665,#3666),(#3667,
#3668,#3669,#3670,#3671,#3672,#3673,#3674),(#3675,#3676,#3677,#3678,#3679,
#3680,#3681,#3682),(#3683,#3684,#3685,#3686,#3687,#3688,#3689,#3690),(#3691,
#3692,#3693,#3694,#3695,#3696,#3697,#3698),(#3699,#3700,#3701,#3702,#3703,
#3704,#3705,#3706),(#3707,#3708,#3709,#3710,#3711,#3712,#3713,#3714),(#3715,
#3716,#3717,#3718,#3719,#3720,#3721,#3722),(#3723,#3724,#3725,#3726,#3727,
#3728,#3729,#3730)),.UNSPECIFIED.,.F.,.F.,.F.,(4,1,1,1,1,1,1,4),(4,2,2,
4),(0.,0.142857142857143,0.285714285714286,0.428571428571429,0.571428571428571,
0.785714285714286,0.857142857142857,1.),(0.,0.276137750417498,0.673924340353063,
0.999266211890776),.UNSPECIFIED.);
#82=B_SPLINE_SURFACE_WITH_KNOTS('',3,3,((#3750,#3751,#3752,#3753,#3754,
#3755,#3756,#3757),(#3758,#3759,#3760,#3761,#3762,#3763,#3764,#3765),(#3766,
#3767,#3768,#3769,#3770,#3771,#3772,#3773),(#3774,#3775,#3776,#3777,#3778,
#3779,#3780,#3781),(#3782,#3783,#3784,#3785,#3786,#3787,#3788,#3789),(#3790,
#3791,#3792,#3793,#3794,#3795,#3796,#3797),(#3798,#3799,#3800,#3801,#3802,
#3803,#3804,#3805),(#3806,#3807,#3808,#3809,#3810,#3811,#3812,#3813)),
 .UNSPECIFIED.,.F.,.F.,.F.,(4,1,1,1,1,4),(4,2,2,4),(0.,0.142857142857143,
0.285714285714286,0.571428571428571,0.785714285714286,1.),(0.,0.276137750417498,
0.673924340353063,0.9964822464914),.UNSPECIFIED.);
#83=B_SPLINE_SURFACE_WITH_KNOTS('',3,3,((#3832,#3833,#3834,#3835,#3836,
#3837,#3838,#3839),(#3840,#3841,#3842,#3843,#3844,#3845,#3846,#3847),(#3848,
#3849,#3850,#3851,#3852,#3853,#3854,#3855),(#3856,#3857,#3858,#3859,#3860,
#3861,#3862,#3863),(#3864,#3865,#3866,#3867,#3868,#3869,#3870,#3871),(#3872,
#3873,#3874,#3875,#3876,#3877,#3878,#3879),(#3880,#3881,#3882,#3883,#3884,
#3885,#3886,#3887),(#3888,#3889,#3890,#3891,#3892,#3893,#3894,#3895),(#3896,
#3897,#3898,#3899,#3900,#3901,#3902,#3903),(#3904,#3905,#3906,#3907,#3908,
#3909,#3910,#3911)),.UNSPECIFIED.,.F.,.F.,.F.,(4,1,1,1,1,1,1,4),(4,2,2,
4),(0.,0.142857142857143,0.285714285714286,0.428571428571429,0.571428571428571,
0.785714285714286,0.857142857142857,1.),(0.,0.276137750417498,0.673924340353063,
0.999266211890776),.UNSPECIFIED.);
#84=B_SPLINE_SURFACE_WITH_KNOTS('',3,3,((#3931,#3932,#3933,#3934,#3935,
#3936,#3937,#3938),(#3939,#3940,#3941,#3942,#3943,#3944,#3945,#3946),(#3947,
#3948,#3949,#3950,#3951,#3952,#3953,#3954),(#3955,#3956,#3957,#3958,#3959,
#3960,#3961,#3962),(#3963,#3964,#3965,#3966,#3967,#3968,#3969,#3970),(#3971,
#3972,#3973,#3974,#3975,#3976,#3977,#3978),(#3979,#3980,#3981,#3982,#3983,
#3984,#3985,#3986),(#3987,#3988,#3989,#3990,#3991,#3992,#3993,#3994)),
 .UNSPECIFIED.,.F.,.F.,.F.,(4,1,1,1,1,4),(4,2,2,4),(0.,0.142857142857143,
0.285714285714286,0.571428571428571,0.785714285714286,1.),(0.,0.276137750417498,
0.673924340353063,0.9964822464914),.UNSPECIFIED.);
#85=B_SPLINE_SURFACE_WITH_KNOTS('',3,3,((#4012,#4013,#4014,#4015,#4016,
#4017,#4018,#4019),(#4020,#4021,#4022,#4023,#4024,#4025,#4026,#4027),(#4028,
#4029,#4030,#4031,#4032,#4033,#4034,#4035),(#4036,#4037,#4038,#4039,#4040,
#4041,#4042,#4043),(#4044,#4045,#4046,#4047,#4048,#4049,#4050,#4051),(#4052,
#4053,#4054,#4055,#4056,#4057,#4058,#4059),(#4060,#4061,#4062,#4063,#4064,
#4065,#4066,#4067),(#4068,#4069,#4070,#4071,#4072,#4073,#4074,#4075),(#4076,
#4077,#4078,#4079,#4080,#4081,#4082,#4083),(#4084,#4085,#4086,#4087,#4088,
#4089,#4090,#4091)),.UNSPECIFIED.,.F.,.F.,.F.,(4,1,1,1,1,1,1,4),(4,2,2,
4),(0.,0.142857142857143,0.285714285714286,0.428571428571429,0.571428571428571,
0.785714285714286,0.857142857142857,1.),(0.,0.276137750417498,0.673924340353063,
0.99934915876733),.UNSPECIFIED.);
#86=B_SPLINE_SURFACE_WITH_KNOTS('',3,3,((#4102,#4103,#4104,#4105,#4106,
#4107,#4108,#4109),(#4110,#4111,#4112,#4113,#4114,#4115,#4116,#4117),(#4118,
#4119,#4120,#4121,#4122,#4123,#4124,#4125),(#4126,#4127,#4128,#4129,#4130,
#4131,#4132,#4133),(#4134,#4135,#4136,#4137,#4138,#4139,#4140,#4141),(#4142,
#4143,#4144,#4145,#4146,#4147,#4148,#4149),(#4150,#4151,#4152,#4153,#4154,
#4155,#4156,#4157),(#4158,#4159,#4160,#4161,#4162,#4163,#4164,#4165),(#4166,
#4167,#4168,#4169,#4170,#4171,#4172,#4173),(#4174,#4175,#4176,#4177,#4178,
#4179,#4180,#4181)),.UNSPECIFIED.,.F.,.F.,.F.,(4,1,1,1,1,1,1,4),(4,2,2,
4),(0.,0.142857142857143,0.285714285714286,0.428571428571429,0.571428571428571,
0.785714285714286,0.857142857142857,1.),(0.,0.276137750417498,0.673924340353063,
0.99934915876733),.UNSPECIFIED.);
#87=B_SPLINE_SURFACE_WITH_KNOTS('',3,3,((#4201,#4202,#4203,#4204,#4205,
#4206,#4207,#4208),(#4209,#4210,#4211,#4212,#4213,#4214,#4215,#4216),(#4217,
#4218,#4219,#4220,#4221,#4222,#4223,#4224),(#4225,#4226,#4227,#4228,#4229,
#4230,#4231,#4232)),.UNSPECIFIED.,.F.,.F.,.F.,(4,4),(4,2,2,4),(0.,1.),(0.,
0.276137750417498,0.673924340353063,0.99641903502839),.UNSPECIFIED.);
#88=B_SPLINE_SURFACE_WITH_KNOTS('',3,3,((#4246,#4247,#4248,#4249,#4250,
#4251,#4252,#4253),(#4254,#4255,#4256,#4257,#4258,#4259,#4260,#4261),(#4262,
#4263,#4264,#4265,#4266,#4267,#4268,#4269),(#4270,#4271,#4272,#4273,#4274,
#4275,#4276,#4277),(#4278,#4279,#4280,#4281,#4282,#4283,#4284,#4285),(#4286,
#4287,#4288,#4289,#4290,#4291,#4292,#4293),(#4294,#4295,#4296,#4297,#4298,
#4299,#4300,#4301),(#4302,#4303,#4304,#4305,#4306,#4307,#4308,#4309),(#4310,
#4311,#4312,#4313,#4314,#4315,#4316,#4317)),.UNSPECIFIED.,.F.,.F.,.F.,(4,
1,1,1,1,1,4),(4,2,2,4),(0.,0.142857142857143,0.285714285714286,0.428571428571429,
0.571428571428571,0.785714285714286,1.),(0.,0.276137750417498,0.673924340353063,
0.997974191063997),.UNSPECIFIED.);
#89=ORIENTED_CLOSED_SHELL('',*,#1985,.F.);
#90=BREP_WITH_VOIDS('Solid1',#1986,(#89));
#91=MANIFOLD_SOLID_BREP('Solid1',#1984);
#92=STYLED_ITEM('',(#4672),#1889);
#93=STYLED_ITEM('',(#4673),#1890);
#94=STYLED_ITEM('',(#4674),#1891);
#95=STYLED_ITEM('',(#4673),#1892);
#96=STYLED_ITEM('',(#4673),#1893);
#97=STYLED_ITEM('',(#4673),#1894);
#98=STYLED_ITEM('',(#4673),#1895);
#99=STYLED_ITEM('',(#4673),#1896);
#100=STYLED_ITEM('',(#4673),#1897);
#101=STYLED_ITEM('',(#4673),#1898);
#102=STYLED_ITEM('',(#4673),#1899);
#103=STYLED_ITEM('',(#4673),#1900);
#104=STYLED_ITEM('',(#4673),#1901);
#105=STYLED_ITEM('',(#4673),#1902);
#106=STYLED_ITEM('',(#4673),#1903);
#107=STYLED_ITEM('',(#4673),#1904);
#108=STYLED_ITEM('',(#4673),#1905);
#109=STYLED_ITEM('',(#4673),#1906);
#110=STYLED_ITEM('',(#4673),#1907);
#111=STYLED_ITEM('',(#4673),#1908);
#112=STYLED_ITEM('',(#4673),#1909);
#113=STYLED_ITEM('',(#4673),#1910);
#114=STYLED_ITEM('',(#4673),#1911);
#115=STYLED_ITEM('',(#4673),#1912);
#116=STYLED_ITEM('',(#4673),#1913);
#117=STYLED_ITEM('',(#4673),#1914);
#118=STYLED_ITEM('',(#4673),#1915);
#119=STYLED_ITEM('',(#4673),#1916);
#120=STYLED_ITEM('',(#4673),#1917);
#121=STYLED_ITEM('',(#4673),#1918);
#122=STYLED_ITEM('',(#4673),#1919);
#123=STYLED_ITEM('',(#4675),#1920);
#124=STYLED_ITEM('',(#4673),#1921);
#125=STYLED_ITEM('',(#4675),#1922);
#126=STYLED_ITEM('',(#4675),#1923);
#127=STYLED_ITEM('',(#4675),#1924);
#128=STYLED_ITEM('',(#4675),#1925);
#129=STYLED_ITEM('',(#4673),#1926);
#130=STYLED_ITEM('',(#4675),#1927);
#131=STYLED_ITEM('',(#4673),#1928);
#132=STYLED_ITEM('',(#4673),#1929);
#133=STYLED_ITEM('',(#4673),#1930);
#134=STYLED_ITEM('',(#4673),#1931);
#135=STYLED_ITEM('',(#4673),#1932);
#136=STYLED_ITEM('',(#4673),#1933);
#137=STYLED_ITEM('',(#4673),#1934);
#138=STYLED_ITEM('',(#4673),#1935);
#139=STYLED_ITEM('',(#4673),#1936);
#140=STYLED_ITEM('',(#4673),#1937);
#141=STYLED_ITEM('',(#4673),#1938);
#142=STYLED_ITEM('',(#4673),#1939);
#143=STYLED_ITEM('',(#4673),#1940);
#144=STYLED_ITEM('',(#4673),#1941);
#145=STYLED_ITEM('',(#4673),#1942);
#146=STYLED_ITEM('',(#4673),#1943);
#147=STYLED_ITEM('',(#4673),#1944);
#148=STYLED_ITEM('',(#4673),#1945);
#149=STYLED_ITEM('',(#4673),#1946);
#150=STYLED_ITEM('',(#4673),#1947);
#151=STYLED_ITEM('',(#4673),#1948);
#152=STYLED_ITEM('',(#4673),#1949);
#153=STYLED_ITEM('',(#4673),#1950);
#154=STYLED_ITEM('',(#4673),#1951);
#155=STYLED_ITEM('',(#4673),#1952);
#156=STYLED_ITEM('',(#4673),#1953);
#157=STYLED_ITEM('',(#4673),#1954);
#158=STYLED_ITEM('',(#4673),#1955);
#159=STYLED_ITEM('',(#4673),#1956);
#160=STYLED_ITEM('',(#4676),#1957);
#161=STYLED_ITEM('',(#4676),#1958);
#162=STYLED_ITEM('',(#4677),#1959);
#163=STYLED_ITEM('',(#4677),#1960);
#164=STYLED_ITEM('',(#4673),#1961);
#165=STYLED_ITEM('',(#4673),#1962);
#166=STYLED_ITEM('',(#4674),#1963);
#167=STYLED_ITEM('',(#4673),#1964);
#168=STYLED_ITEM('',(#4675),#1965);
#169=STYLED_ITEM('',(#4675),#1966);
#170=STYLED_ITEM('',(#4678),#1967);
#171=STYLED_ITEM('',(#4678),#1968);
#172=STYLED_ITEM('',(#4678),#1969);
#173=STYLED_ITEM('',(#4673),#1970);
#174=STYLED_ITEM('',(#4673),#1971);
#175=STYLED_ITEM('',(#4673),#1972);
#176=STYLED_ITEM('',(#4673),#1973);
#177=STYLED_ITEM('',(#4673),#1974);
#178=STYLED_ITEM('',(#4673),#1975);
#179=STYLED_ITEM('',(#4673),#1976);
#180=STYLED_ITEM('',(#4673),#1977);
#181=STYLED_ITEM('',(#4673),#1978);
#182=STYLED_ITEM('',(#4673),#1979);
#183=STYLED_ITEM('',(#4679),#1980);
#184=STYLED_ITEM('',(#4679),#1981);
#185=STYLED_ITEM('',(#4679),#1982);
#186=STYLED_ITEM('',(#4679),#1983);
#187=STYLED_ITEM('',(#4671),#91);
#188=STYLED_ITEM('',(#4671),#90);
#189=CYLINDRICAL_SURFACE('',#2026,4.1);
#190=CYLINDRICAL_SURFACE('',#2027,4.6);
#191=CYLINDRICAL_SURFACE('',#2038,1.3696790980697);
#192=CYLINDRICAL_SURFACE('',#2059,0.5);
#193=CYLINDRICAL_SURFACE('',#2067,0.3);
#194=CYLINDRICAL_SURFACE('',#2072,0.3);
#195=CYLINDRICAL_SURFACE('',#2078,0.5);
#196=CYLINDRICAL_SURFACE('',#2081,0.75);
#197=CYLINDRICAL_SURFACE('',#2088,0.75);
#198=CYLINDRICAL_SURFACE('',#2113,2.375);
#199=CYLINDRICAL_SURFACE('',#2117,2.5);
#200=CYLINDRICAL_SURFACE('',#2126,2.39405529079909);
#201=CYLINDRICAL_SURFACE('',#2151,0.2);
#202=CYLINDRICAL_SURFACE('',#2153,0.2);
#203=CYLINDRICAL_SURFACE('',#2156,0.5);
#204=CYLINDRICAL_SURFACE('',#2160,0.2);
#205=CYLINDRICAL_SURFACE('',#2162,0.2);
#206=CYLINDRICAL_SURFACE('',#2165,0.5);
#207=CYLINDRICAL_SURFACE('',#2176,3.1);
#208=CYLINDRICAL_SURFACE('',#2177,4.);
#209=FACE_BOUND('',#427,.T.);
#210=FACE_BOUND('',#435,.T.);
#211=FACE_BOUND('',#436,.T.);
#212=FACE_BOUND('',#472,.T.);
#213=FACE_BOUND('',#480,.T.);
#214=FACE_BOUND('',#486,.T.);
#215=FACE_BOUND('',#492,.T.);
#216=FACE_BOUND('',#515,.T.);
#217=FACE_BOUND('',#517,.T.);
#218=FACE_BOUND('',#519,.T.);
#219=FACE_BOUND('',#522,.T.);
#220=FACE_BOUND('',#528,.T.);
#221=FACE_BOUND('',#529,.T.);
#222=FACE_BOUND('',#530,.T.);
#223=FACE_BOUND('',#531,.T.);
#224=FACE_BOUND('',#546,.T.);
#225=CIRCLE('',#2018,4.6);
#226=CIRCLE('',#2019,4.1);
#227=CIRCLE('',#2021,4.1);
#228=CIRCLE('',#2024,4.1);
#229=CIRCLE('',#2025,4.1);
#230=CIRCLE('',#2028,4.6);
#231=CIRCLE('',#2029,4.6);
#232=CIRCLE('',#2030,4.6);
#233=CIRCLE('',#2037,1.3696790980697);
#234=CIRCLE('',#2039,1.3696790980697);
#235=CIRCLE('',#2041,0.00999999999999993);
#236=CIRCLE('',#2042,0.01);
#237=CIRCLE('',#2043,0.01);
#238=CIRCLE('',#2044,0.00999999999999971);
#239=CIRCLE('',#2045,0.00999999999999987);
#240=CIRCLE('',#2046,0.00999999999999998);
#241=CIRCLE('',#2048,0.01);
#242=CIRCLE('',#2049,0.00999999999999986);
#243=CIRCLE('',#2050,0.01);
#244=CIRCLE('',#2051,0.01);
#245=CIRCLE('',#2052,0.01);
#246=CIRCLE('',#2053,0.00999999999999973);
#247=CIRCLE('',#2056,0.5);
#248=CIRCLE('',#2057,0.2);
#249=CIRCLE('',#2058,0.7);
#250=CIRCLE('',#2060,0.5);
#251=CIRCLE('',#2062,0.75);
#252=CIRCLE('',#2064,0.3);
#253=CIRCLE('',#2065,0.2);
#254=CIRCLE('',#2066,0.5);
#255=CIRCLE('',#2068,0.3);
#256=CIRCLE('',#2070,0.3);
#257=CIRCLE('',#2071,0.2);
#258=CIRCLE('',#2073,0.3);
#259=CIRCLE('',#2075,0.5);
#260=CIRCLE('',#2076,0.2);
#261=CIRCLE('',#2077,0.7);
#262=CIRCLE('',#2080,0.75);
#263=CIRCLE('',#2082,0.75);
#264=CIRCLE('',#2087,4.);
#265=CIRCLE('',#2089,0.75);
#266=CIRCLE('',#2094,4.);
#267=CIRCLE('',#2114,2.375);
#268=CIRCLE('',#2115,2.375);
#269=CIRCLE('',#2118,2.5);
#270=CIRCLE('',#2119,2.5);
#271=CIRCLE('',#2122,3.1);
#272=CIRCLE('',#2123,2.39405529079909);
#273=CIRCLE('',#2125,4.);
#274=CIRCLE('',#2127,2.39405529079909);
#275=CIRCLE('',#2129,3.1);
#276=CIRCLE('',#2130,0.5);
#277=CIRCLE('',#2131,3.1);
#278=CIRCLE('',#2132,0.5);
#279=CIRCLE('',#2136,0.2);
#280=CIRCLE('',#2137,4.);
#281=CIRCLE('',#2138,0.2);
#282=CIRCLE('',#2139,0.5);
#283=CIRCLE('',#2141,0.2);
#284=CIRCLE('',#2142,0.5);
#285=CIRCLE('',#2143,0.2);
#286=CIRCLE('',#2144,4.);
#287=CIRCLE('',#2145,4.);
#288=CIRCLE('',#2147,4.);
#289=CIRCLE('',#2148,4.);
#290=CIRCLE('',#2149,4.);
#291=CIRCLE('',#2152,0.2);
#292=CIRCLE('',#2154,0.2);
#293=CIRCLE('',#2157,0.5);
#294=CIRCLE('',#2158,0.5);
#295=CIRCLE('',#2161,0.2);
#296=CIRCLE('',#2163,0.2);
#297=CIRCLE('',#2166,0.5);
#298=CIRCLE('',#2167,0.5);
#299=CIRCLE('',#2169,4.);
#300=CIRCLE('',#2170,3.1);
#301=CIRCLE('',#2172,3.1);
#302=CIRCLE('',#2173,3.1);
#303=CIRCLE('',#2174,4.);
#304=CIRCLE('',#2175,4.);
#305=FACE_OUTER_BOUND('',#418,.T.);
#306=FACE_OUTER_BOUND('',#419,.T.);
#307=FACE_OUTER_BOUND('',#420,.T.);
#308=FACE_OUTER_BOUND('',#421,.T.);
#309=FACE_OUTER_BOUND('',#422,.T.);
#310=FACE_OUTER_BOUND('',#423,.T.);
#311=FACE_OUTER_BOUND('',#424,.T.);
#312=FACE_OUTER_BOUND('',#425,.T.);
#313=FACE_OUTER_BOUND('',#426,.T.);
#314=FACE_OUTER_BOUND('',#428,.T.);
#315=FACE_OUTER_BOUND('',#429,.T.);
#316=FACE_OUTER_BOUND('',#430,.T.);
#317=FACE_OUTER_BOUND('',#431,.T.);
#318=FACE_OUTER_BOUND('',#432,.T.);
#319=FACE_OUTER_BOUND('',#433,.T.);
#320=FACE_OUTER_BOUND('',#434,.T.);
#321=FACE_OUTER_BOUND('',#437,.T.);
#322=FACE_OUTER_BOUND('',#438,.T.);
#323=FACE_OUTER_BOUND('',#439,.T.);
#324=FACE_OUTER_BOUND('',#440,.T.);
#325=FACE_OUTER_BOUND('',#441,.T.);
#326=FACE_OUTER_BOUND('',#442,.T.);
#327=FACE_OUTER_BOUND('',#443,.T.);
#328=FACE_OUTER_BOUND('',#444,.T.);
#329=FACE_OUTER_BOUND('',#445,.T.);
#330=FACE_OUTER_BOUND('',#446,.T.);
#331=FACE_OUTER_BOUND('',#447,.T.);
#332=FACE_OUTER_BOUND('',#448,.T.);
#333=FACE_OUTER_BOUND('',#449,.T.);
#334=FACE_OUTER_BOUND('',#450,.T.);
#335=FACE_OUTER_BOUND('',#451,.T.);
#336=FACE_OUTER_BOUND('',#452,.T.);
#337=FACE_OUTER_BOUND('',#453,.T.);
#338=FACE_OUTER_BOUND('',#454,.T.);
#339=FACE_OUTER_BOUND('',#455,.T.);
#340=FACE_OUTER_BOUND('',#456,.T.);
#341=FACE_OUTER_BOUND('',#457,.T.);
#342=FACE_OUTER_BOUND('',#458,.T.);
#343=FACE_OUTER_BOUND('',#459,.T.);
#344=FACE_OUTER_BOUND('',#460,.T.);
#345=FACE_OUTER_BOUND('',#461,.T.);
#346=FACE_OUTER_BOUND('',#462,.T.);
#347=FACE_OUTER_BOUND('',#463,.T.);
#348=FACE_OUTER_BOUND('',#464,.T.);
#349=FACE_OUTER_BOUND('',#465,.T.);
#350=FACE_OUTER_BOUND('',#466,.T.);
#351=FACE_OUTER_BOUND('',#467,.T.);
#352=FACE_OUTER_BOUND('',#468,.T.);
#353=FACE_OUTER_BOUND('',#469,.T.);
#354=FACE_OUTER_BOUND('',#470,.T.);
#355=FACE_OUTER_BOUND('',#471,.T.);
#356=FACE_OUTER_BOUND('',#473,.T.);
#357=FACE_OUTER_BOUND('',#474,.T.);
#358=FACE_OUTER_BOUND('',#475,.T.);
#359=FACE_OUTER_BOUND('',#476,.T.);
#360=FACE_OUTER_BOUND('',#477,.T.);
#361=FACE_OUTER_BOUND('',#478,.T.);
#362=FACE_OUTER_BOUND('',#479,.T.);
#363=FACE_OUTER_BOUND('',#481,.T.);
#364=FACE_OUTER_BOUND('',#482,.T.);
#365=FACE_OUTER_BOUND('',#483,.T.);
#366=FACE_OUTER_BOUND('',#484,.T.);
#367=FACE_OUTER_BOUND('',#485,.T.);
#368=FACE_OUTER_BOUND('',#487,.T.);
#369=FACE_OUTER_BOUND('',#488,.T.);
#370=FACE_OUTER_BOUND('',#489,.T.);
#371=FACE_OUTER_BOUND('',#490,.T.);
#372=FACE_OUTER_BOUND('',#491,.T.);
#373=FACE_OUTER_BOUND('',#493,.T.);
#374=FACE_OUTER_BOUND('',#494,.T.);
#375=FACE_OUTER_BOUND('',#495,.T.);
#376=FACE_OUTER_BOUND('',#496,.T.);
#377=FACE_OUTER_BOUND('',#497,.T.);
#378=FACE_OUTER_BOUND('',#498,.T.);
#379=FACE_OUTER_BOUND('',#499,.T.);
#380=FACE_OUTER_BOUND('',#500,.T.);
#381=FACE_OUTER_BOUND('',#501,.T.);
#382=FACE_OUTER_BOUND('',#502,.T.);
#383=FACE_OUTER_BOUND('',#503,.T.);
#384=FACE_OUTER_BOUND('',#504,.T.);
#385=FACE_OUTER_BOUND('',#505,.T.);
#386=FACE_OUTER_BOUND('',#506,.T.);
#387=FACE_OUTER_BOUND('',#507,.T.);
#388=FACE_OUTER_BOUND('',#508,.T.);
#389=FACE_OUTER_BOUND('',#509,.T.);
#390=FACE_OUTER_BOUND('',#510,.T.);
#391=FACE_OUTER_BOUND('',#511,.T.);
#392=FACE_OUTER_BOUND('',#512,.T.);
#393=FACE_OUTER_BOUND('',#513,.T.);
#394=FACE_OUTER_BOUND('',#514,.T.);
#395=FACE_OUTER_BOUND('',#516,.T.);
#396=FACE_OUTER_BOUND('',#518,.T.);
#397=FACE_OUTER_BOUND('',#520,.T.);
#398=FACE_OUTER_BOUND('',#521,.T.);
#399=FACE_OUTER_BOUND('',#523,.T.);
#400=FACE_OUTER_BOUND('',#524,.T.);
#401=FACE_OUTER_BOUND('',#525,.T.);
#402=FACE_OUTER_BOUND('',#526,.T.);
#403=FACE_OUTER_BOUND('',#527,.T.);
#404=FACE_OUTER_BOUND('',#532,.T.);
#405=FACE_OUTER_BOUND('',#533,.T.);
#406=FACE_OUTER_BOUND('',#534,.T.);
#407=FACE_OUTER_BOUND('',#535,.T.);
#408=FACE_OUTER_BOUND('',#536,.T.);
#409=FACE_OUTER_BOUND('',#537,.T.);
#410=FACE_OUTER_BOUND('',#538,.T.);
#411=FACE_OUTER_BOUND('',#539,.T.);
#412=FACE_OUTER_BOUND('',#540,.T.);
#413=FACE_OUTER_BOUND('',#541,.T.);
#414=FACE_OUTER_BOUND('',#542,.T.);
#415=FACE_OUTER_BOUND('',#543,.T.);
#416=FACE_OUTER_BOUND('',#544,.T.);
#417=FACE_OUTER_BOUND('',#545,.T.);
#418=EDGE_LOOP('',(#1268,#1269,#1270,#1271));
#419=EDGE_LOOP('',(#1272,#1273,#1274,#1275));
#420=EDGE_LOOP('',(#1276,#1277,#1278,#1279));
#421=EDGE_LOOP('',(#1280,#1281,#1282,#1283));
#422=EDGE_LOOP('',(#1284,#1285,#1286,#1287));
#423=EDGE_LOOP('',(#1288,#1289,#1290,#1291));
#424=EDGE_LOOP('',(#1292,#1293,#1294,#1295));
#425=EDGE_LOOP('',(#1296,#1297,#1298,#1299));
#426=EDGE_LOOP('',(#1300));
#427=EDGE_LOOP('',(#1301));
#428=EDGE_LOOP('',(#1302,#1303,#1304,#1305));
#429=EDGE_LOOP('',(#1306,#1307,#1308,#1309));
#430=EDGE_LOOP('',(#1310,#1311,#1312));
#431=EDGE_LOOP('',(#1313,#1314,#1315,#1316,#1317,#1318,#1319,#1320,#1321,
#1322,#1323,#1324,#1325,#1326));
#432=EDGE_LOOP('',(#1327,#1328,#1329,#1330,#1331,#1332,#1333,#1334));
#433=EDGE_LOOP('',(#1335,#1336,#1337,#1338));
#434=EDGE_LOOP('',(#1339,#1340,#1341,#1342));
#435=EDGE_LOOP('',(#1343,#1344,#1345,#1346));
#436=EDGE_LOOP('',(#1347,#1348,#1349,#1350));
#437=EDGE_LOOP('',(#1351,#1352,#1353,#1354));
#438=EDGE_LOOP('',(#1355,#1356,#1357,#1358));
#439=EDGE_LOOP('',(#1359,#1360,#1361,#1362,#1363));
#440=EDGE_LOOP('',(#1364));
#441=EDGE_LOOP('',(#1365,#1366,#1367,#1368));
#442=EDGE_LOOP('',(#1369));
#443=EDGE_LOOP('',(#1370,#1371,#1372,#1373));
#444=EDGE_LOOP('',(#1374,#1375,#1376,#1377));
#445=EDGE_LOOP('',(#1378,#1379,#1380,#1381));
#446=EDGE_LOOP('',(#1382,#1383,#1384,#1385));
#447=EDGE_LOOP('',(#1386,#1387,#1388,#1389));
#448=EDGE_LOOP('',(#1390,#1391,#1392,#1393));
#449=EDGE_LOOP('',(#1394,#1395,#1396,#1397));
#450=EDGE_LOOP('',(#1398,#1399,#1400,#1401));
#451=EDGE_LOOP('',(#1402,#1403,#1404,#1405));
#452=EDGE_LOOP('',(#1406,#1407,#1408,#1409,#1410,#1411));
#453=EDGE_LOOP('',(#1412,#1413,#1414,#1415));
#454=EDGE_LOOP('',(#1416,#1417,#1418,#1419));
#455=EDGE_LOOP('',(#1420,#1421,#1422,#1423));
#456=EDGE_LOOP('',(#1424,#1425,#1426,#1427));
#457=EDGE_LOOP('',(#1428,#1429,#1430,#1431));
#458=EDGE_LOOP('',(#1432,#1433,#1434,#1435));
#459=EDGE_LOOP('',(#1436,#1437,#1438,#1439));
#460=EDGE_LOOP('',(#1440,#1441,#1442,#1443));
#461=EDGE_LOOP('',(#1444,#1445,#1446,#1447));
#462=EDGE_LOOP('',(#1448,#1449,#1450,#1451,#1452,#1453));
#463=EDGE_LOOP('',(#1454,#1455,#1456,#1457));
#464=EDGE_LOOP('',(#1458,#1459,#1460,#1461));
#465=EDGE_LOOP('',(#1462,#1463,#1464,#1465));
#466=EDGE_LOOP('',(#1466,#1467,#1468,#1469));
#467=EDGE_LOOP('',(#1470,#1471,#1472,#1473));
#468=EDGE_LOOP('',(#1474,#1475,#1476,#1477));
#469=EDGE_LOOP('',(#1478,#1479,#1480,#1481));
#470=EDGE_LOOP('',(#1482,#1483,#1484,#1485));
#471=EDGE_LOOP('',(#1486));
#472=EDGE_LOOP('',(#1487));
#473=EDGE_LOOP('',(#1488,#1489,#1490,#1491));
#474=EDGE_LOOP('',(#1492,#1493,#1494,#1495));
#475=EDGE_LOOP('',(#1496,#1497,#1498,#1499));
#476=EDGE_LOOP('',(#1500,#1501,#1502,#1503));
#477=EDGE_LOOP('',(#1504,#1505,#1506,#1507));
#478=EDGE_LOOP('',(#1508,#1509,#1510,#1511));
#479=EDGE_LOOP('',(#1512));
#480=EDGE_LOOP('',(#1513));
#481=EDGE_LOOP('',(#1514,#1515,#1516,#1517));
#482=EDGE_LOOP('',(#1518,#1519,#1520,#1521));
#483=EDGE_LOOP('',(#1522,#1523,#1524,#1525));
#484=EDGE_LOOP('',(#1526,#1527,#1528,#1529));
#485=EDGE_LOOP('',(#1530,#1531,#1532,#1533));
#486=EDGE_LOOP('',(#1534));
#487=EDGE_LOOP('',(#1535,#1536,#1537,#1538));
#488=EDGE_LOOP('',(#1539,#1540,#1541,#1542));
#489=EDGE_LOOP('',(#1543,#1544,#1545,#1546));
#490=EDGE_LOOP('',(#1547,#1548,#1549,#1550));
#491=EDGE_LOOP('',(#1551,#1552,#1553,#1554));
#492=EDGE_LOOP('',(#1555));
#493=EDGE_LOOP('',(#1556,#1557,#1558,#1559));
#494=EDGE_LOOP('',(#1560,#1561,#1562,#1563));
#495=EDGE_LOOP('',(#1564,#1565,#1566,#1567));
#496=EDGE_LOOP('',(#1568,#1569,#1570,#1571));
#497=EDGE_LOOP('',(#1572,#1573,#1574,#1575));
#498=EDGE_LOOP('',(#1576,#1577,#1578,#1579));
#499=EDGE_LOOP('',(#1580,#1581,#1582,#1583));
#500=EDGE_LOOP('',(#1584,#1585,#1586,#1587));
#501=EDGE_LOOP('',(#1588,#1589,#1590,#1591));
#502=EDGE_LOOP('',(#1592,#1593,#1594,#1595));
#503=EDGE_LOOP('',(#1596,#1597,#1598,#1599));
#504=EDGE_LOOP('',(#1600,#1601,#1602,#1603));
#505=EDGE_LOOP('',(#1604,#1605,#1606,#1607,#1608,#1609,#1610,#1611,#1612,
#1613,#1614,#1615));
#506=EDGE_LOOP('',(#1616,#1617,#1618,#1619));
#507=EDGE_LOOP('',(#1620,#1621,#1622,#1623));
#508=EDGE_LOOP('',(#1624,#1625,#1626,#1627));
#509=EDGE_LOOP('',(#1628,#1629,#1630,#1631));
#510=EDGE_LOOP('',(#1632,#1633,#1634,#1635));
#511=EDGE_LOOP('',(#1636,#1637,#1638,#1639));
#512=EDGE_LOOP('',(#1640));
#513=EDGE_LOOP('',(#1641,#1642,#1643,#1644));
#514=EDGE_LOOP('',(#1645));
#515=EDGE_LOOP('',(#1646));
#516=EDGE_LOOP('',(#1647));
#517=EDGE_LOOP('',(#1648));
#518=EDGE_LOOP('',(#1649));
#519=EDGE_LOOP('',(#1650));
#520=EDGE_LOOP('',(#1651,#1652,#1653,#1654));
#521=EDGE_LOOP('',(#1655,#1656,#1657,#1658));
#522=EDGE_LOOP('',(#1659));
#523=EDGE_LOOP('',(#1660));
#524=EDGE_LOOP('',(#1661));
#525=EDGE_LOOP('',(#1662,#1663,#1664,#1665,#1666,#1667));
#526=EDGE_LOOP('',(#1668,#1669,#1670,#1671,#1672,#1673,#1674));
#527=EDGE_LOOP('',(#1675,#1676,#1677,#1678,#1679,#1680,#1681,#1682,#1683));
#528=EDGE_LOOP('',(#1684,#1685,#1686,#1687,#1688,#1689));
#529=EDGE_LOOP('',(#1690,#1691,#1692,#1693,#1694,#1695));
#530=EDGE_LOOP('',(#1696,#1697,#1698,#1699,#1700,#1701,#1702,#1703,#1704,
#1705,#1706,#1707));
#531=EDGE_LOOP('',(#1708,#1709,#1710,#1711));
#532=EDGE_LOOP('',(#1712,#1713,#1714,#1715));
#533=EDGE_LOOP('',(#1716,#1717,#1718,#1719));
#534=EDGE_LOOP('',(#1720,#1721,#1722,#1723));
#535=EDGE_LOOP('',(#1724,#1725,#1726,#1727));
#536=EDGE_LOOP('',(#1728,#1729,#1730,#1731,#1732,#1733));
#537=EDGE_LOOP('',(#1734,#1735,#1736,#1737));
#538=EDGE_LOOP('',(#1738,#1739,#1740,#1741));
#539=EDGE_LOOP('',(#1742,#1743,#1744,#1745));
#540=EDGE_LOOP('',(#1746,#1747,#1748,#1749));
#541=EDGE_LOOP('',(#1750,#1751,#1752,#1753,#1754,#1755));
#542=EDGE_LOOP('',(#1756,#1757,#1758,#1759,#1760,#1761,#1762,#1763));
#543=EDGE_LOOP('',(#1764,#1765,#1766,#1767,#1768,#1769,#1770,#1771,#1772,
#1773));
#544=EDGE_LOOP('',(#1774,#1775,#1776,#1777,#1778,#1779,#1780,#1781));
#545=EDGE_LOOP('',(#1782,#1783,#1784,#1785,#1786,#1787,#1788,#1789,#1790,
#1791,#1792,#1793,#1794,#1795,#1796,#1797,#1798,#1799,#1800,#1801));
#546=EDGE_LOOP('',(#1802,#1803,#1804,#1805));
#547=LINE('',#2663,#688);
#548=LINE('',#2665,#689);
#549=LINE('',#2667,#690);
#550=LINE('',#2668,#691);
#551=LINE('',#2672,#692);
#552=LINE('',#2674,#693);
#553=LINE('',#2676,#694);
#554=LINE('',#2677,#695);
#555=LINE('',#2679,#696);
#556=LINE('',#2680,#697);
#557=LINE('',#2682,#698);
#558=LINE('',#2683,#699);
#559=LINE('',#2686,#700);
#560=LINE('',#2688,#701);
#561=LINE('',#2689,#702);
#562=LINE('',#2692,#703);
#563=LINE('',#2694,#704);
#564=LINE('',#2695,#705);
#565=LINE('',#2698,#706);
#566=LINE('',#2700,#707);
#567=LINE('',#2701,#708);
#568=LINE('',#2704,#709);
#569=LINE('',#2706,#710);
#570=LINE('',#2707,#711);
#571=LINE('',#2717,#712);
#572=LINE('',#2718,#713);
#573=LINE('',#2720,#714);
#574=LINE('',#2721,#715);
#575=LINE('',#2727,#716);
#576=LINE('',#2732,#717);
#577=LINE('',#2736,#718);
#578=LINE('',#2739,#719);
#579=LINE('',#2742,#720);
#580=LINE('',#2744,#721);
#581=LINE('',#2745,#722);
#582=LINE('',#2748,#723);
#583=LINE('',#2750,#724);
#584=LINE('',#2751,#725);
#585=LINE('',#2753,#726);
#586=LINE('',#2754,#727);
#587=LINE('',#2762,#728);
#588=LINE('',#4336,#729);
#589=LINE('',#4349,#730);
#590=LINE('',#4357,#731);
#591=LINE('',#4365,#732);
#592=LINE('',#4371,#733);
#593=LINE('',#4376,#734);
#594=LINE('',#4378,#735);
#595=LINE('',#4380,#736);
#596=LINE('',#4381,#737);
#597=LINE('',#4384,#738);
#598=LINE('',#4386,#739);
#599=LINE('',#4387,#740);
#600=LINE('',#4390,#741);
#601=LINE('',#4392,#742);
#602=LINE('',#4393,#743);
#603=LINE('',#4398,#744);
#604=LINE('',#4403,#745);
#605=LINE('',#4405,#746);
#606=LINE('',#4407,#747);
#607=LINE('',#4408,#748);
#608=LINE('',#4411,#749);
#609=LINE('',#4413,#750);
#610=LINE('',#4414,#751);
#611=LINE('',#4417,#752);
#612=LINE('',#4419,#753);
#613=LINE('',#4420,#754);
#614=LINE('',#4426,#755);
#615=LINE('',#4428,#756);
#616=LINE('',#4430,#757);
#617=LINE('',#4431,#758);
#618=LINE('',#4434,#759);
#619=LINE('',#4436,#760);
#620=LINE('',#4437,#761);
#621=LINE('',#4440,#762);
#622=LINE('',#4442,#763);
#623=LINE('',#4443,#764);
#624=LINE('',#4446,#765);
#625=LINE('',#4448,#766);
#626=LINE('',#4449,#767);
#627=LINE('',#4452,#768);
#628=LINE('',#4454,#769);
#629=LINE('',#4455,#770);
#630=LINE('',#4458,#771);
#631=LINE('',#4460,#772);
#632=LINE('',#4461,#773);
#633=LINE('',#4464,#774);
#634=LINE('',#4466,#775);
#635=LINE('',#4467,#776);
#636=LINE('',#4470,#777);
#637=LINE('',#4472,#778);
#638=LINE('',#4473,#779);
#639=LINE('',#4476,#780);
#640=LINE('',#4478,#781);
#641=LINE('',#4479,#782);
#642=LINE('',#4482,#783);
#643=LINE('',#4484,#784);
#644=LINE('',#4485,#785);
#645=LINE('',#4488,#786);
#646=LINE('',#4490,#787);
#647=LINE('',#4491,#788);
#648=LINE('',#4493,#789);
#649=LINE('',#4494,#790);
#650=LINE('',#4499,#791);
#651=LINE('',#4501,#792);
#652=LINE('',#4503,#793);
#653=LINE('',#4504,#794);
#654=LINE('',#4507,#795);
#655=LINE('',#4509,#796);
#656=LINE('',#4510,#797);
#657=LINE('',#4513,#798);
#658=LINE('',#4515,#799);
#659=LINE('',#4516,#800);
#660=LINE('',#4518,#801);
#661=LINE('',#4519,#802);
#662=LINE('',#4525,#803);
#663=LINE('',#4532,#804);
#664=LINE('',#4545,#805);
#665=LINE('',#4567,#806);
#666=LINE('',#4570,#807);
#667=LINE('',#4576,#808);
#668=LINE('',#4580,#809);
#669=LINE('',#4593,#810);
#670=LINE('',#4595,#811);
#671=LINE('',#4596,#812);
#672=LINE('',#4599,#813);
#673=LINE('',#4603,#814);
#674=LINE('',#4606,#815);
#675=LINE('',#4609,#816);
#676=LINE('',#4610,#817);
#677=LINE('',#4613,#818);
#678=LINE('',#4618,#819);
#679=LINE('',#4619,#820);
#680=LINE('',#4622,#821);
#681=LINE('',#4626,#822);
#682=LINE('',#4629,#823);
#683=LINE('',#4632,#824);
#684=LINE('',#4633,#825);
#685=LINE('',#4648,#826);
#686=LINE('',#4650,#827);
#687=LINE('',#4651,#828);
#688=VECTOR('',#2182,10.);
#689=VECTOR('',#2183,10.);
#690=VECTOR('',#2184,10.);
#691=VECTOR('',#2185,10.);
#692=VECTOR('',#2188,10.);
#693=VECTOR('',#2189,10.);
#694=VECTOR('',#2190,10.);
#695=VECTOR('',#2191,10.);
#696=VECTOR('',#2194,10.);
#697=VECTOR('',#2195,10.);
#698=VECTOR('',#2198,10.);
#699=VECTOR('',#2199,10.);
#700=VECTOR('',#2202,10.);
#701=VECTOR('',#2203,10.);
#702=VECTOR('',#2204,10.);
#703=VECTOR('',#2207,10.);
#704=VECTOR('',#2208,10.);
#705=VECTOR('',#2209,10.);
#706=VECTOR('',#2212,10.);
#707=VECTOR('',#2213,10.);
#708=VECTOR('',#2214,10.);
#709=VECTOR('',#2217,10.);
#710=VECTOR('',#2218,10.);
#711=VECTOR('',#2219,10.);
#712=VECTOR('',#2230,10.);
#713=VECTOR('',#2231,10.);
#714=VECTOR('',#2234,10.);
#715=VECTOR('',#2235,10.);
#716=VECTOR('',#2244,4.6);
#717=VECTOR('',#2249,4.6);
#718=VECTOR('',#2252,10.);
#719=VECTOR('',#2255,10.);
#720=VECTOR('',#2258,10.);
#721=VECTOR('',#2259,10.);
#722=VECTOR('',#2260,10.);
#723=VECTOR('',#2263,10.);
#724=VECTOR('',#2264,10.);
#725=VECTOR('',#2265,10.);
#726=VECTOR('',#2268,10.);
#727=VECTOR('',#2269,10.);
#728=VECTOR('',#2280,1.3696790980697);
#729=VECTOR('',#2325,0.5);
#730=VECTOR('',#2342,0.3);
#731=VECTOR('',#2353,0.3);
#732=VECTOR('',#2364,0.5);
#733=VECTOR('',#2371,0.75);
#734=VECTOR('',#2376,10.);
#735=VECTOR('',#2377,10.);
#736=VECTOR('',#2378,10.);
#737=VECTOR('',#2379,10.);
#738=VECTOR('',#2382,10.);
#739=VECTOR('',#2383,10.);
#740=VECTOR('',#2384,10.);
#741=VECTOR('',#2387,10.);
#742=VECTOR('',#2388,10.);
#743=VECTOR('',#2389,10.);
#744=VECTOR('',#2396,0.75);
#745=VECTOR('',#2401,10.);
#746=VECTOR('',#2402,10.);
#747=VECTOR('',#2403,10.);
#748=VECTOR('',#2404,10.);
#749=VECTOR('',#2407,10.);
#750=VECTOR('',#2408,10.);
#751=VECTOR('',#2409,10.);
#752=VECTOR('',#2412,10.);
#753=VECTOR('',#2413,10.);
#754=VECTOR('',#2414,10.);
#755=VECTOR('',#2421,10.);
#756=VECTOR('',#2422,10.);
#757=VECTOR('',#2423,10.);
#758=VECTOR('',#2424,10.);
#759=VECTOR('',#2427,10.);
#760=VECTOR('',#2428,10.);
#761=VECTOR('',#2429,10.);
#762=VECTOR('',#2432,10.);
#763=VECTOR('',#2433,10.);
#764=VECTOR('',#2434,10.);
#765=VECTOR('',#2437,10.);
#766=VECTOR('',#2438,10.);
#767=VECTOR('',#2439,10.);
#768=VECTOR('',#2442,10.);
#769=VECTOR('',#2443,10.);
#770=VECTOR('',#2444,10.);
#771=VECTOR('',#2447,10.);
#772=VECTOR('',#2448,10.);
#773=VECTOR('',#2449,10.);
#774=VECTOR('',#2452,10.);
#775=VECTOR('',#2453,10.);
#776=VECTOR('',#2454,10.);
#777=VECTOR('',#2457,10.);
#778=VECTOR('',#2458,10.);
#779=VECTOR('',#2459,10.);
#780=VECTOR('',#2462,10.);
#781=VECTOR('',#2463,10.);
#782=VECTOR('',#2464,10.);
#783=VECTOR('',#2467,10.);
#784=VECTOR('',#2468,10.);
#785=VECTOR('',#2469,10.);
#786=VECTOR('',#2472,10.);
#787=VECTOR('',#2473,10.);
#788=VECTOR('',#2474,10.);
#789=VECTOR('',#2477,10.);
#790=VECTOR('',#2478,10.);
#791=VECTOR('',#2483,10.);
#792=VECTOR('',#2484,10.);
#793=VECTOR('',#2485,10.);
#794=VECTOR('',#2486,10.);
#795=VECTOR('',#2489,10.);
#796=VECTOR('',#2490,10.);
#797=VECTOR('',#2491,10.);
#798=VECTOR('',#2494,10.);
#799=VECTOR('',#2495,10.);
#800=VECTOR('',#2496,10.);
#801=VECTOR('',#2499,10.);
#802=VECTOR('',#2500,10.);
#803=VECTOR('',#2507,2.375);
#804=VECTOR('',#2516,2.5);
#805=VECTOR('',#2533,2.39405529079909);
#806=VECTOR('',#2558,10.);
#807=VECTOR('',#2561,10.);
#808=VECTOR('',#2566,10.);
#809=VECTOR('',#2569,10.);
#810=VECTOR('',#2586,10.);
#811=VECTOR('',#2587,10.);
#812=VECTOR('',#2588,10.);
#813=VECTOR('',#2591,10.);
#814=VECTOR('',#2596,10.);
#815=VECTOR('',#2599,10.);
#816=VECTOR('',#2602,10.);
#817=VECTOR('',#2603,10.);
#818=VECTOR('',#2606,10.);
#819=VECTOR('',#2613,10.);
#820=VECTOR('',#2614,10.);
#821=VECTOR('',#2617,10.);
#822=VECTOR('',#2622,10.);
#823=VECTOR('',#2625,10.);
#824=VECTOR('',#2628,10.);
#825=VECTOR('',#2629,10.);
#826=VECTOR('',#2654,3.1);
#827=VECTOR('',#2657,4.);
#828=VECTOR('',#2658,4.);
#829=VERTEX_POINT('',#2661);
#830=VERTEX_POINT('',#2662);
#831=VERTEX_POINT('',#2664);
#832=VERTEX_POINT('',#2666);
#833=VERTEX_POINT('',#2670);
#834=VERTEX_POINT('',#2671);
#835=VERTEX_POINT('',#2673);
#836=VERTEX_POINT('',#2675);
#837=VERTEX_POINT('',#2685);
#838=VERTEX_POINT('',#2687);
#839=VERTEX_POINT('',#2691);
#840=VERTEX_POINT('',#2693);
#841=VERTEX_POINT('',#2697);
#842=VERTEX_POINT('',#2699);
#843=VERTEX_POINT('',#2703);
#844=VERTEX_POINT('',#2705);
#845=VERTEX_POINT('',#2709);
#846=VERTEX_POINT('',#2711);
#847=VERTEX_POINT('',#2714);
#848=VERTEX_POINT('',#2716);
#849=VERTEX_POINT('',#2723);
#850=VERTEX_POINT('',#2729);
#851=VERTEX_POINT('',#2730);
#852=VERTEX_POINT('',#2733);
#853=VERTEX_POINT('',#2735);
#854=VERTEX_POINT('',#2737);
#855=VERTEX_POINT('',#2741);
#856=VERTEX_POINT('',#2743);
#857=VERTEX_POINT('',#2747);
#858=VERTEX_POINT('',#2749);
#859=VERTEX_POINT('',#2758);
#860=VERTEX_POINT('',#2761);
#861=VERTEX_POINT('',#2781);
#862=VERTEX_POINT('',#2782);
#863=VERTEX_POINT('',#2784);
#864=VERTEX_POINT('',#2789);
#865=VERTEX_POINT('',#2835);
#866=VERTEX_POINT('',#2836);
#867=VERTEX_POINT('',#2874);
#868=VERTEX_POINT('',#2875);
#869=VERTEX_POINT('',#2945);
#870=VERTEX_POINT('',#2946);
#871=VERTEX_POINT('',#2994);
#872=VERTEX_POINT('',#2995);
#873=VERTEX_POINT('',#3121);
#874=VERTEX_POINT('',#3130);
#875=VERTEX_POINT('',#3215);
#876=VERTEX_POINT('',#3265);
#877=VERTEX_POINT('',#3295);
#878=VERTEX_POINT('',#3296);
#879=VERTEX_POINT('',#3298);
#880=VERTEX_POINT('',#3303);
#881=VERTEX_POINT('',#3361);
#882=VERTEX_POINT('',#3362);
#883=VERTEX_POINT('',#3406);
#884=VERTEX_POINT('',#3407);
#885=VERTEX_POINT('',#3457);
#886=VERTEX_POINT('',#3458);
#887=VERTEX_POINT('',#3496);
#888=VERTEX_POINT('',#3497);
#889=VERTEX_POINT('',#3629);
#890=VERTEX_POINT('',#3638);
#891=VERTEX_POINT('',#3731);
#892=VERTEX_POINT('',#3814);
#893=VERTEX_POINT('',#3912);
#894=VERTEX_POINT('',#3995);
#895=VERTEX_POINT('',#4182);
#896=VERTEX_POINT('',#4233);
#897=VERTEX_POINT('',#4328);
#898=VERTEX_POINT('',#4330);
#899=VERTEX_POINT('',#4334);
#900=VERTEX_POINT('',#4338);
#901=VERTEX_POINT('',#4341);
#902=VERTEX_POINT('',#4343);
#903=VERTEX_POINT('',#4347);
#904=VERTEX_POINT('',#4351);
#905=VERTEX_POINT('',#4355);
#906=VERTEX_POINT('',#4359);
#907=VERTEX_POINT('',#4361);
#908=VERTEX_POINT('',#4367);
#909=VERTEX_POINT('',#4370);
#910=VERTEX_POINT('',#4374);
#911=VERTEX_POINT('',#4375);
#912=VERTEX_POINT('',#4377);
#913=VERTEX_POINT('',#4379);
#914=VERTEX_POINT('',#4383);
#915=VERTEX_POINT('',#4385);
#916=VERTEX_POINT('',#4389);
#917=VERTEX_POINT('',#4391);
#918=VERTEX_POINT('',#4397);
#919=VERTEX_POINT('',#4401);
#920=VERTEX_POINT('',#4402);
#921=VERTEX_POINT('',#4404);
#922=VERTEX_POINT('',#4406);
#923=VERTEX_POINT('',#4410);
#924=VERTEX_POINT('',#4412);
#925=VERTEX_POINT('',#4416);
#926=VERTEX_POINT('',#4418);
#927=VERTEX_POINT('',#4424);
#928=VERTEX_POINT('',#4425);
#929=VERTEX_POINT('',#4427);
#930=VERTEX_POINT('',#4429);
#931=VERTEX_POINT('',#4433);
#932=VERTEX_POINT('',#4435);
#933=VERTEX_POINT('',#4439);
#934=VERTEX_POINT('',#4441);
#935=VERTEX_POINT('',#4445);
#936=VERTEX_POINT('',#4447);
#937=VERTEX_POINT('',#4451);
#938=VERTEX_POINT('',#4453);
#939=VERTEX_POINT('',#4457);
#940=VERTEX_POINT('',#4459);
#941=VERTEX_POINT('',#4463);
#942=VERTEX_POINT('',#4465);
#943=VERTEX_POINT('',#4469);
#944=VERTEX_POINT('',#4471);
#945=VERTEX_POINT('',#4475);
#946=VERTEX_POINT('',#4477);
#947=VERTEX_POINT('',#4481);
#948=VERTEX_POINT('',#4483);
#949=VERTEX_POINT('',#4487);
#950=VERTEX_POINT('',#4489);
#951=VERTEX_POINT('',#4497);
#952=VERTEX_POINT('',#4498);
#953=VERTEX_POINT('',#4500);
#954=VERTEX_POINT('',#4502);
#955=VERTEX_POINT('',#4506);
#956=VERTEX_POINT('',#4508);
#957=VERTEX_POINT('',#4512);
#958=VERTEX_POINT('',#4514);
#959=VERTEX_POINT('',#4522);
#960=VERTEX_POINT('',#4524);
#961=VERTEX_POINT('',#4529);
#962=VERTEX_POINT('',#4531);
#963=VERTEX_POINT('',#4536);
#964=VERTEX_POINT('',#4538);
#965=VERTEX_POINT('',#4541);
#966=VERTEX_POINT('',#4544);
#967=VERTEX_POINT('',#4548);
#968=VERTEX_POINT('',#4549);
#969=VERTEX_POINT('',#4551);
#970=VERTEX_POINT('',#4553);
#971=VERTEX_POINT('',#4559);
#972=VERTEX_POINT('',#4560);
#973=VERTEX_POINT('',#4562);
#974=VERTEX_POINT('',#4564);
#975=VERTEX_POINT('',#4566);
#976=VERTEX_POINT('',#4568);
#977=VERTEX_POINT('',#4572);
#978=VERTEX_POINT('',#4573);
#979=VERTEX_POINT('',#4575);
#980=VERTEX_POINT('',#4577);
#981=VERTEX_POINT('',#4579);
#982=VERTEX_POINT('',#4581);
#983=VERTEX_POINT('',#4583);
#984=VERTEX_POINT('',#4588);
#985=VERTEX_POINT('',#4592);
#986=VERTEX_POINT('',#4594);
#987=VERTEX_POINT('',#4598);
#988=VERTEX_POINT('',#4602);
#989=VERTEX_POINT('',#4604);
#990=VERTEX_POINT('',#4608);
#991=VERTEX_POINT('',#4612);
#992=VERTEX_POINT('',#4617);
#993=VERTEX_POINT('',#4621);
#994=VERTEX_POINT('',#4625);
#995=VERTEX_POINT('',#4627);
#996=VERTEX_POINT('',#4631);
#997=VERTEX_POINT('',#4641);
#998=VERTEX_POINT('',#4644);
#999=EDGE_CURVE('',#829,#830,#547,.T.);
#1000=EDGE_CURVE('',#831,#829,#548,.T.);
#1001=EDGE_CURVE('',#831,#832,#549,.T.);
#1002=EDGE_CURVE('',#830,#832,#550,.T.);
#1003=EDGE_CURVE('',#833,#834,#551,.T.);
#1004=EDGE_CURVE('',#835,#833,#552,.T.);
#1005=EDGE_CURVE('',#835,#836,#553,.T.);
#1006=EDGE_CURVE('',#834,#836,#554,.T.);
#1007=EDGE_CURVE('',#832,#835,#555,.T.);
#1008=EDGE_CURVE('',#836,#831,#556,.T.);
#1009=EDGE_CURVE('',#833,#830,#557,.T.);
#1010=EDGE_CURVE('',#829,#834,#558,.T.);
#1011=EDGE_CURVE('',#837,#835,#559,.T.);
#1012=EDGE_CURVE('',#838,#837,#560,.T.);
#1013=EDGE_CURVE('',#832,#838,#561,.T.);
#1014=EDGE_CURVE('',#839,#837,#562,.T.);
#1015=EDGE_CURVE('',#839,#840,#563,.T.);
#1016=EDGE_CURVE('',#838,#840,#564,.T.);
#1017=EDGE_CURVE('',#841,#830,#565,.T.);
#1018=EDGE_CURVE('',#842,#841,#566,.T.);
#1019=EDGE_CURVE('',#833,#842,#567,.T.);
#1020=EDGE_CURVE('',#843,#840,#568,.T.);
#1021=EDGE_CURVE('',#843,#844,#569,.T.);
#1022=EDGE_CURVE('',#838,#844,#570,.T.);
#1023=EDGE_CURVE('',#845,#845,#225,.T.);
#1024=EDGE_CURVE('',#846,#846,#226,.T.);
#1025=EDGE_CURVE('',#844,#847,#227,.T.);
#1026=EDGE_CURVE('',#848,#843,#571,.T.);
#1027=EDGE_CURVE('',#848,#847,#572,.T.);
#1028=EDGE_CURVE('',#847,#837,#573,.T.);
#1029=EDGE_CURVE('',#839,#848,#574,.T.);
#1030=EDGE_CURVE('',#841,#849,#228,.T.);
#1031=EDGE_CURVE('',#849,#842,#229,.T.);
#1032=EDGE_CURVE('',#846,#849,#575,.T.);
#1033=EDGE_CURVE('',#850,#851,#230,.T.);
#1034=EDGE_CURVE('',#851,#845,#576,.T.);
#1035=EDGE_CURVE('',#851,#852,#231,.T.);
#1036=EDGE_CURVE('',#853,#852,#577,.F.);
#1037=EDGE_CURVE('',#854,#853,#232,.T.);
#1038=EDGE_CURVE('',#854,#850,#578,.T.);
#1039=EDGE_CURVE('',#852,#855,#579,.T.);
#1040=EDGE_CURVE('',#856,#855,#580,.T.);
#1041=EDGE_CURVE('',#856,#853,#581,.T.);
#1042=EDGE_CURVE('',#855,#857,#582,.T.);
#1043=EDGE_CURVE('',#858,#857,#583,.T.);
#1044=EDGE_CURVE('',#858,#856,#584,.T.);
#1045=EDGE_CURVE('',#857,#850,#585,.T.);
#1046=EDGE_CURVE('',#854,#858,#586,.T.);
#1047=EDGE_CURVE('',#859,#859,#233,.T.);
#1048=EDGE_CURVE('',#859,#860,#587,.T.);
#1049=EDGE_CURVE('',#860,#860,#234,.T.);
#1050=EDGE_CURVE('',#861,#862,#235,.T.);
#1051=EDGE_CURVE('',#862,#863,#17,.T.);
#1052=EDGE_CURVE('',#863,#864,#236,.T.);
#1053=EDGE_CURVE('',#864,#861,#18,.T.);
#1054=EDGE_CURVE('',#865,#866,#237,.T.);
#1055=EDGE_CURVE('',#866,#862,#19,.T.);
#1056=EDGE_CURVE('',#861,#865,#20,.T.);
#1057=EDGE_CURVE('',#867,#868,#238,.T.);
#1058=EDGE_CURVE('',#868,#866,#21,.T.);
#1059=EDGE_CURVE('',#865,#867,#22,.T.);
#1060=EDGE_CURVE('',#869,#870,#239,.T.);
#1061=EDGE_CURVE('',#870,#868,#23,.T.);
#1062=EDGE_CURVE('',#867,#869,#24,.T.);
#1063=EDGE_CURVE('',#871,#872,#240,.T.);
#1064=EDGE_CURVE('',#872,#870,#25,.T.);
#1065=EDGE_CURVE('',#869,#871,#26,.T.);
#1066=EDGE_CURVE('',#863,#872,#27,.T.);
#1067=EDGE_CURVE('',#871,#864,#28,.T.);
#1068=EDGE_CURVE('',#873,#865,#29,.T.);
#1069=EDGE_CURVE('',#874,#873,#30,.T.);
#1070=EDGE_CURVE('',#874,#867,#31,.T.);
#1071=EDGE_CURVE('',#875,#861,#32,.T.);
#1072=EDGE_CURVE('',#873,#875,#33,.T.);
#1073=EDGE_CURVE('',#876,#864,#34,.T.);
#1074=EDGE_CURVE('',#875,#876,#35,.T.);
#1075=EDGE_CURVE('',#877,#878,#241,.T.);
#1076=EDGE_CURVE('',#878,#879,#36,.T.);
#1077=EDGE_CURVE('',#879,#880,#242,.T.);
#1078=EDGE_CURVE('',#880,#877,#37,.T.);
#1079=EDGE_CURVE('',#881,#882,#243,.T.);
#1080=EDGE_CURVE('',#882,#878,#38,.T.);
#1081=EDGE_CURVE('',#877,#881,#39,.T.);
#1082=EDGE_CURVE('',#883,#884,#244,.T.);
#1083=EDGE_CURVE('',#884,#882,#40,.T.);
#1084=EDGE_CURVE('',#881,#883,#41,.T.);
#1085=EDGE_CURVE('',#885,#886,#245,.T.);
#1086=EDGE_CURVE('',#886,#884,#42,.T.);
#1087=EDGE_CURVE('',#883,#885,#43,.T.);
#1088=EDGE_CURVE('',#887,#888,#246,.T.);
#1089=EDGE_CURVE('',#888,#886,#44,.T.);
#1090=EDGE_CURVE('',#885,#887,#45,.T.);
#1091=EDGE_CURVE('',#879,#888,#46,.T.);
#1092=EDGE_CURVE('',#887,#880,#47,.T.);
#1093=EDGE_CURVE('',#889,#888,#48,.T.);
#1094=EDGE_CURVE('',#890,#889,#49,.T.);
#1095=EDGE_CURVE('',#890,#886,#50,.T.);
#1096=EDGE_CURVE('',#891,#879,#51,.T.);
#1097=EDGE_CURVE('',#889,#891,#52,.T.);
#1098=EDGE_CURVE('',#892,#878,#53,.T.);
#1099=EDGE_CURVE('',#891,#892,#54,.T.);
#1100=EDGE_CURVE('',#893,#874,#55,.T.);
#1101=EDGE_CURVE('',#893,#869,#56,.T.);
#1102=EDGE_CURVE('',#894,#893,#57,.T.);
#1103=EDGE_CURVE('',#894,#871,#58,.T.);
#1104=EDGE_CURVE('',#876,#894,#59,.T.);
#1105=EDGE_CURVE('',#895,#882,#60,.T.);
#1106=EDGE_CURVE('',#892,#895,#61,.T.);
#1107=EDGE_CURVE('',#896,#884,#62,.T.);
#1108=EDGE_CURVE('',#895,#896,#63,.T.);
#1109=EDGE_CURVE('',#896,#890,#64,.T.);
#1110=EDGE_CURVE('',#897,#897,#247,.T.);
#1111=EDGE_CURVE('',#897,#898,#248,.T.);
#1112=EDGE_CURVE('',#898,#898,#249,.T.);
#1113=EDGE_CURVE('',#899,#899,#250,.T.);
#1114=EDGE_CURVE('',#899,#897,#588,.T.);
#1115=EDGE_CURVE('',#900,#900,#251,.T.);
#1116=EDGE_CURVE('',#901,#901,#252,.T.);
#1117=EDGE_CURVE('',#901,#902,#253,.T.);
#1118=EDGE_CURVE('',#902,#902,#254,.T.);
#1119=EDGE_CURVE('',#903,#903,#255,.T.);
#1120=EDGE_CURVE('',#903,#901,#589,.T.);
#1121=EDGE_CURVE('',#904,#904,#256,.T.);
#1122=EDGE_CURVE('',#904,#899,#257,.T.);
#1123=EDGE_CURVE('',#905,#905,#258,.T.);
#1124=EDGE_CURVE('',#905,#904,#590,.T.);
#1125=EDGE_CURVE('',#906,#906,#259,.T.);
#1126=EDGE_CURVE('',#906,#907,#260,.T.);
#1127=EDGE_CURVE('',#907,#907,#261,.T.);
#1128=EDGE_CURVE('',#902,#906,#591,.T.);
#1129=EDGE_CURVE('',#908,#908,#262,.T.);
#1130=EDGE_CURVE('',#908,#909,#592,.T.);
#1131=EDGE_CURVE('',#909,#909,#263,.T.);
#1132=EDGE_CURVE('',#910,#911,#593,.T.);
#1133=EDGE_CURVE('',#912,#911,#594,.T.);
#1134=EDGE_CURVE('',#913,#912,#595,.T.);
#1135=EDGE_CURVE('',#913,#910,#596,.T.);
#1136=EDGE_CURVE('',#911,#914,#597,.T.);
#1137=EDGE_CURVE('',#915,#914,#598,.T.);
#1138=EDGE_CURVE('',#912,#915,#599,.T.);
#1139=EDGE_CURVE('',#916,#910,#600,.T.);
#1140=EDGE_CURVE('',#917,#913,#601,.T.);
#1141=EDGE_CURVE('',#917,#916,#602,.T.);
#1142=EDGE_CURVE('',#914,#916,#264,.T.);
#1143=EDGE_CURVE('',#900,#918,#603,.T.);
#1144=EDGE_CURVE('',#918,#918,#265,.T.);
#1145=EDGE_CURVE('',#919,#920,#604,.T.);
#1146=EDGE_CURVE('',#921,#920,#605,.T.);
#1147=EDGE_CURVE('',#922,#921,#606,.T.);
#1148=EDGE_CURVE('',#922,#919,#607,.T.);
#1149=EDGE_CURVE('',#920,#923,#608,.T.);
#1150=EDGE_CURVE('',#924,#923,#609,.T.);
#1151=EDGE_CURVE('',#921,#924,#610,.T.);
#1152=EDGE_CURVE('',#923,#925,#611,.T.);
#1153=EDGE_CURVE('',#926,#925,#612,.T.);
#1154=EDGE_CURVE('',#924,#926,#613,.T.);
#1155=EDGE_CURVE('',#925,#919,#266,.T.);
#1156=EDGE_CURVE('',#927,#928,#614,.T.);
#1157=EDGE_CURVE('',#929,#928,#615,.T.);
#1158=EDGE_CURVE('',#930,#929,#616,.T.);
#1159=EDGE_CURVE('',#930,#927,#617,.T.);
#1160=EDGE_CURVE('',#928,#931,#618,.T.);
#1161=EDGE_CURVE('',#932,#931,#619,.T.);
#1162=EDGE_CURVE('',#929,#932,#620,.T.);
#1163=EDGE_CURVE('',#931,#933,#621,.T.);
#1164=EDGE_CURVE('',#934,#933,#622,.T.);
#1165=EDGE_CURVE('',#932,#934,#623,.T.);
#1166=EDGE_CURVE('',#933,#935,#624,.T.);
#1167=EDGE_CURVE('',#936,#935,#625,.T.);
#1168=EDGE_CURVE('',#934,#936,#626,.T.);
#1169=EDGE_CURVE('',#935,#937,#627,.T.);
#1170=EDGE_CURVE('',#938,#937,#628,.T.);
#1171=EDGE_CURVE('',#936,#938,#629,.T.);
#1172=EDGE_CURVE('',#937,#939,#630,.T.);
#1173=EDGE_CURVE('',#940,#939,#631,.T.);
#1174=EDGE_CURVE('',#938,#940,#632,.T.);
#1175=EDGE_CURVE('',#939,#941,#633,.T.);
#1176=EDGE_CURVE('',#942,#941,#634,.T.);
#1177=EDGE_CURVE('',#940,#942,#635,.T.);
#1178=EDGE_CURVE('',#941,#943,#636,.T.);
#1179=EDGE_CURVE('',#944,#943,#637,.T.);
#1180=EDGE_CURVE('',#942,#944,#638,.T.);
#1181=EDGE_CURVE('',#943,#945,#639,.T.);
#1182=EDGE_CURVE('',#946,#945,#640,.T.);
#1183=EDGE_CURVE('',#944,#946,#641,.T.);
#1184=EDGE_CURVE('',#945,#947,#642,.T.);
#1185=EDGE_CURVE('',#948,#947,#643,.T.);
#1186=EDGE_CURVE('',#946,#948,#644,.T.);
#1187=EDGE_CURVE('',#947,#949,#645,.T.);
#1188=EDGE_CURVE('',#950,#949,#646,.T.);
#1189=EDGE_CURVE('',#948,#950,#647,.T.);
#1190=EDGE_CURVE('',#949,#927,#648,.T.);
#1191=EDGE_CURVE('',#950,#930,#649,.T.);
#1192=EDGE_CURVE('',#951,#952,#650,.T.);
#1193=EDGE_CURVE('',#953,#952,#651,.T.);
#1194=EDGE_CURVE('',#954,#953,#652,.T.);
#1195=EDGE_CURVE('',#954,#951,#653,.T.);
#1196=EDGE_CURVE('',#952,#955,#654,.T.);
#1197=EDGE_CURVE('',#956,#955,#655,.T.);
#1198=EDGE_CURVE('',#953,#956,#656,.T.);
#1199=EDGE_CURVE('',#955,#957,#657,.T.);
#1200=EDGE_CURVE('',#958,#957,#658,.T.);
#1201=EDGE_CURVE('',#956,#958,#659,.T.);
#1202=EDGE_CURVE('',#957,#951,#660,.T.);
#1203=EDGE_CURVE('',#958,#954,#661,.T.);
#1204=EDGE_CURVE('',#959,#959,#267,.T.);
#1205=EDGE_CURVE('',#959,#960,#662,.T.);
#1206=EDGE_CURVE('',#960,#960,#268,.T.);
#1207=EDGE_CURVE('',#961,#961,#269,.T.);
#1208=EDGE_CURVE('',#961,#962,#663,.T.);
#1209=EDGE_CURVE('',#962,#962,#270,.T.);
#1210=EDGE_CURVE('',#963,#963,#271,.T.);
#1211=EDGE_CURVE('',#964,#964,#272,.T.);
#1212=EDGE_CURVE('',#965,#965,#273,.T.);
#1213=EDGE_CURVE('',#964,#966,#664,.T.);
#1214=EDGE_CURVE('',#966,#966,#274,.T.);
#1215=EDGE_CURVE('',#967,#968,#275,.T.);
#1216=EDGE_CURVE('',#968,#969,#276,.T.);
#1217=EDGE_CURVE('',#969,#970,#277,.T.);
#1218=EDGE_CURVE('',#970,#967,#278,.T.);
#1219=EDGE_CURVE('',#971,#972,#279,.T.);
#1220=EDGE_CURVE('',#971,#973,#280,.T.);
#1221=EDGE_CURVE('',#974,#973,#281,.T.);
#1222=EDGE_CURVE('',#975,#974,#665,.T.);
#1223=EDGE_CURVE('',#976,#975,#282,.T.);
#1224=EDGE_CURVE('',#972,#976,#666,.T.);
#1225=EDGE_CURVE('',#977,#978,#283,.T.);
#1226=EDGE_CURVE('',#979,#977,#667,.T.);
#1227=EDGE_CURVE('',#980,#979,#284,.T.);
#1228=EDGE_CURVE('',#981,#980,#668,.T.);
#1229=EDGE_CURVE('',#982,#981,#285,.T.);
#1230=EDGE_CURVE('',#982,#983,#286,.T.);
#1231=EDGE_CURVE('',#983,#978,#287,.T.);
#1232=EDGE_CURVE('',#922,#915,#288,.T.);
#1233=EDGE_CURVE('',#984,#926,#289,.T.);
#1234=EDGE_CURVE('',#917,#984,#290,.T.);
#1235=EDGE_CURVE('',#985,#974,#669,.T.);
#1236=EDGE_CURVE('',#986,#985,#670,.T.);
#1237=EDGE_CURVE('',#986,#975,#671,.T.);
#1238=EDGE_CURVE('',#987,#973,#672,.T.);
#1239=EDGE_CURVE('',#985,#987,#291,.T.);
#1240=EDGE_CURVE('',#988,#981,#673,.T.);
#1241=EDGE_CURVE('',#989,#988,#292,.T.);
#1242=EDGE_CURVE('',#989,#982,#674,.T.);
#1243=EDGE_CURVE('',#990,#980,#675,.T.);
#1244=EDGE_CURVE('',#988,#990,#676,.T.);
#1245=EDGE_CURVE('',#991,#979,#677,.T.);
#1246=EDGE_CURVE('',#969,#991,#293,.T.);
#1247=EDGE_CURVE('',#990,#968,#294,.T.);
#1248=EDGE_CURVE('',#992,#977,#678,.T.);
#1249=EDGE_CURVE('',#991,#992,#679,.T.);
#1250=EDGE_CURVE('',#993,#978,#680,.T.);
#1251=EDGE_CURVE('',#992,#993,#295,.T.);
#1252=EDGE_CURVE('',#994,#972,#681,.T.);
#1253=EDGE_CURVE('',#995,#994,#296,.T.);
#1254=EDGE_CURVE('',#995,#971,#682,.T.);
#1255=EDGE_CURVE('',#996,#976,#683,.T.);
#1256=EDGE_CURVE('',#994,#996,#684,.T.);
#1257=EDGE_CURVE('',#967,#986,#297,.T.);
#1258=EDGE_CURVE('',#996,#970,#298,.T.);
#1259=EDGE_CURVE('',#995,#987,#299,.T.);
#1260=EDGE_CURVE('',#970,#967,#300,.T.);
#1261=EDGE_CURVE('',#968,#997,#301,.T.);
#1262=EDGE_CURVE('',#997,#969,#302,.T.);
#1263=EDGE_CURVE('',#998,#993,#303,.T.);
#1264=EDGE_CURVE('',#989,#998,#304,.T.);
#1265=EDGE_CURVE('',#997,#963,#685,.T.);
#1266=EDGE_CURVE('',#965,#998,#686,.T.);
#1267=EDGE_CURVE('',#983,#984,#687,.T.);
#1268=ORIENTED_EDGE('',*,*,#999,.F.);
#1269=ORIENTED_EDGE('',*,*,#1000,.F.);
#1270=ORIENTED_EDGE('',*,*,#1001,.T.);
#1271=ORIENTED_EDGE('',*,*,#1002,.F.);
#1272=ORIENTED_EDGE('',*,*,#1003,.F.);
#1273=ORIENTED_EDGE('',*,*,#1004,.F.);
#1274=ORIENTED_EDGE('',*,*,#1005,.T.);
#1275=ORIENTED_EDGE('',*,*,#1006,.F.);
#1276=ORIENTED_EDGE('',*,*,#1007,.F.);
#1277=ORIENTED_EDGE('',*,*,#1001,.F.);
#1278=ORIENTED_EDGE('',*,*,#1008,.F.);
#1279=ORIENTED_EDGE('',*,*,#1005,.F.);
#1280=ORIENTED_EDGE('',*,*,#1009,.F.);
#1281=ORIENTED_EDGE('',*,*,#1003,.T.);
#1282=ORIENTED_EDGE('',*,*,#1010,.F.);
#1283=ORIENTED_EDGE('',*,*,#999,.T.);
#1284=ORIENTED_EDGE('',*,*,#1007,.T.);
#1285=ORIENTED_EDGE('',*,*,#1011,.F.);
#1286=ORIENTED_EDGE('',*,*,#1012,.F.);
#1287=ORIENTED_EDGE('',*,*,#1013,.F.);
#1288=ORIENTED_EDGE('',*,*,#1012,.T.);
#1289=ORIENTED_EDGE('',*,*,#1014,.F.);
#1290=ORIENTED_EDGE('',*,*,#1015,.T.);
#1291=ORIENTED_EDGE('',*,*,#1016,.F.);
#1292=ORIENTED_EDGE('',*,*,#1009,.T.);
#1293=ORIENTED_EDGE('',*,*,#1017,.F.);
#1294=ORIENTED_EDGE('',*,*,#1018,.F.);
#1295=ORIENTED_EDGE('',*,*,#1019,.F.);
#1296=ORIENTED_EDGE('',*,*,#1016,.T.);
#1297=ORIENTED_EDGE('',*,*,#1020,.F.);
#1298=ORIENTED_EDGE('',*,*,#1021,.T.);
#1299=ORIENTED_EDGE('',*,*,#1022,.F.);
#1300=ORIENTED_EDGE('',*,*,#1023,.F.);
#1301=ORIENTED_EDGE('',*,*,#1024,.F.);
#1302=ORIENTED_EDGE('',*,*,#1025,.F.);
#1303=ORIENTED_EDGE('',*,*,#1021,.F.);
#1304=ORIENTED_EDGE('',*,*,#1026,.F.);
#1305=ORIENTED_EDGE('',*,*,#1027,.T.);
#1306=ORIENTED_EDGE('',*,*,#1014,.T.);
#1307=ORIENTED_EDGE('',*,*,#1028,.F.);
#1308=ORIENTED_EDGE('',*,*,#1027,.F.);
#1309=ORIENTED_EDGE('',*,*,#1029,.F.);
#1310=ORIENTED_EDGE('',*,*,#1018,.T.);
#1311=ORIENTED_EDGE('',*,*,#1030,.T.);
#1312=ORIENTED_EDGE('',*,*,#1031,.T.);
#1313=ORIENTED_EDGE('',*,*,#1024,.T.);
#1314=ORIENTED_EDGE('',*,*,#1032,.T.);
#1315=ORIENTED_EDGE('',*,*,#1030,.F.);
#1316=ORIENTED_EDGE('',*,*,#1017,.T.);
#1317=ORIENTED_EDGE('',*,*,#1002,.T.);
#1318=ORIENTED_EDGE('',*,*,#1013,.T.);
#1319=ORIENTED_EDGE('',*,*,#1022,.T.);
#1320=ORIENTED_EDGE('',*,*,#1025,.T.);
#1321=ORIENTED_EDGE('',*,*,#1028,.T.);
#1322=ORIENTED_EDGE('',*,*,#1011,.T.);
#1323=ORIENTED_EDGE('',*,*,#1004,.T.);
#1324=ORIENTED_EDGE('',*,*,#1019,.T.);
#1325=ORIENTED_EDGE('',*,*,#1031,.F.);
#1326=ORIENTED_EDGE('',*,*,#1032,.F.);
#1327=ORIENTED_EDGE('',*,*,#1033,.T.);
#1328=ORIENTED_EDGE('',*,*,#1034,.T.);
#1329=ORIENTED_EDGE('',*,*,#1023,.T.);
#1330=ORIENTED_EDGE('',*,*,#1034,.F.);
#1331=ORIENTED_EDGE('',*,*,#1035,.T.);
#1332=ORIENTED_EDGE('',*,*,#1036,.F.);
#1333=ORIENTED_EDGE('',*,*,#1037,.F.);
#1334=ORIENTED_EDGE('',*,*,#1038,.T.);
#1335=ORIENTED_EDGE('',*,*,#1039,.T.);
#1336=ORIENTED_EDGE('',*,*,#1040,.F.);
#1337=ORIENTED_EDGE('',*,*,#1041,.T.);
#1338=ORIENTED_EDGE('',*,*,#1036,.T.);
#1339=ORIENTED_EDGE('',*,*,#1042,.T.);
#1340=ORIENTED_EDGE('',*,*,#1043,.F.);
#1341=ORIENTED_EDGE('',*,*,#1044,.T.);
#1342=ORIENTED_EDGE('',*,*,#1040,.T.);
#1343=ORIENTED_EDGE('',*,*,#1006,.T.);
#1344=ORIENTED_EDGE('',*,*,#1008,.T.);
#1345=ORIENTED_EDGE('',*,*,#1000,.T.);
#1346=ORIENTED_EDGE('',*,*,#1010,.T.);
#1347=ORIENTED_EDGE('',*,*,#1020,.T.);
#1348=ORIENTED_EDGE('',*,*,#1015,.F.);
#1349=ORIENTED_EDGE('',*,*,#1029,.T.);
#1350=ORIENTED_EDGE('',*,*,#1026,.T.);
#1351=ORIENTED_EDGE('',*,*,#1045,.T.);
#1352=ORIENTED_EDGE('',*,*,#1038,.F.);
#1353=ORIENTED_EDGE('',*,*,#1046,.T.);
#1354=ORIENTED_EDGE('',*,*,#1043,.T.);
#1355=ORIENTED_EDGE('',*,*,#1037,.T.);
#1356=ORIENTED_EDGE('',*,*,#1041,.F.);
#1357=ORIENTED_EDGE('',*,*,#1044,.F.);
#1358=ORIENTED_EDGE('',*,*,#1046,.F.);
#1359=ORIENTED_EDGE('',*,*,#1033,.F.);
#1360=ORIENTED_EDGE('',*,*,#1045,.F.);
#1361=ORIENTED_EDGE('',*,*,#1042,.F.);
#1362=ORIENTED_EDGE('',*,*,#1039,.F.);
#1363=ORIENTED_EDGE('',*,*,#1035,.F.);
#1364=ORIENTED_EDGE('',*,*,#1047,.T.);
#1365=ORIENTED_EDGE('',*,*,#1047,.F.);
#1366=ORIENTED_EDGE('',*,*,#1048,.T.);
#1367=ORIENTED_EDGE('',*,*,#1049,.T.);
#1368=ORIENTED_EDGE('',*,*,#1048,.F.);
#1369=ORIENTED_EDGE('',*,*,#1049,.F.);
#1370=ORIENTED_EDGE('',*,*,#1050,.T.);
#1371=ORIENTED_EDGE('',*,*,#1051,.T.);
#1372=ORIENTED_EDGE('',*,*,#1052,.T.);
#1373=ORIENTED_EDGE('',*,*,#1053,.T.);
#1374=ORIENTED_EDGE('',*,*,#1054,.T.);
#1375=ORIENTED_EDGE('',*,*,#1055,.T.);
#1376=ORIENTED_EDGE('',*,*,#1050,.F.);
#1377=ORIENTED_EDGE('',*,*,#1056,.T.);
#1378=ORIENTED_EDGE('',*,*,#1057,.T.);
#1379=ORIENTED_EDGE('',*,*,#1058,.T.);
#1380=ORIENTED_EDGE('',*,*,#1054,.F.);
#1381=ORIENTED_EDGE('',*,*,#1059,.T.);
#1382=ORIENTED_EDGE('',*,*,#1060,.T.);
#1383=ORIENTED_EDGE('',*,*,#1061,.T.);
#1384=ORIENTED_EDGE('',*,*,#1057,.F.);
#1385=ORIENTED_EDGE('',*,*,#1062,.T.);
#1386=ORIENTED_EDGE('',*,*,#1063,.T.);
#1387=ORIENTED_EDGE('',*,*,#1064,.T.);
#1388=ORIENTED_EDGE('',*,*,#1060,.F.);
#1389=ORIENTED_EDGE('',*,*,#1065,.T.);
#1390=ORIENTED_EDGE('',*,*,#1052,.F.);
#1391=ORIENTED_EDGE('',*,*,#1066,.T.);
#1392=ORIENTED_EDGE('',*,*,#1063,.F.);
#1393=ORIENTED_EDGE('',*,*,#1067,.T.);
#1394=ORIENTED_EDGE('',*,*,#1059,.F.);
#1395=ORIENTED_EDGE('',*,*,#1068,.F.);
#1396=ORIENTED_EDGE('',*,*,#1069,.F.);
#1397=ORIENTED_EDGE('',*,*,#1070,.T.);
#1398=ORIENTED_EDGE('',*,*,#1056,.F.);
#1399=ORIENTED_EDGE('',*,*,#1071,.F.);
#1400=ORIENTED_EDGE('',*,*,#1072,.F.);
#1401=ORIENTED_EDGE('',*,*,#1068,.T.);
#1402=ORIENTED_EDGE('',*,*,#1053,.F.);
#1403=ORIENTED_EDGE('',*,*,#1073,.F.);
#1404=ORIENTED_EDGE('',*,*,#1074,.F.);
#1405=ORIENTED_EDGE('',*,*,#1071,.T.);
#1406=ORIENTED_EDGE('',*,*,#1051,.F.);
#1407=ORIENTED_EDGE('',*,*,#1055,.F.);
#1408=ORIENTED_EDGE('',*,*,#1058,.F.);
#1409=ORIENTED_EDGE('',*,*,#1061,.F.);
#1410=ORIENTED_EDGE('',*,*,#1064,.F.);
#1411=ORIENTED_EDGE('',*,*,#1066,.F.);
#1412=ORIENTED_EDGE('',*,*,#1075,.T.);
#1413=ORIENTED_EDGE('',*,*,#1076,.T.);
#1414=ORIENTED_EDGE('',*,*,#1077,.T.);
#1415=ORIENTED_EDGE('',*,*,#1078,.T.);
#1416=ORIENTED_EDGE('',*,*,#1079,.T.);
#1417=ORIENTED_EDGE('',*,*,#1080,.T.);
#1418=ORIENTED_EDGE('',*,*,#1075,.F.);
#1419=ORIENTED_EDGE('',*,*,#1081,.T.);
#1420=ORIENTED_EDGE('',*,*,#1082,.T.);
#1421=ORIENTED_EDGE('',*,*,#1083,.T.);
#1422=ORIENTED_EDGE('',*,*,#1079,.F.);
#1423=ORIENTED_EDGE('',*,*,#1084,.T.);
#1424=ORIENTED_EDGE('',*,*,#1085,.T.);
#1425=ORIENTED_EDGE('',*,*,#1086,.T.);
#1426=ORIENTED_EDGE('',*,*,#1082,.F.);
#1427=ORIENTED_EDGE('',*,*,#1087,.T.);
#1428=ORIENTED_EDGE('',*,*,#1088,.T.);
#1429=ORIENTED_EDGE('',*,*,#1089,.T.);
#1430=ORIENTED_EDGE('',*,*,#1085,.F.);
#1431=ORIENTED_EDGE('',*,*,#1090,.T.);
#1432=ORIENTED_EDGE('',*,*,#1077,.F.);
#1433=ORIENTED_EDGE('',*,*,#1091,.T.);
#1434=ORIENTED_EDGE('',*,*,#1088,.F.);
#1435=ORIENTED_EDGE('',*,*,#1092,.T.);
#1436=ORIENTED_EDGE('',*,*,#1089,.F.);
#1437=ORIENTED_EDGE('',*,*,#1093,.F.);
#1438=ORIENTED_EDGE('',*,*,#1094,.F.);
#1439=ORIENTED_EDGE('',*,*,#1095,.T.);
#1440=ORIENTED_EDGE('',*,*,#1091,.F.);
#1441=ORIENTED_EDGE('',*,*,#1096,.F.);
#1442=ORIENTED_EDGE('',*,*,#1097,.F.);
#1443=ORIENTED_EDGE('',*,*,#1093,.T.);
#1444=ORIENTED_EDGE('',*,*,#1076,.F.);
#1445=ORIENTED_EDGE('',*,*,#1098,.F.);
#1446=ORIENTED_EDGE('',*,*,#1099,.F.);
#1447=ORIENTED_EDGE('',*,*,#1096,.T.);
#1448=ORIENTED_EDGE('',*,*,#1078,.F.);
#1449=ORIENTED_EDGE('',*,*,#1092,.F.);
#1450=ORIENTED_EDGE('',*,*,#1090,.F.);
#1451=ORIENTED_EDGE('',*,*,#1087,.F.);
#1452=ORIENTED_EDGE('',*,*,#1084,.F.);
#1453=ORIENTED_EDGE('',*,*,#1081,.F.);
#1454=ORIENTED_EDGE('',*,*,#1062,.F.);
#1455=ORIENTED_EDGE('',*,*,#1070,.F.);
#1456=ORIENTED_EDGE('',*,*,#1100,.F.);
#1457=ORIENTED_EDGE('',*,*,#1101,.T.);
#1458=ORIENTED_EDGE('',*,*,#1065,.F.);
#1459=ORIENTED_EDGE('',*,*,#1101,.F.);
#1460=ORIENTED_EDGE('',*,*,#1102,.F.);
#1461=ORIENTED_EDGE('',*,*,#1103,.T.);
#1462=ORIENTED_EDGE('',*,*,#1067,.F.);
#1463=ORIENTED_EDGE('',*,*,#1103,.F.);
#1464=ORIENTED_EDGE('',*,*,#1104,.F.);
#1465=ORIENTED_EDGE('',*,*,#1073,.T.);
#1466=ORIENTED_EDGE('',*,*,#1080,.F.);
#1467=ORIENTED_EDGE('',*,*,#1105,.F.);
#1468=ORIENTED_EDGE('',*,*,#1106,.F.);
#1469=ORIENTED_EDGE('',*,*,#1098,.T.);
#1470=ORIENTED_EDGE('',*,*,#1083,.F.);
#1471=ORIENTED_EDGE('',*,*,#1107,.F.);
#1472=ORIENTED_EDGE('',*,*,#1108,.F.);
#1473=ORIENTED_EDGE('',*,*,#1105,.T.);
#1474=ORIENTED_EDGE('',*,*,#1086,.F.);
#1475=ORIENTED_EDGE('',*,*,#1095,.F.);
#1476=ORIENTED_EDGE('',*,*,#1109,.F.);
#1477=ORIENTED_EDGE('',*,*,#1107,.T.);
#1478=ORIENTED_EDGE('',*,*,#1110,.T.);
#1479=ORIENTED_EDGE('',*,*,#1111,.T.);
#1480=ORIENTED_EDGE('',*,*,#1112,.T.);
#1481=ORIENTED_EDGE('',*,*,#1111,.F.);
#1482=ORIENTED_EDGE('',*,*,#1113,.T.);
#1483=ORIENTED_EDGE('',*,*,#1114,.T.);
#1484=ORIENTED_EDGE('',*,*,#1110,.F.);
#1485=ORIENTED_EDGE('',*,*,#1114,.F.);
#1486=ORIENTED_EDGE('',*,*,#1115,.F.);
#1487=ORIENTED_EDGE('',*,*,#1112,.F.);
#1488=ORIENTED_EDGE('',*,*,#1116,.T.);
#1489=ORIENTED_EDGE('',*,*,#1117,.T.);
#1490=ORIENTED_EDGE('',*,*,#1118,.F.);
#1491=ORIENTED_EDGE('',*,*,#1117,.F.);
#1492=ORIENTED_EDGE('',*,*,#1119,.T.);
#1493=ORIENTED_EDGE('',*,*,#1120,.T.);
#1494=ORIENTED_EDGE('',*,*,#1116,.F.);
#1495=ORIENTED_EDGE('',*,*,#1120,.F.);
#1496=ORIENTED_EDGE('',*,*,#1121,.T.);
#1497=ORIENTED_EDGE('',*,*,#1122,.T.);
#1498=ORIENTED_EDGE('',*,*,#1113,.F.);
#1499=ORIENTED_EDGE('',*,*,#1122,.F.);
#1500=ORIENTED_EDGE('',*,*,#1123,.T.);
#1501=ORIENTED_EDGE('',*,*,#1124,.T.);
#1502=ORIENTED_EDGE('',*,*,#1121,.F.);
#1503=ORIENTED_EDGE('',*,*,#1124,.F.);
#1504=ORIENTED_EDGE('',*,*,#1125,.T.);
#1505=ORIENTED_EDGE('',*,*,#1126,.T.);
#1506=ORIENTED_EDGE('',*,*,#1127,.T.);
#1507=ORIENTED_EDGE('',*,*,#1126,.F.);
#1508=ORIENTED_EDGE('',*,*,#1118,.T.);
#1509=ORIENTED_EDGE('',*,*,#1128,.T.);
#1510=ORIENTED_EDGE('',*,*,#1125,.F.);
#1511=ORIENTED_EDGE('',*,*,#1128,.F.);
#1512=ORIENTED_EDGE('',*,*,#1129,.F.);
#1513=ORIENTED_EDGE('',*,*,#1127,.F.);
#1514=ORIENTED_EDGE('',*,*,#1129,.T.);
#1515=ORIENTED_EDGE('',*,*,#1130,.T.);
#1516=ORIENTED_EDGE('',*,*,#1131,.F.);
#1517=ORIENTED_EDGE('',*,*,#1130,.F.);
#1518=ORIENTED_EDGE('',*,*,#1132,.T.);
#1519=ORIENTED_EDGE('',*,*,#1133,.F.);
#1520=ORIENTED_EDGE('',*,*,#1134,.F.);
#1521=ORIENTED_EDGE('',*,*,#1135,.T.);
#1522=ORIENTED_EDGE('',*,*,#1136,.T.);
#1523=ORIENTED_EDGE('',*,*,#1137,.F.);
#1524=ORIENTED_EDGE('',*,*,#1138,.F.);
#1525=ORIENTED_EDGE('',*,*,#1133,.T.);
#1526=ORIENTED_EDGE('',*,*,#1139,.T.);
#1527=ORIENTED_EDGE('',*,*,#1135,.F.);
#1528=ORIENTED_EDGE('',*,*,#1140,.F.);
#1529=ORIENTED_EDGE('',*,*,#1141,.T.);
#1530=ORIENTED_EDGE('',*,*,#1132,.F.);
#1531=ORIENTED_EDGE('',*,*,#1139,.F.);
#1532=ORIENTED_EDGE('',*,*,#1142,.F.);
#1533=ORIENTED_EDGE('',*,*,#1136,.F.);
#1534=ORIENTED_EDGE('',*,*,#1131,.T.);
#1535=ORIENTED_EDGE('',*,*,#1115,.T.);
#1536=ORIENTED_EDGE('',*,*,#1143,.T.);
#1537=ORIENTED_EDGE('',*,*,#1144,.F.);
#1538=ORIENTED_EDGE('',*,*,#1143,.F.);
#1539=ORIENTED_EDGE('',*,*,#1145,.T.);
#1540=ORIENTED_EDGE('',*,*,#1146,.F.);
#1541=ORIENTED_EDGE('',*,*,#1147,.F.);
#1542=ORIENTED_EDGE('',*,*,#1148,.T.);
#1543=ORIENTED_EDGE('',*,*,#1149,.T.);
#1544=ORIENTED_EDGE('',*,*,#1150,.F.);
#1545=ORIENTED_EDGE('',*,*,#1151,.F.);
#1546=ORIENTED_EDGE('',*,*,#1146,.T.);
#1547=ORIENTED_EDGE('',*,*,#1152,.T.);
#1548=ORIENTED_EDGE('',*,*,#1153,.F.);
#1549=ORIENTED_EDGE('',*,*,#1154,.F.);
#1550=ORIENTED_EDGE('',*,*,#1150,.T.);
#1551=ORIENTED_EDGE('',*,*,#1155,.F.);
#1552=ORIENTED_EDGE('',*,*,#1152,.F.);
#1553=ORIENTED_EDGE('',*,*,#1149,.F.);
#1554=ORIENTED_EDGE('',*,*,#1145,.F.);
#1555=ORIENTED_EDGE('',*,*,#1144,.T.);
#1556=ORIENTED_EDGE('',*,*,#1156,.T.);
#1557=ORIENTED_EDGE('',*,*,#1157,.F.);
#1558=ORIENTED_EDGE('',*,*,#1158,.F.);
#1559=ORIENTED_EDGE('',*,*,#1159,.T.);
#1560=ORIENTED_EDGE('',*,*,#1160,.T.);
#1561=ORIENTED_EDGE('',*,*,#1161,.F.);
#1562=ORIENTED_EDGE('',*,*,#1162,.F.);
#1563=ORIENTED_EDGE('',*,*,#1157,.T.);
#1564=ORIENTED_EDGE('',*,*,#1163,.T.);
#1565=ORIENTED_EDGE('',*,*,#1164,.F.);
#1566=ORIENTED_EDGE('',*,*,#1165,.F.);
#1567=ORIENTED_EDGE('',*,*,#1161,.T.);
#1568=ORIENTED_EDGE('',*,*,#1166,.T.);
#1569=ORIENTED_EDGE('',*,*,#1167,.F.);
#1570=ORIENTED_EDGE('',*,*,#1168,.F.);
#1571=ORIENTED_EDGE('',*,*,#1164,.T.);
#1572=ORIENTED_EDGE('',*,*,#1169,.T.);
#1573=ORIENTED_EDGE('',*,*,#1170,.F.);
#1574=ORIENTED_EDGE('',*,*,#1171,.F.);
#1575=ORIENTED_EDGE('',*,*,#1167,.T.);
#1576=ORIENTED_EDGE('',*,*,#1172,.T.);
#1577=ORIENTED_EDGE('',*,*,#1173,.F.);
#1578=ORIENTED_EDGE('',*,*,#1174,.F.);
#1579=ORIENTED_EDGE('',*,*,#1170,.T.);
#1580=ORIENTED_EDGE('',*,*,#1175,.T.);
#1581=ORIENTED_EDGE('',*,*,#1176,.F.);
#1582=ORIENTED_EDGE('',*,*,#1177,.F.);
#1583=ORIENTED_EDGE('',*,*,#1173,.T.);
#1584=ORIENTED_EDGE('',*,*,#1178,.T.);
#1585=ORIENTED_EDGE('',*,*,#1179,.F.);
#1586=ORIENTED_EDGE('',*,*,#1180,.F.);
#1587=ORIENTED_EDGE('',*,*,#1176,.T.);
#1588=ORIENTED_EDGE('',*,*,#1181,.T.);
#1589=ORIENTED_EDGE('',*,*,#1182,.F.);
#1590=ORIENTED_EDGE('',*,*,#1183,.F.);
#1591=ORIENTED_EDGE('',*,*,#1179,.T.);
#1592=ORIENTED_EDGE('',*,*,#1184,.T.);
#1593=ORIENTED_EDGE('',*,*,#1185,.F.);
#1594=ORIENTED_EDGE('',*,*,#1186,.F.);
#1595=ORIENTED_EDGE('',*,*,#1182,.T.);
#1596=ORIENTED_EDGE('',*,*,#1187,.T.);
#1597=ORIENTED_EDGE('',*,*,#1188,.F.);
#1598=ORIENTED_EDGE('',*,*,#1189,.F.);
#1599=ORIENTED_EDGE('',*,*,#1185,.T.);
#1600=ORIENTED_EDGE('',*,*,#1190,.T.);
#1601=ORIENTED_EDGE('',*,*,#1159,.F.);
#1602=ORIENTED_EDGE('',*,*,#1191,.F.);
#1603=ORIENTED_EDGE('',*,*,#1188,.T.);
#1604=ORIENTED_EDGE('',*,*,#1156,.F.);
#1605=ORIENTED_EDGE('',*,*,#1190,.F.);
#1606=ORIENTED_EDGE('',*,*,#1187,.F.);
#1607=ORIENTED_EDGE('',*,*,#1184,.F.);
#1608=ORIENTED_EDGE('',*,*,#1181,.F.);
#1609=ORIENTED_EDGE('',*,*,#1178,.F.);
#1610=ORIENTED_EDGE('',*,*,#1175,.F.);
#1611=ORIENTED_EDGE('',*,*,#1172,.F.);
#1612=ORIENTED_EDGE('',*,*,#1169,.F.);
#1613=ORIENTED_EDGE('',*,*,#1166,.F.);
#1614=ORIENTED_EDGE('',*,*,#1163,.F.);
#1615=ORIENTED_EDGE('',*,*,#1160,.F.);
#1616=ORIENTED_EDGE('',*,*,#1192,.T.);
#1617=ORIENTED_EDGE('',*,*,#1193,.F.);
#1618=ORIENTED_EDGE('',*,*,#1194,.F.);
#1619=ORIENTED_EDGE('',*,*,#1195,.T.);
#1620=ORIENTED_EDGE('',*,*,#1196,.T.);
#1621=ORIENTED_EDGE('',*,*,#1197,.F.);
#1622=ORIENTED_EDGE('',*,*,#1198,.F.);
#1623=ORIENTED_EDGE('',*,*,#1193,.T.);
#1624=ORIENTED_EDGE('',*,*,#1199,.T.);
#1625=ORIENTED_EDGE('',*,*,#1200,.F.);
#1626=ORIENTED_EDGE('',*,*,#1201,.F.);
#1627=ORIENTED_EDGE('',*,*,#1197,.T.);
#1628=ORIENTED_EDGE('',*,*,#1202,.T.);
#1629=ORIENTED_EDGE('',*,*,#1195,.F.);
#1630=ORIENTED_EDGE('',*,*,#1203,.F.);
#1631=ORIENTED_EDGE('',*,*,#1200,.T.);
#1632=ORIENTED_EDGE('',*,*,#1192,.F.);
#1633=ORIENTED_EDGE('',*,*,#1202,.F.);
#1634=ORIENTED_EDGE('',*,*,#1199,.F.);
#1635=ORIENTED_EDGE('',*,*,#1196,.F.);
#1636=ORIENTED_EDGE('',*,*,#1204,.T.);
#1637=ORIENTED_EDGE('',*,*,#1205,.T.);
#1638=ORIENTED_EDGE('',*,*,#1206,.F.);
#1639=ORIENTED_EDGE('',*,*,#1205,.F.);
#1640=ORIENTED_EDGE('',*,*,#1204,.F.);
#1641=ORIENTED_EDGE('',*,*,#1207,.T.);
#1642=ORIENTED_EDGE('',*,*,#1208,.T.);
#1643=ORIENTED_EDGE('',*,*,#1209,.F.);
#1644=ORIENTED_EDGE('',*,*,#1208,.F.);
#1645=ORIENTED_EDGE('',*,*,#1207,.F.);
#1646=ORIENTED_EDGE('',*,*,#1206,.T.);
#1647=ORIENTED_EDGE('',*,*,#1210,.T.);
#1648=ORIENTED_EDGE('',*,*,#1211,.F.);
#1649=ORIENTED_EDGE('',*,*,#1212,.F.);
#1650=ORIENTED_EDGE('',*,*,#1209,.T.);
#1651=ORIENTED_EDGE('',*,*,#1211,.T.);
#1652=ORIENTED_EDGE('',*,*,#1213,.T.);
#1653=ORIENTED_EDGE('',*,*,#1214,.F.);
#1654=ORIENTED_EDGE('',*,*,#1213,.F.);
#1655=ORIENTED_EDGE('',*,*,#1215,.T.);
#1656=ORIENTED_EDGE('',*,*,#1216,.T.);
#1657=ORIENTED_EDGE('',*,*,#1217,.T.);
#1658=ORIENTED_EDGE('',*,*,#1218,.T.);
#1659=ORIENTED_EDGE('',*,*,#1214,.T.);
#1660=ORIENTED_EDGE('',*,*,#1119,.F.);
#1661=ORIENTED_EDGE('',*,*,#1123,.F.);
#1662=ORIENTED_EDGE('',*,*,#1219,.F.);
#1663=ORIENTED_EDGE('',*,*,#1220,.T.);
#1664=ORIENTED_EDGE('',*,*,#1221,.F.);
#1665=ORIENTED_EDGE('',*,*,#1222,.F.);
#1666=ORIENTED_EDGE('',*,*,#1223,.F.);
#1667=ORIENTED_EDGE('',*,*,#1224,.F.);
#1668=ORIENTED_EDGE('',*,*,#1225,.F.);
#1669=ORIENTED_EDGE('',*,*,#1226,.F.);
#1670=ORIENTED_EDGE('',*,*,#1227,.F.);
#1671=ORIENTED_EDGE('',*,*,#1228,.F.);
#1672=ORIENTED_EDGE('',*,*,#1229,.F.);
#1673=ORIENTED_EDGE('',*,*,#1230,.T.);
#1674=ORIENTED_EDGE('',*,*,#1231,.T.);
#1675=ORIENTED_EDGE('',*,*,#1138,.T.);
#1676=ORIENTED_EDGE('',*,*,#1232,.F.);
#1677=ORIENTED_EDGE('',*,*,#1147,.T.);
#1678=ORIENTED_EDGE('',*,*,#1151,.T.);
#1679=ORIENTED_EDGE('',*,*,#1154,.T.);
#1680=ORIENTED_EDGE('',*,*,#1233,.F.);
#1681=ORIENTED_EDGE('',*,*,#1234,.F.);
#1682=ORIENTED_EDGE('',*,*,#1140,.T.);
#1683=ORIENTED_EDGE('',*,*,#1134,.T.);
#1684=ORIENTED_EDGE('',*,*,#1100,.T.);
#1685=ORIENTED_EDGE('',*,*,#1069,.T.);
#1686=ORIENTED_EDGE('',*,*,#1072,.T.);
#1687=ORIENTED_EDGE('',*,*,#1074,.T.);
#1688=ORIENTED_EDGE('',*,*,#1104,.T.);
#1689=ORIENTED_EDGE('',*,*,#1102,.T.);
#1690=ORIENTED_EDGE('',*,*,#1097,.T.);
#1691=ORIENTED_EDGE('',*,*,#1099,.T.);
#1692=ORIENTED_EDGE('',*,*,#1106,.T.);
#1693=ORIENTED_EDGE('',*,*,#1108,.T.);
#1694=ORIENTED_EDGE('',*,*,#1109,.T.);
#1695=ORIENTED_EDGE('',*,*,#1094,.T.);
#1696=ORIENTED_EDGE('',*,*,#1158,.T.);
#1697=ORIENTED_EDGE('',*,*,#1162,.T.);
#1698=ORIENTED_EDGE('',*,*,#1165,.T.);
#1699=ORIENTED_EDGE('',*,*,#1168,.T.);
#1700=ORIENTED_EDGE('',*,*,#1171,.T.);
#1701=ORIENTED_EDGE('',*,*,#1174,.T.);
#1702=ORIENTED_EDGE('',*,*,#1177,.T.);
#1703=ORIENTED_EDGE('',*,*,#1180,.T.);
#1704=ORIENTED_EDGE('',*,*,#1183,.T.);
#1705=ORIENTED_EDGE('',*,*,#1186,.T.);
#1706=ORIENTED_EDGE('',*,*,#1189,.T.);
#1707=ORIENTED_EDGE('',*,*,#1191,.T.);
#1708=ORIENTED_EDGE('',*,*,#1194,.T.);
#1709=ORIENTED_EDGE('',*,*,#1198,.T.);
#1710=ORIENTED_EDGE('',*,*,#1201,.T.);
#1711=ORIENTED_EDGE('',*,*,#1203,.T.);
#1712=ORIENTED_EDGE('',*,*,#1222,.T.);
#1713=ORIENTED_EDGE('',*,*,#1235,.F.);
#1714=ORIENTED_EDGE('',*,*,#1236,.F.);
#1715=ORIENTED_EDGE('',*,*,#1237,.T.);
#1716=ORIENTED_EDGE('',*,*,#1221,.T.);
#1717=ORIENTED_EDGE('',*,*,#1238,.F.);
#1718=ORIENTED_EDGE('',*,*,#1239,.F.);
#1719=ORIENTED_EDGE('',*,*,#1235,.T.);
#1720=ORIENTED_EDGE('',*,*,#1229,.T.);
#1721=ORIENTED_EDGE('',*,*,#1240,.F.);
#1722=ORIENTED_EDGE('',*,*,#1241,.F.);
#1723=ORIENTED_EDGE('',*,*,#1242,.T.);
#1724=ORIENTED_EDGE('',*,*,#1228,.T.);
#1725=ORIENTED_EDGE('',*,*,#1243,.F.);
#1726=ORIENTED_EDGE('',*,*,#1244,.F.);
#1727=ORIENTED_EDGE('',*,*,#1240,.T.);
#1728=ORIENTED_EDGE('',*,*,#1227,.T.);
#1729=ORIENTED_EDGE('',*,*,#1245,.F.);
#1730=ORIENTED_EDGE('',*,*,#1246,.F.);
#1731=ORIENTED_EDGE('',*,*,#1216,.F.);
#1732=ORIENTED_EDGE('',*,*,#1247,.F.);
#1733=ORIENTED_EDGE('',*,*,#1243,.T.);
#1734=ORIENTED_EDGE('',*,*,#1226,.T.);
#1735=ORIENTED_EDGE('',*,*,#1248,.F.);
#1736=ORIENTED_EDGE('',*,*,#1249,.F.);
#1737=ORIENTED_EDGE('',*,*,#1245,.T.);
#1738=ORIENTED_EDGE('',*,*,#1225,.T.);
#1739=ORIENTED_EDGE('',*,*,#1250,.F.);
#1740=ORIENTED_EDGE('',*,*,#1251,.F.);
#1741=ORIENTED_EDGE('',*,*,#1248,.T.);
#1742=ORIENTED_EDGE('',*,*,#1219,.T.);
#1743=ORIENTED_EDGE('',*,*,#1252,.F.);
#1744=ORIENTED_EDGE('',*,*,#1253,.F.);
#1745=ORIENTED_EDGE('',*,*,#1254,.T.);
#1746=ORIENTED_EDGE('',*,*,#1224,.T.);
#1747=ORIENTED_EDGE('',*,*,#1255,.F.);
#1748=ORIENTED_EDGE('',*,*,#1256,.F.);
#1749=ORIENTED_EDGE('',*,*,#1252,.T.);
#1750=ORIENTED_EDGE('',*,*,#1223,.T.);
#1751=ORIENTED_EDGE('',*,*,#1237,.F.);
#1752=ORIENTED_EDGE('',*,*,#1257,.F.);
#1753=ORIENTED_EDGE('',*,*,#1218,.F.);
#1754=ORIENTED_EDGE('',*,*,#1258,.F.);
#1755=ORIENTED_EDGE('',*,*,#1255,.T.);
#1756=ORIENTED_EDGE('',*,*,#1239,.T.);
#1757=ORIENTED_EDGE('',*,*,#1259,.F.);
#1758=ORIENTED_EDGE('',*,*,#1253,.T.);
#1759=ORIENTED_EDGE('',*,*,#1256,.T.);
#1760=ORIENTED_EDGE('',*,*,#1258,.T.);
#1761=ORIENTED_EDGE('',*,*,#1260,.T.);
#1762=ORIENTED_EDGE('',*,*,#1257,.T.);
#1763=ORIENTED_EDGE('',*,*,#1236,.T.);
#1764=ORIENTED_EDGE('',*,*,#1241,.T.);
#1765=ORIENTED_EDGE('',*,*,#1244,.T.);
#1766=ORIENTED_EDGE('',*,*,#1247,.T.);
#1767=ORIENTED_EDGE('',*,*,#1261,.T.);
#1768=ORIENTED_EDGE('',*,*,#1262,.T.);
#1769=ORIENTED_EDGE('',*,*,#1246,.T.);
#1770=ORIENTED_EDGE('',*,*,#1249,.T.);
#1771=ORIENTED_EDGE('',*,*,#1251,.T.);
#1772=ORIENTED_EDGE('',*,*,#1263,.F.);
#1773=ORIENTED_EDGE('',*,*,#1264,.F.);
#1774=ORIENTED_EDGE('',*,*,#1261,.F.);
#1775=ORIENTED_EDGE('',*,*,#1215,.F.);
#1776=ORIENTED_EDGE('',*,*,#1260,.F.);
#1777=ORIENTED_EDGE('',*,*,#1217,.F.);
#1778=ORIENTED_EDGE('',*,*,#1262,.F.);
#1779=ORIENTED_EDGE('',*,*,#1265,.T.);
#1780=ORIENTED_EDGE('',*,*,#1210,.F.);
#1781=ORIENTED_EDGE('',*,*,#1265,.F.);
#1782=ORIENTED_EDGE('',*,*,#1212,.T.);
#1783=ORIENTED_EDGE('',*,*,#1266,.T.);
#1784=ORIENTED_EDGE('',*,*,#1263,.T.);
#1785=ORIENTED_EDGE('',*,*,#1250,.T.);
#1786=ORIENTED_EDGE('',*,*,#1231,.F.);
#1787=ORIENTED_EDGE('',*,*,#1267,.T.);
#1788=ORIENTED_EDGE('',*,*,#1233,.T.);
#1789=ORIENTED_EDGE('',*,*,#1153,.T.);
#1790=ORIENTED_EDGE('',*,*,#1155,.T.);
#1791=ORIENTED_EDGE('',*,*,#1148,.F.);
#1792=ORIENTED_EDGE('',*,*,#1232,.T.);
#1793=ORIENTED_EDGE('',*,*,#1137,.T.);
#1794=ORIENTED_EDGE('',*,*,#1142,.T.);
#1795=ORIENTED_EDGE('',*,*,#1141,.F.);
#1796=ORIENTED_EDGE('',*,*,#1234,.T.);
#1797=ORIENTED_EDGE('',*,*,#1267,.F.);
#1798=ORIENTED_EDGE('',*,*,#1230,.F.);
#1799=ORIENTED_EDGE('',*,*,#1242,.F.);
#1800=ORIENTED_EDGE('',*,*,#1264,.T.);
#1801=ORIENTED_EDGE('',*,*,#1266,.F.);
#1802=ORIENTED_EDGE('',*,*,#1254,.F.);
#1803=ORIENTED_EDGE('',*,*,#1259,.T.);
#1804=ORIENTED_EDGE('',*,*,#1238,.T.);
#1805=ORIENTED_EDGE('',*,*,#1220,.F.);
#1806=PLANE('',#2009);
#1807=PLANE('',#2010);
#1808=PLANE('',#2011);
#1809=PLANE('',#2012);
#1810=PLANE('',#2013);
#1811=PLANE('',#2014);
#1812=PLANE('',#2015);
#1813=PLANE('',#2016);
#1814=PLANE('',#2017);
#1815=PLANE('',#2020);
#1816=PLANE('',#2022);
#1817=PLANE('',#2023);
#1818=PLANE('',#2031);
#1819=PLANE('',#2032);
#1820=PLANE('',#2033);
#1821=PLANE('',#2034);
#1822=PLANE('',#2035);
#1823=PLANE('',#2036);
#1824=PLANE('',#2040);
#1825=PLANE('',#2047);
#1826=PLANE('',#2054);
#1827=PLANE('',#2061);
#1828=PLANE('',#2079);
#1829=PLANE('',#2083);
#1830=PLANE('',#2084);
#1831=PLANE('',#2085);
#1832=PLANE('',#2086);
#1833=PLANE('',#2090);
#1834=PLANE('',#2091);
#1835=PLANE('',#2092);
#1836=PLANE('',#2093);
#1837=PLANE('',#2095);
#1838=PLANE('',#2096);
#1839=PLANE('',#2097);
#1840=PLANE('',#2098);
#1841=PLANE('',#2099);
#1842=PLANE('',#2100);
#1843=PLANE('',#2101);
#1844=PLANE('',#2102);
#1845=PLANE('',#2103);
#1846=PLANE('',#2104);
#1847=PLANE('',#2105);
#1848=PLANE('',#2106);
#1849=PLANE('',#2107);
#1850=PLANE('',#2108);
#1851=PLANE('',#2109);
#1852=PLANE('',#2110);
#1853=PLANE('',#2111);
#1854=PLANE('',#2112);
#1855=PLANE('',#2116);
#1856=PLANE('',#2120);
#1857=PLANE('',#2121);
#1858=PLANE('',#2124);
#1859=PLANE('',#2128);
#1860=PLANE('',#2133);
#1861=PLANE('',#2134);
#1862=PLANE('',#2135);
#1863=PLANE('',#2140);
#1864=PLANE('',#2146);
#1865=PLANE('',#2150);
#1866=PLANE('',#2155);
#1867=PLANE('',#2159);
#1868=PLANE('',#2164);
#1869=PLANE('',#2168);
#1870=PLANE('',#2171);
#1871=ADVANCED_FACE('',(#305),#1806,.F.);
#1872=ADVANCED_FACE('',(#306),#1807,.F.);
#1873=ADVANCED_FACE('',(#307),#1808,.F.);
#1874=ADVANCED_FACE('',(#308),#1809,.F.);
#1875=ADVANCED_FACE('',(#309),#1810,.T.);
#1876=ADVANCED_FACE('',(#310),#1811,.T.);
#1877=ADVANCED_FACE('',(#311),#1812,.T.);
#1878=ADVANCED_FACE('',(#312),#1813,.F.);
#1879=ADVANCED_FACE('',(#313,#209),#1814,.F.);
#1880=ADVANCED_FACE('',(#314),#1815,.F.);
#1881=ADVANCED_FACE('',(#315),#1816,.F.);
#1882=ADVANCED_FACE('',(#316),#1817,.F.);
#1883=ADVANCED_FACE('',(#317),#189,.F.);
#1884=ADVANCED_FACE('',(#318),#190,.T.);
#1885=ADVANCED_FACE('',(#319),#1818,.T.);
#1886=ADVANCED_FACE('',(#320,#210,#211),#1819,.T.);
#1887=ADVANCED_FACE('',(#321),#1820,.T.);
#1888=ADVANCED_FACE('',(#322),#1821,.F.);
#1889=ADVANCED_FACE('',(#323),#1822,.T.);
#1890=ADVANCED_FACE('',(#324),#1823,.T.);
#1891=ADVANCED_FACE('',(#325),#191,.F.);
#1892=ADVANCED_FACE('',(#326),#1824,.T.);
#1893=ADVANCED_FACE('',(#327),#65,.F.);
#1894=ADVANCED_FACE('',(#328),#66,.F.);
#1895=ADVANCED_FACE('',(#329),#67,.F.);
#1896=ADVANCED_FACE('',(#330),#68,.F.);
#1897=ADVANCED_FACE('',(#331),#69,.F.);
#1898=ADVANCED_FACE('',(#332),#70,.F.);
#1899=ADVANCED_FACE('',(#333),#71,.T.);
#1900=ADVANCED_FACE('',(#334),#72,.T.);
#1901=ADVANCED_FACE('',(#335),#73,.T.);
#1902=ADVANCED_FACE('',(#336),#1825,.T.);
#1903=ADVANCED_FACE('',(#337),#74,.F.);
#1904=ADVANCED_FACE('',(#338),#75,.F.);
#1905=ADVANCED_FACE('',(#339),#76,.F.);
#1906=ADVANCED_FACE('',(#340),#77,.F.);
#1907=ADVANCED_FACE('',(#341),#78,.F.);
#1908=ADVANCED_FACE('',(#342),#79,.F.);
#1909=ADVANCED_FACE('',(#343),#80,.F.);
#1910=ADVANCED_FACE('',(#344),#81,.F.);
#1911=ADVANCED_FACE('',(#345),#82,.F.);
#1912=ADVANCED_FACE('',(#346),#1826,.F.);
#1913=ADVANCED_FACE('',(#347),#83,.T.);
#1914=ADVANCED_FACE('',(#348),#84,.T.);
#1915=ADVANCED_FACE('',(#349),#85,.T.);
#1916=ADVANCED_FACE('',(#350),#86,.F.);
#1917=ADVANCED_FACE('',(#351),#87,.F.);
#1918=ADVANCED_FACE('',(#352),#88,.F.);
#1919=ADVANCED_FACE('',(#353),#13,.F.);
#1920=ADVANCED_FACE('',(#354),#192,.T.);
#1921=ADVANCED_FACE('',(#355,#212),#1827,.F.);
#1922=ADVANCED_FACE('',(#356),#14,.F.);
#1923=ADVANCED_FACE('',(#357),#193,.T.);
#1924=ADVANCED_FACE('',(#358),#15,.F.);
#1925=ADVANCED_FACE('',(#359),#194,.T.);
#1926=ADVANCED_FACE('',(#360),#16,.F.);
#1927=ADVANCED_FACE('',(#361),#195,.T.);
#1928=ADVANCED_FACE('',(#362,#213),#1828,.F.);
#1929=ADVANCED_FACE('',(#363),#196,.F.);
#1930=ADVANCED_FACE('',(#364),#1829,.T.);
#1931=ADVANCED_FACE('',(#365),#1830,.T.);
#1932=ADVANCED_FACE('',(#366),#1831,.T.);
#1933=ADVANCED_FACE('',(#367,#214),#1832,.F.);
#1934=ADVANCED_FACE('',(#368),#197,.F.);
#1935=ADVANCED_FACE('',(#369),#1833,.T.);
#1936=ADVANCED_FACE('',(#370),#1834,.T.);
#1937=ADVANCED_FACE('',(#371),#1835,.T.);
#1938=ADVANCED_FACE('',(#372,#215),#1836,.F.);
#1939=ADVANCED_FACE('',(#373),#1837,.T.);
#1940=ADVANCED_FACE('',(#374),#1838,.T.);
#1941=ADVANCED_FACE('',(#375),#1839,.T.);
#1942=ADVANCED_FACE('',(#376),#1840,.T.);
#1943=ADVANCED_FACE('',(#377),#1841,.T.);
#1944=ADVANCED_FACE('',(#378),#1842,.T.);
#1945=ADVANCED_FACE('',(#379),#1843,.T.);
#1946=ADVANCED_FACE('',(#380),#1844,.T.);
#1947=ADVANCED_FACE('',(#381),#1845,.T.);
#1948=ADVANCED_FACE('',(#382),#1846,.T.);
#1949=ADVANCED_FACE('',(#383),#1847,.T.);
#1950=ADVANCED_FACE('',(#384),#1848,.T.);
#1951=ADVANCED_FACE('',(#385),#1849,.F.);
#1952=ADVANCED_FACE('',(#386),#1850,.T.);
#1953=ADVANCED_FACE('',(#387),#1851,.T.);
#1954=ADVANCED_FACE('',(#388),#1852,.T.);
#1955=ADVANCED_FACE('',(#389),#1853,.T.);
#1956=ADVANCED_FACE('',(#390),#1854,.F.);
#1957=ADVANCED_FACE('',(#391),#198,.T.);
#1958=ADVANCED_FACE('',(#392),#1855,.F.);
#1959=ADVANCED_FACE('',(#393),#199,.T.);
#1960=ADVANCED_FACE('',(#394,#216),#1856,.F.);
#1961=ADVANCED_FACE('',(#395,#217),#1857,.T.);
#1962=ADVANCED_FACE('',(#396,#218),#1858,.F.);
#1963=ADVANCED_FACE('',(#397),#200,.T.);
#1964=ADVANCED_FACE('',(#398,#219),#1859,.T.);
#1965=ADVANCED_FACE('',(#399),#1860,.F.);
#1966=ADVANCED_FACE('',(#400),#1861,.F.);
#1967=ADVANCED_FACE('',(#401),#1862,.T.);
#1968=ADVANCED_FACE('',(#402),#1863,.T.);
#1969=ADVANCED_FACE('',(#403,#220,#221,#222,#223),#1864,.F.);
#1970=ADVANCED_FACE('',(#404),#1865,.T.);
#1971=ADVANCED_FACE('',(#405),#201,.T.);
#1972=ADVANCED_FACE('',(#406),#202,.T.);
#1973=ADVANCED_FACE('',(#407),#1866,.T.);
#1974=ADVANCED_FACE('',(#408),#203,.F.);
#1975=ADVANCED_FACE('',(#409),#1867,.T.);
#1976=ADVANCED_FACE('',(#410),#204,.T.);
#1977=ADVANCED_FACE('',(#411),#205,.T.);
#1978=ADVANCED_FACE('',(#412),#1868,.T.);
#1979=ADVANCED_FACE('',(#413),#206,.F.);
#1980=ADVANCED_FACE('',(#414),#1869,.F.);
#1981=ADVANCED_FACE('',(#415),#1870,.F.);
#1982=ADVANCED_FACE('',(#416),#207,.F.);
#1983=ADVANCED_FACE('',(#417,#224),#208,.T.);
#1984=CLOSED_SHELL('',(#1871,#1872,#1873,#1874,#1875,#1876,#1877,#1878,
#1879,#1880,#1881,#1882,#1883,#1884,#1885,#1886,#1887,#1888,#1889));
#1985=CLOSED_SHELL('',(#1890,#1891,#1892));
#1986=CLOSED_SHELL('',(#1893,#1894,#1895,#1896,#1897,#1898,#1899,#1900,
#1901,#1902,#1903,#1904,#1905,#1906,#1907,#1908,#1909,#1910,#1911,#1912,
#1913,#1914,#1915,#1916,#1917,#1918,#1919,#1920,#1921,#1922,#1923,#1924,
#1925,#1926,#1927,#1928,#1929,#1930,#1931,#1932,#1933,#1934,#1935,#1936,
#1937,#1938,#1939,#1940,#1941,#1942,#1943,#1944,#1945,#1946,#1947,#1948,
#1949,#1950,#1951,#1952,#1953,#1954,#1955,#1956,#1957,#1958,#1959,#1960,
#1961,#1962,#1963,#1964,#1965,#1966,#1967,#1968,#1969,#1970,#1971,#1972,
#1973,#1974,#1975,#1976,#1977,#1978,#1979,#1980,#1981,#1982,#1983));
#1987=DERIVED_UNIT_ELEMENT(#1990,1.);
#1988=DERIVED_UNIT_ELEMENT(#4657,-3.);
#1989=DIMENSIONAL_EXPONENTS(0.,1.,0.,0.,0.,0.,0.);
#1990=(
CONVERSION_BASED_UNIT('gram',#1992)
MASS_UNIT()
NAMED_UNIT(#1989)
);
#1991=(
MASS_UNIT()
NAMED_UNIT(*)
SI_UNIT(.KILO.,.GRAM.)
);
#1992=MASS_MEASURE_WITH_UNIT(MASS_MEASURE(0.001),#1991);
#1993=DERIVED_UNIT((#1987,#1988));
#1994=MEASURE_REPRESENTATION_ITEM('density measure',
POSITIVE_RATIO_MEASURE(1.),#1993);
#1995=PROPERTY_DEFINITION_REPRESENTATION(#2000,#1997);
#1996=PROPERTY_DEFINITION_REPRESENTATION(#2001,#1998);
#1997=REPRESENTATION('material name',(#1999),#4654);
#1998=REPRESENTATION('density',(#1994),#4654);
#1999=DESCRIPTIVE_REPRESENTATION_ITEM('Generic','Generic');
#2000=PROPERTY_DEFINITION('material property','material name',#4664);
#2001=PROPERTY_DEFINITION('material property','density of part',#4664);
#2002=DATE_TIME_ROLE('creation_date');
#2003=APPLIED_DATE_AND_TIME_ASSIGNMENT(#2004,#2002,(#4664));
#2004=DATE_AND_TIME(#2005,#2006);
#2005=CALENDAR_DATE(2008,10,4);
#2006=LOCAL_TIME(0,0,0.,#2007);
#2007=COORDINATED_UNIVERSAL_TIME_OFFSET(0,0,.BEHIND.);
#2008=AXIS2_PLACEMENT_3D('',#2659,#2178,#2179);
#2009=AXIS2_PLACEMENT_3D('',#2660,#2180,#2181);
#2010=AXIS2_PLACEMENT_3D('',#2669,#2186,#2187);
#2011=AXIS2_PLACEMENT_3D('',#2678,#2192,#2193);
#2012=AXIS2_PLACEMENT_3D('',#2681,#2196,#2197);
#2013=AXIS2_PLACEMENT_3D('',#2684,#2200,#2201);
#2014=AXIS2_PLACEMENT_3D('',#2690,#2205,#2206);
#2015=AXIS2_PLACEMENT_3D('',#2696,#2210,#2211);
#2016=AXIS2_PLACEMENT_3D('',#2702,#2215,#2216);
#2017=AXIS2_PLACEMENT_3D('',#2708,#2220,#2221);
#2018=AXIS2_PLACEMENT_3D('',#2710,#2222,#2223);
#2019=AXIS2_PLACEMENT_3D('',#2712,#2224,#2225);
#2020=AXIS2_PLACEMENT_3D('',#2713,#2226,#2227);
#2021=AXIS2_PLACEMENT_3D('',#2715,#2228,#2229);
#2022=AXIS2_PLACEMENT_3D('',#2719,#2232,#2233);
#2023=AXIS2_PLACEMENT_3D('',#2722,#2236,#2237);
#2024=AXIS2_PLACEMENT_3D('',#2724,#2238,#2239);
#2025=AXIS2_PLACEMENT_3D('',#2725,#2240,#2241);
#2026=AXIS2_PLACEMENT_3D('',#2726,#2242,#2243);
#2027=AXIS2_PLACEMENT_3D('',#2728,#2245,#2246);
#2028=AXIS2_PLACEMENT_3D('',#2731,#2247,#2248);
#2029=AXIS2_PLACEMENT_3D('',#2734,#2250,#2251);
#2030=AXIS2_PLACEMENT_3D('',#2738,#2253,#2254);
#2031=AXIS2_PLACEMENT_3D('',#2740,#2256,#2257);
#2032=AXIS2_PLACEMENT_3D('',#2746,#2261,#2262);
#2033=AXIS2_PLACEMENT_3D('',#2752,#2266,#2267);
#2034=AXIS2_PLACEMENT_3D('',#2755,#2270,#2271);
#2035=AXIS2_PLACEMENT_3D('',#2756,#2272,#2273);
#2036=AXIS2_PLACEMENT_3D('',#2757,#2274,#2275);
#2037=AXIS2_PLACEMENT_3D('',#2759,#2276,#2277);
#2038=AXIS2_PLACEMENT_3D('',#2760,#2278,#2279);
#2039=AXIS2_PLACEMENT_3D('',#2763,#2281,#2282);
#2040=AXIS2_PLACEMENT_3D('',#2764,#2283,#2284);
#2041=AXIS2_PLACEMENT_3D('',#2783,#2285,#2286);
#2042=AXIS2_PLACEMENT_3D('',#2790,#2287,#2288);
#2043=AXIS2_PLACEMENT_3D('',#2837,#2289,#2290);
#2044=AXIS2_PLACEMENT_3D('',#2876,#2291,#2292);
#2045=AXIS2_PLACEMENT_3D('',#2947,#2293,#2294);
#2046=AXIS2_PLACEMENT_3D('',#2996,#2295,#2296);
#2047=AXIS2_PLACEMENT_3D('',#3278,#2297,#2298);
#2048=AXIS2_PLACEMENT_3D('',#3297,#2299,#2300);
#2049=AXIS2_PLACEMENT_3D('',#3304,#2301,#2302);
#2050=AXIS2_PLACEMENT_3D('',#3363,#2303,#2304);
#2051=AXIS2_PLACEMENT_3D('',#3408,#2305,#2306);
#2052=AXIS2_PLACEMENT_3D('',#3459,#2307,#2308);
#2053=AXIS2_PLACEMENT_3D('',#3498,#2309,#2310);
#2054=AXIS2_PLACEMENT_3D('',#3831,#2311,#2312);
#2055=AXIS2_PLACEMENT_3D('',#4327,#2313,#2314);
#2056=AXIS2_PLACEMENT_3D('',#4329,#2315,#2316);
#2057=AXIS2_PLACEMENT_3D('',#4331,#2317,#2318);
#2058=AXIS2_PLACEMENT_3D('',#4332,#2319,#2320);
#2059=AXIS2_PLACEMENT_3D('',#4333,#2321,#2322);
#2060=AXIS2_PLACEMENT_3D('',#4335,#2323,#2324);
#2061=AXIS2_PLACEMENT_3D('',#4337,#2326,#2327);
#2062=AXIS2_PLACEMENT_3D('',#4339,#2328,#2329);
#2063=AXIS2_PLACEMENT_3D('',#4340,#2330,#2331);
#2064=AXIS2_PLACEMENT_3D('',#4342,#2332,#2333);
#2065=AXIS2_PLACEMENT_3D('',#4344,#2334,#2335);
#2066=AXIS2_PLACEMENT_3D('',#4345,#2336,#2337);
#2067=AXIS2_PLACEMENT_3D('',#4346,#2338,#2339);
#2068=AXIS2_PLACEMENT_3D('',#4348,#2340,#2341);
#2069=AXIS2_PLACEMENT_3D('',#4350,#2343,#2344);
#2070=AXIS2_PLACEMENT_3D('',#4352,#2345,#2346);
#2071=AXIS2_PLACEMENT_3D('',#4353,#2347,#2348);
#2072=AXIS2_PLACEMENT_3D('',#4354,#2349,#2350);
#2073=AXIS2_PLACEMENT_3D('',#4356,#2351,#2352);
#2074=AXIS2_PLACEMENT_3D('',#4358,#2354,#2355);
#2075=AXIS2_PLACEMENT_3D('',#4360,#2356,#2357);
#2076=AXIS2_PLACEMENT_3D('',#4362,#2358,#2359);
#2077=AXIS2_PLACEMENT_3D('',#4363,#2360,#2361);
#2078=AXIS2_PLACEMENT_3D('',#4364,#2362,#2363);
#2079=AXIS2_PLACEMENT_3D('',#4366,#2365,#2366);
#2080=AXIS2_PLACEMENT_3D('',#4368,#2367,#2368);
#2081=AXIS2_PLACEMENT_3D('',#4369,#2369,#2370);
#2082=AXIS2_PLACEMENT_3D('',#4372,#2372,#2373);
#2083=AXIS2_PLACEMENT_3D('',#4373,#2374,#2375);
#2084=AXIS2_PLACEMENT_3D('',#4382,#2380,#2381);
#2085=AXIS2_PLACEMENT_3D('',#4388,#2385,#2386);
#2086=AXIS2_PLACEMENT_3D('',#4394,#2390,#2391);
#2087=AXIS2_PLACEMENT_3D('',#4395,#2392,#2393);
#2088=AXIS2_PLACEMENT_3D('',#4396,#2394,#2395);
#2089=AXIS2_PLACEMENT_3D('',#4399,#2397,#2398);
#2090=AXIS2_PLACEMENT_3D('',#4400,#2399,#2400);
#2091=AXIS2_PLACEMENT_3D('',#4409,#2405,#2406);
#2092=AXIS2_PLACEMENT_3D('',#4415,#2410,#2411);
#2093=AXIS2_PLACEMENT_3D('',#4421,#2415,#2416);
#2094=AXIS2_PLACEMENT_3D('',#4422,#2417,#2418);
#2095=AXIS2_PLACEMENT_3D('',#4423,#2419,#2420);
#2096=AXIS2_PLACEMENT_3D('',#4432,#2425,#2426);
#2097=AXIS2_PLACEMENT_3D('',#4438,#2430,#2431);
#2098=AXIS2_PLACEMENT_3D('',#4444,#2435,#2436);
#2099=AXIS2_PLACEMENT_3D('',#4450,#2440,#2441);
#2100=AXIS2_PLACEMENT_3D('',#4456,#2445,#2446);
#2101=AXIS2_PLACEMENT_3D('',#4462,#2450,#2451);
#2102=AXIS2_PLACEMENT_3D('',#4468,#2455,#2456);
#2103=AXIS2_PLACEMENT_3D('',#4474,#2460,#2461);
#2104=AXIS2_PLACEMENT_3D('',#4480,#2465,#2466);
#2105=AXIS2_PLACEMENT_3D('',#4486,#2470,#2471);
#2106=AXIS2_PLACEMENT_3D('',#4492,#2475,#2476);
#2107=AXIS2_PLACEMENT_3D('',#4495,#2479,#2480);
#2108=AXIS2_PLACEMENT_3D('',#4496,#2481,#2482);
#2109=AXIS2_PLACEMENT_3D('',#4505,#2487,#2488);
#2110=AXIS2_PLACEMENT_3D('',#4511,#2492,#2493);
#2111=AXIS2_PLACEMENT_3D('',#4517,#2497,#2498);
#2112=AXIS2_PLACEMENT_3D('',#4520,#2501,#2502);
#2113=AXIS2_PLACEMENT_3D('',#4521,#2503,#2504);
#2114=AXIS2_PLACEMENT_3D('',#4523,#2505,#2506);
#2115=AXIS2_PLACEMENT_3D('',#4526,#2508,#2509);
#2116=AXIS2_PLACEMENT_3D('',#4527,#2510,#2511);
#2117=AXIS2_PLACEMENT_3D('',#4528,#2512,#2513);
#2118=AXIS2_PLACEMENT_3D('',#4530,#2514,#2515);
#2119=AXIS2_PLACEMENT_3D('',#4533,#2517,#2518);
#2120=AXIS2_PLACEMENT_3D('',#4534,#2519,#2520);
#2121=AXIS2_PLACEMENT_3D('',#4535,#2521,#2522);
#2122=AXIS2_PLACEMENT_3D('',#4537,#2523,#2524);
#2123=AXIS2_PLACEMENT_3D('',#4539,#2525,#2526);
#2124=AXIS2_PLACEMENT_3D('',#4540,#2527,#2528);
#2125=AXIS2_PLACEMENT_3D('',#4542,#2529,#2530);
#2126=AXIS2_PLACEMENT_3D('',#4543,#2531,#2532);
#2127=AXIS2_PLACEMENT_3D('',#4546,#2534,#2535);
#2128=AXIS2_PLACEMENT_3D('',#4547,#2536,#2537);
#2129=AXIS2_PLACEMENT_3D('',#4550,#2538,#2539);
#2130=AXIS2_PLACEMENT_3D('',#4552,#2540,#2541);
#2131=AXIS2_PLACEMENT_3D('',#4554,#2542,#2543);
#2132=AXIS2_PLACEMENT_3D('',#4555,#2544,#2545);
#2133=AXIS2_PLACEMENT_3D('',#4556,#2546,#2547);
#2134=AXIS2_PLACEMENT_3D('',#4557,#2548,#2549);
#2135=AXIS2_PLACEMENT_3D('',#4558,#2550,#2551);
#2136=AXIS2_PLACEMENT_3D('',#4561,#2552,#2553);
#2137=AXIS2_PLACEMENT_3D('',#4563,#2554,#2555);
#2138=AXIS2_PLACEMENT_3D('',#4565,#2556,#2557);
#2139=AXIS2_PLACEMENT_3D('',#4569,#2559,#2560);
#2140=AXIS2_PLACEMENT_3D('',#4571,#2562,#2563);
#2141=AXIS2_PLACEMENT_3D('',#4574,#2564,#2565);
#2142=AXIS2_PLACEMENT_3D('',#4578,#2567,#2568);
#2143=AXIS2_PLACEMENT_3D('',#4582,#2570,#2571);
#2144=AXIS2_PLACEMENT_3D('',#4584,#2572,#2573);
#2145=AXIS2_PLACEMENT_3D('',#4585,#2574,#2575);
#2146=AXIS2_PLACEMENT_3D('',#4586,#2576,#2577);
#2147=AXIS2_PLACEMENT_3D('',#4587,#2578,#2579);
#2148=AXIS2_PLACEMENT_3D('',#4589,#2580,#2581);
#2149=AXIS2_PLACEMENT_3D('',#4590,#2582,#2583);
#2150=AXIS2_PLACEMENT_3D('',#4591,#2584,#2585);
#2151=AXIS2_PLACEMENT_3D('',#4597,#2589,#2590);
#2152=AXIS2_PLACEMENT_3D('',#4600,#2592,#2593);
#2153=AXIS2_PLACEMENT_3D('',#4601,#2594,#2595);
#2154=AXIS2_PLACEMENT_3D('',#4605,#2597,#2598);
#2155=AXIS2_PLACEMENT_3D('',#4607,#2600,#2601);
#2156=AXIS2_PLACEMENT_3D('',#4611,#2604,#2605);
#2157=AXIS2_PLACEMENT_3D('',#4614,#2607,#2608);
#2158=AXIS2_PLACEMENT_3D('',#4615,#2609,#2610);
#2159=AXIS2_PLACEMENT_3D('',#4616,#2611,#2612);
#2160=AXIS2_PLACEMENT_3D('',#4620,#2615,#2616);
#2161=AXIS2_PLACEMENT_3D('',#4623,#2618,#2619);
#2162=AXIS2_PLACEMENT_3D('',#4624,#2620,#2621);
#2163=AXIS2_PLACEMENT_3D('',#4628,#2623,#2624);
#2164=AXIS2_PLACEMENT_3D('',#4630,#2626,#2627);
#2165=AXIS2_PLACEMENT_3D('',#4634,#2630,#2631);
#2166=AXIS2_PLACEMENT_3D('',#4635,#2632,#2633);
#2167=AXIS2_PLACEMENT_3D('',#4636,#2634,#2635);
#2168=AXIS2_PLACEMENT_3D('',#4637,#2636,#2637);
#2169=AXIS2_PLACEMENT_3D('',#4638,#2638,#2639);
#2170=AXIS2_PLACEMENT_3D('',#4639,#2640,#2641);
#2171=AXIS2_PLACEMENT_3D('',#4640,#2642,#2643);
#2172=AXIS2_PLACEMENT_3D('',#4642,#2644,#2645);
#2173=AXIS2_PLACEMENT_3D('',#4643,#2646,#2647);
#2174=AXIS2_PLACEMENT_3D('',#4645,#2648,#2649);
#2175=AXIS2_PLACEMENT_3D('',#4646,#2650,#2651);
#2176=AXIS2_PLACEMENT_3D('',#4647,#2652,#2653);
#2177=AXIS2_PLACEMENT_3D('',#4649,#2655,#2656);
#2178=DIRECTION('axis',(0.,0.,1.));
#2179=DIRECTION('refdir',(1.,0.,0.));
#2180=DIRECTION('center_axis',(1.,1.90340881206221E-32,8.5721912167371E-17));
#2181=DIRECTION('ref_axis',(-8.5721912167371E-17,2.22044604925031E-16,1.));
#2182=DIRECTION('',(-8.5721912167371E-17,2.22044604925031E-16,1.));
#2183=DIRECTION('',(0.,1.,-2.22044604925031E-16));
#2184=DIRECTION('',(-8.5721912167371E-17,2.22044604925031E-16,1.));
#2185=DIRECTION('',(0.,-1.,2.22044604925031E-16));
#2186=DIRECTION('center_axis',(-1.,-4.49437867704777E-32,-2.02408821352142E-16));
#2187=DIRECTION('ref_axis',(2.02408821352142E-16,-2.22044604925031E-16,
-1.));
#2188=DIRECTION('',(2.02408821352142E-16,-2.22044604925031E-16,-1.));
#2189=DIRECTION('',(0.,1.,-2.22044604925031E-16));
#2190=DIRECTION('',(2.02408821352142E-16,-2.22044604925031E-16,-1.));
#2191=DIRECTION('',(0.,-1.,2.22044604925031E-16));
#2192=DIRECTION('center_axis',(0.,-1.,2.22044604925031E-16));
#2193=DIRECTION('ref_axis',(-1.,0.,0.));
#2194=DIRECTION('',(-1.,-2.93475039144722E-32,-1.32169407693471E-16));
#2195=DIRECTION('',(1.,-5.35910941046883E-32,-2.41352831440251E-16));
#2196=DIRECTION('center_axis',(0.,1.,-2.22044604925031E-16));
#2197=DIRECTION('ref_axis',(1.,0.,0.));
#2198=DIRECTION('',(1.,2.93475039144722E-32,1.32169407693471E-16));
#2199=DIRECTION('',(-1.,5.35910941046883E-32,2.41352831440251E-16));
#2200=DIRECTION('center_axis',(-1.32169407693471E-16,2.22044604925031E-16,
1.));
#2201=DIRECTION('ref_axis',(-1.,-2.93475039144722E-32,-1.32169407693471E-16));
#2202=DIRECTION('',(0.,1.,-2.22044604925031E-16));
#2203=DIRECTION('',(-1.,-2.93475039144722E-32,-1.32169407693471E-16));
#2204=DIRECTION('',(0.,-1.,2.22044604925031E-16));
#2205=DIRECTION('center_axis',(0.,-1.,2.22044604925031E-16));
#2206=DIRECTION('ref_axis',(-1.,0.,0.));
#2207=DIRECTION('',(2.08166817117217E-16,2.22044604925031E-16,1.));
#2208=DIRECTION('',(1.,-5.86950078289443E-32,-2.64338815386942E-16));
#2209=DIRECTION('',(-2.08166817117217E-16,-2.22044604925031E-16,-1.));
#2210=DIRECTION('center_axis',(-1.32169407693471E-16,2.22044604925031E-16,
1.));
#2211=DIRECTION('ref_axis',(-1.,-2.93475039144722E-32,-1.32169407693471E-16));
#2212=DIRECTION('',(0.,-1.,2.22044604925031E-16));
#2213=DIRECTION('',(1.,2.93475039144722E-32,1.32169407693471E-16));
#2214=DIRECTION('',(0.,1.,-2.22044604925031E-16));
#2215=DIRECTION('center_axis',(1.,-4.62223186652936E-32,-2.08166817117217E-16));
#2216=DIRECTION('ref_axis',(0.,-1.,2.22044604925031E-16));
#2217=DIRECTION('',(0.,1.,-2.22044604925031E-16));
#2218=DIRECTION('',(2.08166817117217E-16,2.22044604925031E-16,1.));
#2219=DIRECTION('',(0.,-1.,2.22044604925031E-16));
#2220=DIRECTION('center_axis',(0.,1.,-2.22044604925031E-16));
#2221=DIRECTION('ref_axis',(1.,0.,0.));
#2222=DIRECTION('center_axis',(0.,1.,-2.22044604925031E-16));
#2223=DIRECTION('ref_axis',(-0.5,-1.92296268638356E-16,-0.866025403784439));
#2224=DIRECTION('center_axis',(0.,-1.,2.22044604925031E-16));
#2225=DIRECTION('ref_axis',(-0.5,-1.92296268638356E-16,-0.866025403784439));
#2226=DIRECTION('center_axis',(0.,-1.,2.22044604925031E-16));
#2227=DIRECTION('ref_axis',(-1.,0.,0.));
#2228=DIRECTION('center_axis',(0.,1.,-2.22044604925031E-16));
#2229=DIRECTION('ref_axis',(-0.5,-1.92296268638356E-16,-0.866025403784439));
#2230=DIRECTION('',(1.,-5.35910941046883E-32,-2.41352831440251E-16));
#2231=DIRECTION('',(2.08166817117217E-16,2.22044604925031E-16,1.));
#2232=DIRECTION('center_axis',(-1.,4.62223186652936E-32,2.08166817117217E-16));
#2233=DIRECTION('ref_axis',(0.,1.,-2.22044604925031E-16));
#2234=DIRECTION('',(0.,1.,-2.22044604925031E-16));
#2235=DIRECTION('',(0.,-1.,2.22044604925031E-16));
#2236=DIRECTION('center_axis',(0.,1.,-2.22044604925031E-16));
#2237=DIRECTION('ref_axis',(1.,0.,0.));
#2238=DIRECTION('center_axis',(0.,-1.,2.22044604925031E-16));
#2239=DIRECTION('ref_axis',(0.51219512195122,-1.90707253367534E-16,-0.858869115202878));
#2240=DIRECTION('center_axis',(0.,-1.,2.22044604925031E-16));
#2241=DIRECTION('ref_axis',(0.51219512195122,-1.90707253367534E-16,-0.858869115202878));
#2242=DIRECTION('center_axis',(0.,1.,-2.22044604925031E-16));
#2243=DIRECTION('ref_axis',(-0.5,-1.92296268638356E-16,-0.866025403784439));
#2244=DIRECTION('',(0.,1.,-2.22044604925031E-16));
#2245=DIRECTION('center_axis',(0.,1.,-2.22044604925031E-16));
#2246=DIRECTION('ref_axis',(-0.5,-1.92296268638356E-16,-0.866025403784439));
#2247=DIRECTION('center_axis',(0.,-1.,2.22044604925031E-16));
#2248=DIRECTION('ref_axis',(-0.5,-1.92296268638356E-16,-0.866025403784439));
#2249=DIRECTION('',(0.,-1.,2.22044604925031E-16));
#2250=DIRECTION('center_axis',(0.,-1.,2.22044604925031E-16));
#2251=DIRECTION('ref_axis',(-0.5,-1.92296268638356E-16,-0.866025403784439));
#2252=DIRECTION('',(0.,-1.,2.22044604925031E-16));
#2253=DIRECTION('center_axis',(0.,1.,-2.22044604925031E-16));
#2254=DIRECTION('ref_axis',(1.,0.,0.));
#2255=DIRECTION('',(0.,1.,-2.22044604925031E-16));
#2256=DIRECTION('center_axis',(-1.,3.21610918817787E-32,1.44840681414607E-16));
#2257=DIRECTION('ref_axis',(0.,1.,-2.22044604925031E-16));
#2258=DIRECTION('',(-1.44840681414607E-16,-2.22044604925031E-16,-1.));
#2259=DIRECTION('',(0.,1.,-2.22044604925031E-16));
#2260=DIRECTION('',(1.44840681414607E-16,2.22044604925031E-16,1.));
#2261=DIRECTION('center_axis',(-2.41352831440251E-16,-2.22044604925031E-16,
-1.));
#2262=DIRECTION('ref_axis',(0.,1.,-2.22044604925031E-16));
#2263=DIRECTION('',(1.,-5.35910941046883E-32,-2.41352831440251E-16));
#2264=DIRECTION('',(0.,1.,-2.22044604925031E-16));
#2265=DIRECTION('',(-1.,5.35910941046883E-32,2.41352831440251E-16));
#2266=DIRECTION('center_axis',(1.,-6.43221837635573E-32,-2.89681362829213E-16));
#2267=DIRECTION('ref_axis',(0.,-1.,2.22044604925031E-16));
#2268=DIRECTION('',(2.89681362829213E-16,2.22044604925031E-16,1.));
#2269=DIRECTION('',(-2.89681362829213E-16,-2.22044604925031E-16,-1.));
#2270=DIRECTION('center_axis',(0.,1.,-2.22044604925031E-16));
#2271=DIRECTION('ref_axis',(1.,0.,0.));
#2272=DIRECTION('center_axis',(0.,1.,-2.22044604925031E-16));
#2273=DIRECTION('ref_axis',(1.,0.,0.));
#2274=DIRECTION('center_axis',(-1.59903121435804E-32,1.,-2.22044604925031E-16));
#2275=DIRECTION('ref_axis',(1.,1.59903121435804E-32,-3.55056254254924E-48));
#2276=DIRECTION('center_axis',(-1.59903121435804E-32,1.,-2.22044604925031E-16));
#2277=DIRECTION('ref_axis',(-1.,4.70256236519485E-80,2.11784581155781E-64));
#2278=DIRECTION('center_axis',(0.,1.,-2.22044604925031E-16));
#2279=DIRECTION('ref_axis',(-1.,4.70256236519485E-80,2.11784581155781E-64));
#2280=DIRECTION('',(0.,1.,-2.22044604925031E-16));
#2281=DIRECTION('center_axis',(0.,1.,-2.22044604925031E-16));
#2282=DIRECTION('ref_axis',(-1.,4.70256236519485E-80,2.11784581155781E-64));
#2283=DIRECTION('center_axis',(0.,-1.,2.22044604925031E-16));
#2284=DIRECTION('ref_axis',(-1.,0.,0.));
#2285=DIRECTION('center_axis',(0.,2.22044604925031E-16,1.));
#2286=DIRECTION('ref_axis',(-0.569430544774961,-0.822039448370509,1.8252942454622E-16));
#2287=DIRECTION('center_axis',(9.74853768218449E-14,-2.22044604925031E-16,
-1.));
#2288=DIRECTION('ref_axis',(0.,-1.,2.22044604925031E-16));
#2289=DIRECTION('center_axis',(-1.,0.,0.));
#2290=DIRECTION('ref_axis',(0.,-0.822039448370475,-0.569430544775011));
#2291=DIRECTION('center_axis',(-1.,2.16461019823754E-29,9.74853768218497E-14));
#2292=DIRECTION('ref_axis',(-5.55111512312595E-14,-0.8220394483705,-0.569430544774974));
#2293=DIRECTION('center_axis',(0.669242447357453,-1.64988935435826E-16,
-0.743044108149043));
#2294=DIRECTION('ref_axis',(0.419956436227753,-0.824965064709953,0.378244938735455));
#2295=DIRECTION('center_axis',(0.703308849817582,-1.57848050681262E-16,
-0.710884422229289));
#2296=DIRECTION('ref_axis',(0.402943464254847,-0.823841706695917,0.398649478768832));
#2297=DIRECTION('center_axis',(7.51368555072408E-30,-1.,2.22044604924992E-16));
#2298=DIRECTION('ref_axis',(1.,7.51368555072408E-30,-1.66837333964144E-45));
#2299=DIRECTION('center_axis',(0.703308849817582,1.57848050681262E-16,0.710884422229289));
#2300=DIRECTION('ref_axis',(0.,-1.,2.22044604925031E-16));
#2301=DIRECTION('center_axis',(-0.669242447356523,-1.64988935436012E-16,
-0.743044108149881));
#2302=DIRECTION('ref_axis',(0.419956436228225,-0.824965064709954,-0.378244938734928));
#2303=DIRECTION('center_axis',(-4.87426884109272E-14,-2.22044604925031E-16,
-1.));
#2304=DIRECTION('ref_axis',(0.,-1.,2.22044604925031E-16));
#2305=DIRECTION('center_axis',(4.87426884109248E-14,-2.22044604925031E-16,
-1.));
#2306=DIRECTION('ref_axis',(0.,-1.,2.22044604925031E-16));
#2307=DIRECTION('center_axis',(-1.,0.,0.));
#2308=DIRECTION('ref_axis',(0.,-1.,2.22044604925031E-16));
#2309=DIRECTION('center_axis',(-1.,-2.16461019823754E-29,-9.74853768218497E-14));
#2310=DIRECTION('ref_axis',(0.,-1.,2.22044604925031E-16));
#2311=DIRECTION('center_axis',(-7.51368555072408E-30,1.,-2.22044604925071E-16));
#2312=DIRECTION('ref_axis',(1.,7.51368555072408E-30,-1.66837333964144E-45));
#2313=DIRECTION('center_axis',(-7.10680539714685E-33,1.,-2.22044604925031E-16));
#2314=DIRECTION('ref_axis',(1.,0.,0.));
#2315=DIRECTION('center_axis',(-7.10680539714685E-33,1.,-2.22044604925031E-16));
#2316=DIRECTION('ref_axis',(1.,-2.57904325728267E-48,-1.16149782524706E-32));
#2317=DIRECTION('center_axis',(0.,2.22044604925031E-16,1.));
#2318=DIRECTION('ref_axis',(-1.,0.,0.));
#2319=DIRECTION('center_axis',(7.10680539714685E-33,-1.,2.22044604925031E-16));
#2320=DIRECTION('ref_axis',(1.,7.10680539714685E-33,-1.16149782524706E-32));
#2321=DIRECTION('center_axis',(0.,-1.,2.22044604925031E-16));
#2322=DIRECTION('ref_axis',(1.,0.,0.));
#2323=DIRECTION('center_axis',(-7.10680539714685E-33,1.,-2.22044604925031E-16));
#2324=DIRECTION('ref_axis',(1.,7.10680539714685E-33,-1.57802779668855E-48));
#2325=DIRECTION('',(0.,1.,-2.22044604925031E-16));
#2326=DIRECTION('center_axis',(-7.10680539714685E-33,1.,-2.22044604925031E-16));
#2327=DIRECTION('ref_axis',(1.,7.10680539714685E-33,-1.57802779668855E-48));
#2328=DIRECTION('center_axis',(-7.10680539714685E-33,1.,-2.22044604925031E-16));
#2329=DIRECTION('ref_axis',(1.,7.10680539714685E-33,-1.57802779668855E-48));
#2330=DIRECTION('center_axis',(-7.10680539714685E-33,1.,-2.22044604925031E-16));
#2331=DIRECTION('ref_axis',(1.,0.,0.));
#2332=DIRECTION('center_axis',(-7.10680539714685E-33,1.,-2.22044604925031E-16));
#2333=DIRECTION('ref_axis',(1.,-4.29840542880444E-48,-1.9358297087451E-32));
#2334=DIRECTION('center_axis',(0.,2.22044604925031E-16,1.));
#2335=DIRECTION('ref_axis',(-1.,0.,0.));
#2336=DIRECTION('center_axis',(-7.10680539714685E-33,1.,-2.22044604925031E-16));
#2337=DIRECTION('ref_axis',(1.,7.10680539714685E-33,-1.57802779668855E-48));
#2338=DIRECTION('center_axis',(0.,-1.,2.22044604925031E-16));
#2339=DIRECTION('ref_axis',(1.,0.,0.));
#2340=DIRECTION('center_axis',(-7.10680539714685E-33,1.,-2.22044604925031E-16));
#2341=DIRECTION('ref_axis',(1.,7.10680539714685E-33,-1.57802779668855E-48));
#2342=DIRECTION('',(0.,1.,-2.22044604925031E-16));
#2343=DIRECTION('center_axis',(-7.10680539714685E-33,1.,-2.22044604925031E-16));
#2344=DIRECTION('ref_axis',(1.,0.,0.));
#2345=DIRECTION('center_axis',(-7.10680539714685E-33,1.,-2.22044604925031E-16));
#2346=DIRECTION('ref_axis',(1.,-4.29840542880444E-48,-1.9358297087451E-32));
#2347=DIRECTION('center_axis',(0.,2.22044604925031E-16,1.));
#2348=DIRECTION('ref_axis',(-1.,0.,0.));
#2349=DIRECTION('center_axis',(0.,-1.,2.22044604925031E-16));
#2350=DIRECTION('ref_axis',(1.,0.,0.));
#2351=DIRECTION('center_axis',(-7.10680539714685E-33,1.,-2.22044604925031E-16));
#2352=DIRECTION('ref_axis',(1.,7.10680539714685E-33,-1.57802779668855E-48));
#2353=DIRECTION('',(0.,1.,-2.22044604925031E-16));
#2354=DIRECTION('center_axis',(-7.10680539714685E-33,1.,-2.22044604925031E-16));
#2355=DIRECTION('ref_axis',(1.,0.,0.));
#2356=DIRECTION('center_axis',(-7.10680539714685E-33,1.,-2.22044604925031E-16));
#2357=DIRECTION('ref_axis',(1.,-2.57904325728267E-48,-1.16149782524706E-32));
#2358=DIRECTION('center_axis',(0.,2.22044604925031E-16,1.));
#2359=DIRECTION('ref_axis',(-1.,0.,0.));
#2360=DIRECTION('center_axis',(7.10680539714685E-33,-1.,2.22044604925031E-16));
#2361=DIRECTION('ref_axis',(1.,7.10680539714685E-33,-1.16149782524706E-32));
#2362=DIRECTION('center_axis',(0.,-1.,2.22044604925031E-16));
#2363=DIRECTION('ref_axis',(1.,0.,0.));
#2364=DIRECTION('',(0.,1.,-2.22044604925031E-16));
#2365=DIRECTION('center_axis',(-7.10680539714685E-33,1.,-2.22044604925031E-16));
#2366=DIRECTION('ref_axis',(1.,7.10680539714685E-33,-1.57802779668855E-48));
#2367=DIRECTION('center_axis',(-7.10680539714685E-33,1.,-2.22044604925031E-16));
#2368=DIRECTION('ref_axis',(1.,7.10680539714685E-33,-1.57802779668855E-48));
#2369=DIRECTION('center_axis',(0.,-1.,2.22044604925031E-16));
#2370=DIRECTION('ref_axis',(1.,4.58218963508291E-80,2.06363475331003E-64));
#2371=DIRECTION('',(0.,-1.,2.22044604925031E-16));
#2372=DIRECTION('center_axis',(2.66693363603476E-31,1.,-2.2204460492503E-16));
#2373=DIRECTION('ref_axis',(1.,4.58218963508291E-80,2.06363475331003E-64));
#2374=DIRECTION('center_axis',(-3.46944695195361E-16,2.22044604925031E-16,
1.));
#2375=DIRECTION('ref_axis',(0.,-1.,2.22044604925031E-16));
#2376=DIRECTION('',(1.,8.41440031726362E-32,3.46944695195361E-16));
#2377=DIRECTION('',(0.,-1.,2.22044604925031E-16));
#2378=DIRECTION('',(1.,8.41440031726362E-32,3.46944695195361E-16));
#2379=DIRECTION('',(0.,-1.,2.22044604925031E-16));
#2380=DIRECTION('center_axis',(1.,1.10154046530386E-32,4.96089722907599E-17));
#2381=DIRECTION('ref_axis',(0.,-1.,2.22044604925031E-16));
#2382=DIRECTION('',(4.96089722907599E-17,-2.22044604925031E-16,-1.));
#2383=DIRECTION('',(0.,-1.,2.22044604925031E-16));
#2384=DIRECTION('',(4.96089722907599E-17,-2.22044604925031E-16,-1.));
#2385=DIRECTION('center_axis',(-1.,-3.36679346291816E-32,-1.51626897850316E-16));
#2386=DIRECTION('ref_axis',(0.,1.,-2.22044604925031E-16));
#2387=DIRECTION('',(-1.51626897850316E-16,2.22044604925031E-16,1.));
#2388=DIRECTION('',(-1.51626897850316E-16,2.22044604925031E-16,1.));
#2389=DIRECTION('',(0.,-1.,2.22044604925031E-16));
#2390=DIRECTION('center_axis',(2.66693363603476E-31,1.,-2.2204460492503E-16));
#2391=DIRECTION('ref_axis',(1.,-2.66693363603476E-31,5.92178225574616E-47));
#2392=DIRECTION('center_axis',(-7.10680539714685E-33,1.,-2.22044604925031E-16));
#2393=DIRECTION('ref_axis',(0.275,2.13483503353256E-16,0.96144422615147));
#2394=DIRECTION('center_axis',(0.,-1.,2.22044604925031E-16));
#2395=DIRECTION('ref_axis',(1.,4.58218963508291E-80,2.06363475331003E-64));
#2396=DIRECTION('',(0.,-1.,2.22044604925031E-16));
#2397=DIRECTION('center_axis',(4.33510077193814E-32,1.,-2.22044604925032E-16));
#2398=DIRECTION('ref_axis',(1.,4.58218963508291E-80,2.06363475331003E-64));
#2399=DIRECTION('center_axis',(1.,1.55539452429897E-31,7.00487420004694E-16));
#2400=DIRECTION('ref_axis',(0.,-1.,2.22044604925031E-16));
#2401=DIRECTION('',(7.00487420004694E-16,-2.22044604925031E-16,-1.));
#2402=DIRECTION('',(0.,-1.,2.22044604925031E-16));
#2403=DIRECTION('',(7.00487420004694E-16,-2.22044604925031E-16,-1.));
#2404=DIRECTION('',(0.,-1.,2.22044604925031E-16));
#2405=DIRECTION('center_axis',(2.77555756156289E-16,-2.22044604925031E-16,
-1.));
#2406=DIRECTION('ref_axis',(0.,1.,-2.22044604925031E-16));
#2407=DIRECTION('',(-1.,-6.87365636175384E-32,-2.77555756156289E-16));
#2408=DIRECTION('',(0.,-1.,2.22044604925031E-16));
#2409=DIRECTION('',(-1.,-6.87365636175384E-32,-2.77555756156289E-16));
#2410=DIRECTION('center_axis',(-1.,-2.26416166661101E-32,-1.01968776380559E-16));
#2411=DIRECTION('ref_axis',(0.,1.,-2.22044604925031E-16));
#2412=DIRECTION('',(-1.01968776380559E-16,2.22044604925031E-16,1.));
#2413=DIRECTION('',(0.,-1.,2.22044604925031E-16));
#2414=DIRECTION('',(-1.01968776380559E-16,2.22044604925031E-16,1.));
#2415=DIRECTION('center_axis',(4.33510077193814E-32,1.,-2.22044604925032E-16));
#2416=DIRECTION('ref_axis',(1.,-4.33510077193814E-32,9.62585738215203E-48));
#2417=DIRECTION('center_axis',(-7.10680539714685E-33,1.,-2.22044604925031E-16));
#2418=DIRECTION('ref_axis',(0.224999999999999,2.16351106695546E-16,0.974358763495254));
#2419=DIRECTION('center_axis',(-1.,0.,0.));
#2420=DIRECTION('ref_axis',(0.,1.,-2.22044604925031E-16));
#2421=DIRECTION('',(0.,2.22044604925031E-16,1.));
#2422=DIRECTION('',(0.,-1.,2.22044604925031E-16));
#2423=DIRECTION('',(0.,2.22044604925031E-16,1.));
#2424=DIRECTION('',(0.,-1.,2.22044604925031E-16));
#2425=DIRECTION('center_axis',(2.06363475331003E-64,-2.22044604925031E-16,
-1.));
#2426=DIRECTION('ref_axis',(0.,1.,-2.22044604925031E-16));
#2427=DIRECTION('',(-1.,-7.10680539714685E-33,1.57802779668855E-48));
#2428=DIRECTION('',(0.,-1.,2.22044604925031E-16));
#2429=DIRECTION('',(-1.,-7.10680539714685E-33,1.57802779668855E-48));
#2430=DIRECTION('center_axis',(-1.,0.,0.));
#2431=DIRECTION('ref_axis',(0.,1.,-2.22044604925031E-16));
#2432=DIRECTION('',(0.,2.22044604925031E-16,1.));
#2433=DIRECTION('',(0.,-1.,2.22044604925031E-16));
#2434=DIRECTION('',(0.,2.22044604925031E-16,1.));
#2435=DIRECTION('center_axis',(-2.06363475331003E-64,2.22044604925031E-16,
1.));
#2436=DIRECTION('ref_axis',(0.,-1.,2.22044604925031E-16));
#2437=DIRECTION('',(1.,7.10680539714685E-33,-1.57802779668855E-48));
#2438=DIRECTION('',(0.,-1.,2.22044604925031E-16));
#2439=DIRECTION('',(1.,7.10680539714685E-33,-1.57802779668855E-48));
#2440=DIRECTION('center_axis',(-1.,0.,0.));
#2441=DIRECTION('ref_axis',(0.,1.,-2.22044604925031E-16));
#2442=DIRECTION('',(0.,2.22044604925031E-16,1.));
#2443=DIRECTION('',(0.,-1.,2.22044604925031E-16));
#2444=DIRECTION('',(0.,2.22044604925031E-16,1.));
#2445=DIRECTION('center_axis',(4.95635278850516E-16,2.22044604925031E-16,
1.));
#2446=DIRECTION('ref_axis',(0.,-1.,2.22044604925031E-16));
#2447=DIRECTION('',(1.,-1.02946334282124E-31,-4.95635278850516E-16));
#2448=DIRECTION('',(0.,-1.,2.22044604925031E-16));
#2449=DIRECTION('',(1.,-1.02946334282124E-31,-4.95635278850516E-16));
#2450=DIRECTION('center_axis',(1.,0.,0.));
#2451=DIRECTION('ref_axis',(0.,-1.,2.22044604925031E-16));
#2452=DIRECTION('',(0.,-2.22044604925031E-16,-1.));
#2453=DIRECTION('',(0.,-1.,2.22044604925031E-16));
#2454=DIRECTION('',(0.,-2.22044604925031E-16,-1.));
#2455=DIRECTION('center_axis',(3.22739251344522E-16,2.22044604925031E-16,
1.));
#2456=DIRECTION('ref_axis',(0.,-1.,2.22044604925031E-16));
#2457=DIRECTION('',(1.,-6.45557041614479E-32,-3.22739251344522E-16));
#2458=DIRECTION('',(0.,-1.,2.22044604925031E-16));
#2459=DIRECTION('',(1.,-6.45557041614479E-32,-3.22739251344522E-16));
#2460=DIRECTION('center_axis',(1.,-1.10053139679271E-31,-4.95635278850516E-16));
#2461=DIRECTION('ref_axis',(0.,-1.,2.22044604925031E-16));
#2462=DIRECTION('',(-4.95635278850516E-16,-2.22044604925031E-16,-1.));
#2463=DIRECTION('',(0.,-1.,2.22044604925031E-16));
#2464=DIRECTION('',(-4.95635278850516E-16,-2.22044604925031E-16,-1.));
#2465=DIRECTION('center_axis',(2.06363475331003E-64,-2.22044604925031E-16,
-1.));
#2466=DIRECTION('ref_axis',(0.,1.,-2.22044604925031E-16));
#2467=DIRECTION('',(-1.,-7.10680539714685E-33,1.57802779668855E-48));
#2468=DIRECTION('',(0.,-1.,2.22044604925031E-16));
#2469=DIRECTION('',(-1.,-7.10680539714685E-33,1.57802779668855E-48));
#2470=DIRECTION('center_axis',(1.,0.,0.));
#2471=DIRECTION('ref_axis',(0.,-1.,2.22044604925031E-16));
#2472=DIRECTION('',(0.,-2.22044604925031E-16,-1.));
#2473=DIRECTION('',(0.,-1.,2.22044604925031E-16));
#2474=DIRECTION('',(0.,-2.22044604925031E-16,-1.));
#2475=DIRECTION('center_axis',(2.06363475331003E-64,-2.22044604925031E-16,
-1.));
#2476=DIRECTION('ref_axis',(0.,1.,-2.22044604925031E-16));
#2477=DIRECTION('',(-1.,-7.10680539714685E-33,1.57802779668855E-48));
#2478=DIRECTION('',(-1.,-7.10680539714685E-33,1.57802779668855E-48));
#2479=DIRECTION('center_axis',(-3.67126575819453E-30,1.,-2.22044604925028E-16));
#2480=DIRECTION('ref_axis',(1.,3.67126575819453E-30,-8.151847548531E-46));
#2481=DIRECTION('center_axis',(-1.,0.,0.));
#2482=DIRECTION('ref_axis',(0.,1.,-2.22044604925031E-16));
#2483=DIRECTION('',(0.,2.22044604925031E-16,1.));
#2484=DIRECTION('',(0.,-1.,2.22044604925031E-16));
#2485=DIRECTION('',(0.,2.22044604925031E-16,1.));
#2486=DIRECTION('',(0.,-1.,2.22044604925031E-16));
#2487=DIRECTION('center_axis',(-2.06363475331003E-64,2.22044604925031E-16,
1.));
#2488=DIRECTION('ref_axis',(0.,-1.,2.22044604925031E-16));
#2489=DIRECTION('',(1.,7.10680539714685E-33,-1.57802779668855E-48));
#2490=DIRECTION('',(0.,-1.,2.22044604925031E-16));
#2491=DIRECTION('',(1.,7.10680539714685E-33,-1.57802779668855E-48));
#2492=DIRECTION('center_axis',(1.,0.,0.));
#2493=DIRECTION('ref_axis',(0.,-1.,2.22044604925031E-16));
#2494=DIRECTION('',(0.,-2.22044604925031E-16,-1.));
#2495=DIRECTION('',(0.,-1.,2.22044604925031E-16));
#2496=DIRECTION('',(0.,-2.22044604925031E-16,-1.));
#2497=DIRECTION('center_axis',(2.06363475331003E-64,-2.22044604925031E-16,
-1.));
#2498=DIRECTION('ref_axis',(0.,1.,-2.22044604925031E-16));
#2499=DIRECTION('',(-1.,-7.10680539714685E-33,1.57802779668855E-48));
#2500=DIRECTION('',(-1.,-7.10680539714685E-33,1.57802779668855E-48));
#2501=DIRECTION('center_axis',(-5.86637205113383E-29,1.,-2.22044604925031E-16));
#2502=DIRECTION('ref_axis',(1.,5.86637205113383E-29,-1.30259626443726E-44));
#2503=DIRECTION('center_axis',(0.,1.,-2.22044604925031E-16));
#2504=DIRECTION('ref_axis',(-1.,0.,0.));
#2505=DIRECTION('center_axis',(0.,-1.,2.22044604925031E-16));
#2506=DIRECTION('ref_axis',(-1.,0.,0.));
#2507=DIRECTION('',(0.,-1.,2.22044604925031E-16));
#2508=DIRECTION('center_axis',(0.,-1.,2.22044604925031E-16));
#2509=DIRECTION('ref_axis',(-1.,0.,0.));
#2510=DIRECTION('center_axis',(0.,-1.,2.22044604925031E-16));
#2511=DIRECTION('ref_axis',(-1.,0.,0.));
#2512=DIRECTION('center_axis',(0.,1.,-2.22044604925031E-16));
#2513=DIRECTION('ref_axis',(1.,0.,0.));
#2514=DIRECTION('center_axis',(0.,-1.,2.22044604925031E-16));
#2515=DIRECTION('ref_axis',(1.,0.,0.));
#2516=DIRECTION('',(0.,-1.,2.22044604925031E-16));
#2517=DIRECTION('center_axis',(0.,-1.,2.22044604925031E-16));
#2518=DIRECTION('ref_axis',(1.,0.,0.));
#2519=DIRECTION('center_axis',(0.,-1.,2.22044604925031E-16));
#2520=DIRECTION('ref_axis',(-1.,0.,0.));
#2521=DIRECTION('center_axis',(0.,-1.,2.22044604925031E-16));
#2522=DIRECTION('ref_axis',(-1.,0.,0.));
#2523=DIRECTION('center_axis',(0.,-1.,2.22044604925031E-16));
#2524=DIRECTION('ref_axis',(1.,0.,0.));
#2525=DIRECTION('center_axis',(0.,-1.,2.22044604925031E-16));
#2526=DIRECTION('ref_axis',(-1.,-5.02278479230241E-80,-2.26206117189754E-64));
#2527=DIRECTION('center_axis',(0.,-1.,2.22044604925031E-16));
#2528=DIRECTION('ref_axis',(-1.,0.,0.));
#2529=DIRECTION('center_axis',(0.,-1.,2.22044604925031E-16));
#2530=DIRECTION('ref_axis',(-1.,0.,0.));
#2531=DIRECTION('center_axis',(0.,1.,-2.22044604925031E-16));
#2532=DIRECTION('ref_axis',(-1.,-5.02278479230241E-80,-2.26206117189754E-64));
#2533=DIRECTION('',(0.,-1.,2.22044604925031E-16));
#2534=DIRECTION('center_axis',(1.59903121435804E-32,-1.,2.22044604925031E-16));
#2535=DIRECTION('ref_axis',(-1.,-5.02278479230241E-80,-2.26206117189754E-64));
#2536=DIRECTION('center_axis',(-1.59903121435804E-32,1.,-2.22044604925031E-16));
#2537=DIRECTION('ref_axis',(1.,1.59903121435804E-32,-3.55056254254924E-48));
#2538=DIRECTION('center_axis',(0.,1.,-2.22044604925031E-16));
#2539=DIRECTION('ref_axis',(1.,0.,0.));
#2540=DIRECTION('center_axis',(0.,-1.,2.22044604925031E-16));
#2541=DIRECTION('ref_axis',(0.,-2.22044604925031E-16,-1.));
#2542=DIRECTION('center_axis',(0.,1.,-2.22044604925031E-16));
#2543=DIRECTION('ref_axis',(1.,0.,0.));
#2544=DIRECTION('center_axis',(0.,-1.,2.22044604925031E-16));
#2545=DIRECTION('ref_axis',(0.,2.22044604925031E-16,1.));
#2546=DIRECTION('center_axis',(-7.10680539714685E-33,1.,-2.22044604925031E-16));
#2547=DIRECTION('ref_axis',(1.,7.10680539714685E-33,-1.57802779668855E-48));
#2548=DIRECTION('center_axis',(-7.10680539714685E-33,1.,-2.22044604925031E-16));
#2549=DIRECTION('ref_axis',(1.,7.10680539714685E-33,-1.57802779668855E-48));
#2550=DIRECTION('center_axis',(-7.10680539714685E-33,1.,-2.22044604925031E-16));
#2551=DIRECTION('ref_axis',(1.,7.10680539714685E-33,-1.57802779668855E-48));
#2552=DIRECTION('center_axis',(0.,1.,-2.22044604925031E-16));
#2553=DIRECTION('ref_axis',(0.,2.22044604925031E-16,1.));
#2554=DIRECTION('center_axis',(-7.10680539714685E-33,1.,-2.22044604925031E-16));
#2555=DIRECTION('ref_axis',(1.,7.10680539714685E-33,-1.57802779668855E-48));
#2556=DIRECTION('center_axis',(0.,1.,-2.22044604925031E-16));
#2557=DIRECTION('ref_axis',(-0.982886810367532,4.09029535388216E-17,0.18421052631579));
#2558=DIRECTION('',(1.,0.,0.));
#2559=DIRECTION('center_axis',(0.,-1.,2.22044604925031E-16));
#2560=DIRECTION('ref_axis',(0.,2.22044604925031E-16,1.));
#2561=DIRECTION('',(-1.,-2.88005739173121E-32,-1.29706253962063E-16));
#2562=DIRECTION('center_axis',(-7.10680539714685E-33,1.,-2.22044604925031E-16));
#2563=DIRECTION('ref_axis',(1.,7.10680539714685E-33,-1.57802779668855E-48));
#2564=DIRECTION('center_axis',(0.,1.,-2.22044604925031E-16));
#2565=DIRECTION('ref_axis',(0.982886810367532,-4.09029535388216E-17,-0.18421052631579));
#2566=DIRECTION('',(-1.,-1.72803443503873E-31,-7.7823752377238E-16));
#2567=DIRECTION('center_axis',(0.,-1.,2.22044604925031E-16));
#2568=DIRECTION('ref_axis',(0.,-2.22044604925031E-16,-1.));
#2569=DIRECTION('',(1.,1.15202295669249E-31,5.18825015848254E-16));
#2570=DIRECTION('center_axis',(0.,1.,-2.22044604925031E-16));
#2571=DIRECTION('ref_axis',(0.,-2.22044604925031E-16,-1.));
#2572=DIRECTION('center_axis',(-7.10680539714685E-33,1.,-2.22044604925031E-16));
#2573=DIRECTION('ref_axis',(1.,7.10680539714685E-33,-1.57802779668855E-48));
#2574=DIRECTION('center_axis',(-7.10680539714685E-33,1.,-2.22044604925031E-16));
#2575=DIRECTION('ref_axis',(1.,7.10680539714685E-33,-1.57802779668855E-48));
#2576=DIRECTION('center_axis',(-7.10680539714685E-33,1.,-2.22044604925031E-16));
#2577=DIRECTION('ref_axis',(1.,7.10680539714685E-33,-1.57802779668855E-48));
#2578=DIRECTION('center_axis',(-7.10680539714685E-33,1.,-2.22044604925031E-16));
#2579=DIRECTION('ref_axis',(1.,7.10680539714685E-33,-1.57802779668855E-48));
#2580=DIRECTION('center_axis',(-7.10680539714685E-33,1.,-2.22044604925031E-16));
#2581=DIRECTION('ref_axis',(1.,7.10680539714685E-33,-1.57802779668855E-48));
#2582=DIRECTION('center_axis',(-7.10680539714685E-33,1.,-2.22044604925031E-16));
#2583=DIRECTION('ref_axis',(1.,7.10680539714685E-33,-1.57802779668855E-48));
#2584=DIRECTION('center_axis',(0.,2.22044604925031E-16,1.));
#2585=DIRECTION('ref_axis',(0.,-1.,2.22044604925031E-16));
#2586=DIRECTION('',(0.,-1.,2.22044604925031E-16));
#2587=DIRECTION('',(1.,0.,0.));
#2588=DIRECTION('',(0.,-1.,2.22044604925031E-16));
#2589=DIRECTION('center_axis',(0.,-1.,2.22044604925031E-16));
#2590=DIRECTION('ref_axis',(-0.982886810367532,4.09029535388216E-17,0.18421052631579));
#2591=DIRECTION('',(0.,-1.,2.22044604925031E-16));
#2592=DIRECTION('center_axis',(0.,1.,-2.22044604925031E-16));
#2593=DIRECTION('ref_axis',(-0.982886810367532,4.09029535388216E-17,0.18421052631579));
#2594=DIRECTION('center_axis',(0.,-1.,2.22044604925031E-16));
#2595=DIRECTION('ref_axis',(0.,-2.22044604925031E-16,-1.));
#2596=DIRECTION('',(0.,-1.,2.22044604925031E-16));
#2597=DIRECTION('center_axis',(0.,1.,-2.22044604925031E-16));
#2598=DIRECTION('ref_axis',(0.,-2.22044604925031E-16,-1.));
#2599=DIRECTION('',(0.,-1.,2.22044604925031E-16));
#2600=DIRECTION('center_axis',(-5.18825015848254E-16,2.22044604925031E-16,
1.));
#2601=DIRECTION('ref_axis',(0.,-1.,2.22044604925031E-16));
#2602=DIRECTION('',(0.,-1.,2.22044604925031E-16));
#2603=DIRECTION('',(1.,1.15202295669249E-31,5.18825015848254E-16));
#2604=DIRECTION('center_axis',(0.,-1.,2.22044604925031E-16));
#2605=DIRECTION('ref_axis',(0.,-2.22044604925031E-16,-1.));
#2606=DIRECTION('',(0.,-1.,2.22044604925031E-16));
#2607=DIRECTION('center_axis',(0.,-1.,2.22044604925031E-16));
#2608=DIRECTION('ref_axis',(0.,-2.22044604925031E-16,-1.));
#2609=DIRECTION('center_axis',(0.,-1.,2.22044604925031E-16));
#2610=DIRECTION('ref_axis',(0.,-2.22044604925031E-16,-1.));
#2611=DIRECTION('center_axis',(7.7823752377238E-16,-2.22044604925031E-16,
-1.));
#2612=DIRECTION('ref_axis',(0.,1.,-2.22044604925031E-16));
#2613=DIRECTION('',(0.,-1.,2.22044604925031E-16));
#2614=DIRECTION('',(-1.,-1.72803443503873E-31,-7.7823752377238E-16));
#2615=DIRECTION('center_axis',(0.,-1.,2.22044604925031E-16));
#2616=DIRECTION('ref_axis',(0.982886810367532,-4.09029535388216E-17,-0.18421052631579));
#2617=DIRECTION('',(0.,-1.,2.22044604925031E-16));
#2618=DIRECTION('center_axis',(0.,1.,-2.22044604925031E-16));
#2619=DIRECTION('ref_axis',(0.982886810367532,-4.09029535388216E-17,-0.18421052631579));
#2620=DIRECTION('center_axis',(0.,-1.,2.22044604925031E-16));
#2621=DIRECTION('ref_axis',(0.,2.22044604925031E-16,1.));
#2622=DIRECTION('',(0.,-1.,2.22044604925031E-16));
#2623=DIRECTION('center_axis',(0.,1.,-2.22044604925031E-16));
#2624=DIRECTION('ref_axis',(0.,2.22044604925031E-16,1.));
#2625=DIRECTION('',(0.,-1.,2.22044604925031E-16));
#2626=DIRECTION('center_axis',(1.29706253962063E-16,-2.22044604925031E-16,
-1.));
#2627=DIRECTION('ref_axis',(0.,1.,-2.22044604925031E-16));
#2628=DIRECTION('',(0.,-1.,2.22044604925031E-16));
#2629=DIRECTION('',(-1.,-2.88005739173121E-32,-1.29706253962063E-16));
#2630=DIRECTION('center_axis',(0.,-1.,2.22044604925031E-16));
#2631=DIRECTION('ref_axis',(0.,2.22044604925031E-16,1.));
#2632=DIRECTION('center_axis',(0.,-1.,2.22044604925031E-16));
#2633=DIRECTION('ref_axis',(0.,2.22044604925031E-16,1.));
#2634=DIRECTION('center_axis',(0.,-1.,2.22044604925031E-16));
#2635=DIRECTION('ref_axis',(0.,2.22044604925031E-16,1.));
#2636=DIRECTION('center_axis',(0.,1.,-2.22044604925031E-16));
#2637=DIRECTION('ref_axis',(1.,0.,0.));
#2638=DIRECTION('center_axis',(0.,1.,-2.22044604925031E-16));
#2639=DIRECTION('ref_axis',(1.,0.,0.));
#2640=DIRECTION('center_axis',(0.,1.,-2.22044604925031E-16));
#2641=DIRECTION('ref_axis',(1.,0.,0.));
#2642=DIRECTION('center_axis',(0.,1.,-2.22044604925031E-16));
#2643=DIRECTION('ref_axis',(1.,0.,0.));
#2644=DIRECTION('center_axis',(0.,1.,-2.22044604925031E-16));
#2645=DIRECTION('ref_axis',(1.,0.,0.));
#2646=DIRECTION('center_axis',(0.,1.,-2.22044604925031E-16));
#2647=DIRECTION('ref_axis',(1.,0.,0.));
#2648=DIRECTION('center_axis',(0.,1.,-2.22044604925031E-16));
#2649=DIRECTION('ref_axis',(1.,0.,0.));
#2650=DIRECTION('center_axis',(0.,1.,-2.22044604925031E-16));
#2651=DIRECTION('ref_axis',(1.,0.,0.));
#2652=DIRECTION('center_axis',(0.,1.,-2.22044604925031E-16));
#2653=DIRECTION('ref_axis',(1.,0.,0.));
#2654=DIRECTION('',(0.,1.,-2.22044604925031E-16));
#2655=DIRECTION('center_axis',(0.,1.,-2.22044604925031E-16));
#2656=DIRECTION('ref_axis',(1.,0.,0.));
#2657=DIRECTION('',(0.,-1.,2.22044604925031E-16));
#2658=DIRECTION('',(0.,-1.,2.22044604925031E-16));
#2659=CARTESIAN_POINT('',(0.,0.,0.));
#2660=CARTESIAN_POINT('Origin',(2.078,1.997,-5.442));
#2661=CARTESIAN_POINT('',(2.078,1.997,-5.642));
#2662=CARTESIAN_POINT('',(2.078,1.997,-3.0633633723318));
#2663=CARTESIAN_POINT('',(2.078,1.997,-5.442));
#2664=CARTESIAN_POINT('',(2.078,1.247,-5.642));
#2665=CARTESIAN_POINT('',(2.078,1.097,-5.642));
#2666=CARTESIAN_POINT('',(2.078,1.247,-3.0633633723318));
#2667=CARTESIAN_POINT('',(2.078,1.247,-5.442));
#2668=CARTESIAN_POINT('',(2.078,0.196999999999999,-3.0633633723318));
#2669=CARTESIAN_POINT('Origin',(-2.122,1.997,-3.0633633723318));
#2670=CARTESIAN_POINT('',(-2.122,1.997,-3.0633633723318));
#2671=CARTESIAN_POINT('',(-2.122,1.997,-5.642));
#2672=CARTESIAN_POINT('',(-2.122,1.997,-3.0633633723318));
#2673=CARTESIAN_POINT('',(-2.122,1.247,-3.0633633723318));
#2674=CARTESIAN_POINT('',(-2.122,0.196999999999999,-3.0633633723318));
#2675=CARTESIAN_POINT('',(-2.122,1.247,-5.642));
#2676=CARTESIAN_POINT('',(-2.122,1.247,-3.0633633723318));
#2677=CARTESIAN_POINT('',(-2.122,1.097,-5.642));
#2678=CARTESIAN_POINT('Origin',(-0.022,1.247,-4.2526816861659));
#2679=CARTESIAN_POINT('',(1.028,1.247,-3.0633633723318));
#2680=CARTESIAN_POINT('',(-1.172,1.247,-5.642));
#2681=CARTESIAN_POINT('Origin',(-0.0219999999999999,1.997,-4.2526816861659));
#2682=CARTESIAN_POINT('',(1.028,1.997,-3.0633633723318));
#2683=CARTESIAN_POINT('',(-1.172,1.997,-5.642));
#2684=CARTESIAN_POINT('Origin',(2.078,2.197,-3.0633633723318));
#2685=CARTESIAN_POINT('',(-2.122,0.746999999999999,-3.0633633723318));
#2686=CARTESIAN_POINT('',(-2.122,0.196999999999999,-3.0633633723318));
#2687=CARTESIAN_POINT('',(2.078,0.746999999999999,-3.0633633723318));
#2688=CARTESIAN_POINT('',(2.078,0.746999999999999,-3.0633633723318));
#2689=CARTESIAN_POINT('',(2.078,0.196999999999999,-3.0633633723318));
#2690=CARTESIAN_POINT('Origin',(-0.022,0.746999999999999,-4.2526816861659));
#2691=CARTESIAN_POINT('',(-2.122,0.746999999999999,-5.642));
#2692=CARTESIAN_POINT('',(-2.122,0.746999999999999,-4.84734084308295));
#2693=CARTESIAN_POINT('',(2.078,0.746999999999999,-5.642));
#2694=CARTESIAN_POINT('',(-2.122,0.746999999999999,-5.642));
#2695=CARTESIAN_POINT('',(2.078,0.746999999999999,-4.84734084308295));
#2696=CARTESIAN_POINT('Origin',(2.078,2.197,-3.0633633723318));
#2697=CARTESIAN_POINT('',(2.078,2.197,-3.0633633723318));
#2698=CARTESIAN_POINT('',(2.078,0.196999999999999,-3.0633633723318));
#2699=CARTESIAN_POINT('',(-2.122,2.197,-3.0633633723318));
#2700=CARTESIAN_POINT('',(-0.0220000000000002,2.197,-3.0633633723318));
#2701=CARTESIAN_POINT('',(-2.122,0.196999999999999,-3.0633633723318));
#2702=CARTESIAN_POINT('Origin',(2.078,2.197,-5.442));
#2703=CARTESIAN_POINT('',(2.078,-0.00300000000000123,-5.642));
#2704=CARTESIAN_POINT('',(2.078,1.197,-5.642));
#2705=CARTESIAN_POINT('',(2.078,-0.00300000000000068,-3.0633633723318));
#2706=CARTESIAN_POINT('',(2.078,-0.0030000000000012,-5.442));
#2707=CARTESIAN_POINT('',(2.078,0.196999999999999,-3.0633633723318));
#2708=CARTESIAN_POINT('Origin',(4.05651222426478,-1.603,0.45799999998686));
#2709=CARTESIAN_POINT('',(2.278,-1.603,4.44171685740842));
#2710=CARTESIAN_POINT('Origin',(-0.022,-1.603,0.458000000000001));
#2711=CARTESIAN_POINT('',(2.028,-1.603,4.0087041555162));
#2712=CARTESIAN_POINT('Origin',(-0.022,-1.603,0.458000000000001));
#2713=CARTESIAN_POINT('Origin',(2.078,-0.0030000000000012,-5.442));
#2714=CARTESIAN_POINT('',(-2.122,-0.00300000000000068,-3.0633633723318));
#2715=CARTESIAN_POINT('Origin',(-0.022,-0.00299999999999988,0.458));
#2716=CARTESIAN_POINT('',(-2.122,-0.00300000000000123,-5.642));
#2717=CARTESIAN_POINT('',(-0.122,-0.00300000000000123,-5.642));
#2718=CARTESIAN_POINT('',(-2.122,-0.0030000000000012,-5.442));
#2719=CARTESIAN_POINT('Origin',(-2.122,0.396999999999999,-5.442));
#2720=CARTESIAN_POINT('',(-2.122,0.196999999999999,-3.0633633723318));
#2721=CARTESIAN_POINT('',(-2.122,0.296999999999999,-5.642));
#2722=CARTESIAN_POINT('Origin',(-2.122,2.197,-5.442));
#2723=CARTESIAN_POINT('',(2.028,2.197,4.0087041555162));
#2724=CARTESIAN_POINT('Origin',(-0.022,2.197,0.458));
#2725=CARTESIAN_POINT('Origin',(-0.022,2.197,0.458));
#2726=CARTESIAN_POINT('Origin',(-0.022,0.197,0.458));
#2727=CARTESIAN_POINT('',(2.028,0.197000000000001,4.0087041555162));
#2728=CARTESIAN_POINT('Origin',(-0.022,0.197,0.458));
#2729=CARTESIAN_POINT('',(2.428,2.397,-3.43526341261415));
#2730=CARTESIAN_POINT('',(2.278,2.397,4.44171685740842));
#2731=CARTESIAN_POINT('Origin',(-0.022,2.397,0.458));
#2732=CARTESIAN_POINT('',(2.278,0.197000000000001,4.44171685740842));
#2733=CARTESIAN_POINT('',(-2.472,2.397,-3.43526341261415));
#2734=CARTESIAN_POINT('Origin',(-0.022,2.397,0.458));
#2735=CARTESIAN_POINT('',(-2.472,-0.803000000000001,-3.43526341261415));
#2736=CARTESIAN_POINT('',(-2.472,0.196999999999999,-3.43526341261415));
#2737=CARTESIAN_POINT('',(2.428,-0.803000000000001,-3.43526341261415));
#2738=CARTESIAN_POINT('Origin',(-0.022,-0.803,0.458));
#2739=CARTESIAN_POINT('',(2.428,0.196999999999999,-3.43526341261415));
#2740=CARTESIAN_POINT('Origin',(-2.472,0.196999999999999,-3.52571685740842));
#2741=CARTESIAN_POINT('',(-2.472,2.397,-5.642));
#2742=CARTESIAN_POINT('',(-2.472,2.397,-5.442));
#2743=CARTESIAN_POINT('',(-2.472,-0.803000000000001,-5.642));
#2744=CARTESIAN_POINT('',(-2.472,0.196999999999999,-5.642));
#2745=CARTESIAN_POINT('',(-2.472,-0.803000000000001,-5.442));
#2746=CARTESIAN_POINT('Origin',(-2.322,0.196999999999999,-5.642));
#2747=CARTESIAN_POINT('',(2.428,2.397,-5.642));
#2748=CARTESIAN_POINT('',(2.278,2.397,-5.642));
#2749=CARTESIAN_POINT('',(2.428,-0.803000000000001,-5.642));
#2750=CARTESIAN_POINT('',(2.428,0.196999999999999,-5.642));
#2751=CARTESIAN_POINT('',(2.278,-0.803000000000001,-5.642));
#2752=CARTESIAN_POINT('Origin',(2.428,0.196999999999999,-5.442));
#2753=CARTESIAN_POINT('',(2.428,2.397,-3.52571685740842));
#2754=CARTESIAN_POINT('',(2.428,-0.803000000000001,-3.52571685740842));
#2755=CARTESIAN_POINT('Origin',(-0.0219999999999997,-0.803,-0.649317233207399));
#2756=CARTESIAN_POINT('Origin',(-0.0219999999999997,2.397,-0.6493172332074));
#2757=CARTESIAN_POINT('Origin',(-0.022,-0.303,0.458));
#2758=CARTESIAN_POINT('',(1.3476790980697,-0.303,0.458));
#2759=CARTESIAN_POINT('Origin',(-0.022,-0.303,0.458));
#2760=CARTESIAN_POINT('Origin',(-0.022,-0.303,0.458));
#2761=CARTESIAN_POINT('',(1.3476790980697,0.447,0.458));
#2762=CARTESIAN_POINT('',(1.3476790980697,-0.303,0.458));
#2763=CARTESIAN_POINT('Origin',(-0.022,0.447,0.458));
#2764=CARTESIAN_POINT('Origin',(-0.022,0.447,0.458));
#2765=CARTESIAN_POINT('Ctrl Pts',(1.96694465289479,-1.8512203944837,2.51735942115548));
#2766=CARTESIAN_POINT('Ctrl Pts',(1.96694465289479,-1.8512203944837,2.50812055356256));
#2767=CARTESIAN_POINT('Ctrl Pts',(1.96694465289479,-1.85122039448371,2.49888168596964));
#2768=CARTESIAN_POINT('Ctrl Pts',(1.96694465289479,-1.85122039448371,2.48964281837672));
#2769=CARTESIAN_POINT('Ctrl Pts',(1.96860466005041,-1.85237028915218,2.51735942115548));
#2770=CARTESIAN_POINT('Ctrl Pts',(1.96860466005041,-1.85237028915218,2.50812055356256));
#2771=CARTESIAN_POINT('Ctrl Pts',(1.96860466005041,-1.85237028915218,2.49888168596964));
#2772=CARTESIAN_POINT('Ctrl Pts',(1.96860466005041,-1.85237028915218,2.48964281837672));
#2773=CARTESIAN_POINT('Ctrl Pts',(1.97061958182853,-1.853,2.51735942115548));
#2774=CARTESIAN_POINT('Ctrl Pts',(1.97061958182853,-1.853,2.50812055356256));
#2775=CARTESIAN_POINT('Ctrl Pts',(1.97061958182853,-1.853,2.49888168596964));
#2776=CARTESIAN_POINT('Ctrl Pts',(1.97061958182853,-1.853,2.48964281837672));
#2777=CARTESIAN_POINT('Ctrl Pts',(1.97263895834254,-1.853,2.51735942115548));
#2778=CARTESIAN_POINT('Ctrl Pts',(1.97263895834254,-1.853,2.50812055356256));
#2779=CARTESIAN_POINT('Ctrl Pts',(1.97263895834254,-1.853,2.49888168596964));
#2780=CARTESIAN_POINT('Ctrl Pts',(1.97263895834254,-1.853,2.48964281837672));
#2781=CARTESIAN_POINT('',(1.96694465289479,-1.85122039448371,2.48964281837672));
#2782=CARTESIAN_POINT('',(1.97263895834254,-1.853,2.48964281837672));
#2783=CARTESIAN_POINT('Origin',(1.97263895834254,-1.843,2.48964281837672));
#2784=CARTESIAN_POINT('',(1.97263895834254,-1.853,2.51735942115548));
#2785=CARTESIAN_POINT('Ctrl Pts',(1.97263895834254,-1.853,2.48964281837672));
#2786=CARTESIAN_POINT('Ctrl Pts',(1.97263895834254,-1.853,2.49888168596964));
#2787=CARTESIAN_POINT('Ctrl Pts',(1.97263895834254,-1.853,2.50812055356256));
#2788=CARTESIAN_POINT('Ctrl Pts',(1.97263895834254,-1.853,2.51735942115548));
#2789=CARTESIAN_POINT('',(1.96694465289479,-1.8512203944837,2.51735942115548));
#2790=CARTESIAN_POINT('Origin',(1.97263895834254,-1.843,2.51735942115548));
#2791=CARTESIAN_POINT('Ctrl Pts',(1.96694465289479,-1.8512203944837,2.51735942115548));
#2792=CARTESIAN_POINT('Ctrl Pts',(1.96694465289479,-1.8512203944837,2.50812055356256));
#2793=CARTESIAN_POINT('Ctrl Pts',(1.96694465289479,-1.85122039448371,2.49888168596964));
#2794=CARTESIAN_POINT('Ctrl Pts',(1.96694465289479,-1.85122039448371,2.48964281837672));
#2795=CARTESIAN_POINT('Ctrl Pts',(1.96694465289479,-1.85122039448371,2.48964281837672));
#2796=CARTESIAN_POINT('Ctrl Pts',(1.96727398218148,-1.85144852241054,2.48471695527482));
#2797=CARTESIAN_POINT('Ctrl Pts',(1.96794057485778,-1.85153152247703,2.4756330638338));
#2798=CARTESIAN_POINT('Ctrl Pts',(1.97332762098495,-1.85193255994762,2.44809728497145));
#2799=CARTESIAN_POINT('Ctrl Pts',(1.99221157506168,-1.85209930650508,2.41007892958425));
#2800=CARTESIAN_POINT('Ctrl Pts',(2.02913086481434,-1.8520339302919,2.38042541832893));
#2801=CARTESIAN_POINT('Ctrl Pts',(2.05957839866365,-1.85181853342826,2.36926099308312));
#2802=CARTESIAN_POINT('Ctrl Pts',(2.077909334229,-1.8515347725327,2.36564249728838));
#2803=CARTESIAN_POINT('Ctrl Pts',(2.08698265388574,-1.85146535630885,2.36499644936027));
#2804=CARTESIAN_POINT('Ctrl Pts',(2.09194465289479,-1.8512203944837,2.36464281837672));
#2805=CARTESIAN_POINT('Ctrl Pts',(1.96860466005041,-1.85237028915218,2.48964281837672));
#2806=CARTESIAN_POINT('Ctrl Pts',(1.96887072946726,-1.85245491300617,2.48485959576813));
#2807=CARTESIAN_POINT('Ctrl Pts',(1.96950469148453,-1.85248516850003,2.47584673694702));
#2808=CARTESIAN_POINT('Ctrl Pts',(1.97468918066264,-1.85263090981942,2.44865364110368));
#2809=CARTESIAN_POINT('Ctrl Pts',(1.99330465543136,-1.8526890611398,2.41095319287804));
#2810=CARTESIAN_POINT('Ctrl Pts',(2.02986810323639,-1.85266623138425,2.38163746118667));
#2811=CARTESIAN_POINT('Ctrl Pts',(2.06003308080587,-1.85258967419924,2.37068444063122));
#2812=CARTESIAN_POINT('Ctrl Pts',(2.07812514370187,-1.85248635958299,2.36720575635241));
#2813=CARTESIAN_POINT('Ctrl Pts',(2.08713582003275,-1.85246115752595,2.36658852860636));
#2814=CARTESIAN_POINT('Ctrl Pts',(2.09194465289479,-1.85237028915218,2.36630282553234));
#2815=CARTESIAN_POINT('Ctrl Pts',(1.97061958182853,-1.853,2.48964281837672));
#2816=CARTESIAN_POINT('Ctrl Pts',(1.9707534543318,-1.85299899766124,2.48503290779522));
#2817=CARTESIAN_POINT('Ctrl Pts',(1.97133202311868,-1.85299869418158,2.47610055043094));
#2818=CARTESIAN_POINT('Ctrl Pts',(1.97619883095308,-1.85299727844718,2.44929165821484));
#2819=CARTESIAN_POINT('Ctrl Pts',(1.99450834129907,-1.85299697450254,2.41191092083244));
#2820=CARTESIAN_POINT('Ctrl Pts',(2.03068884416967,-1.85299709653122,2.38297409873027));
#2821=CARTESIAN_POINT('Ctrl Pts',(2.06055939486398,-1.85299765779005,2.37228733466208));
#2822=CARTESIAN_POINT('Ctrl Pts',(2.07838109900836,-1.85299868176396,2.36903168512081));
#2823=CARTESIAN_POINT('Ctrl Pts',(2.08732192101155,-1.85299892369717,2.36846149846444));
#2824=CARTESIAN_POINT('Ctrl Pts',(2.09194465289479,-1.853,2.36831774731047));
#2825=CARTESIAN_POINT('Ctrl Pts',(1.97263895834254,-1.853,2.48964281837672));
#2826=CARTESIAN_POINT('Ctrl Pts',(1.97263895834254,-1.853,2.48520665822023));
#2827=CARTESIAN_POINT('Ctrl Pts',(1.97316171906034,-1.853,2.47635484419164));
#2828=CARTESIAN_POINT('Ctrl Pts',(1.97770875736159,-1.853,2.44993040446963));
#2829=CARTESIAN_POINT('Ctrl Pts',(1.99571243151441,-1.853,2.41286880242977));
#2830=CARTESIAN_POINT('Ctrl Pts',(2.03151001230831,-1.853,2.38431104379927));
#2831=CARTESIAN_POINT('Ctrl Pts',(2.06108643336688,-1.853,2.37389100865927));
#2832=CARTESIAN_POINT('Ctrl Pts',(2.0786375234984,-1.853,2.37085997406964));
#2833=CARTESIAN_POINT('Ctrl Pts',(2.08750849273829,-1.853,2.37033712382447));
#2834=CARTESIAN_POINT('Ctrl Pts',(2.09194465289479,-1.853,2.37033712382447));
#2835=CARTESIAN_POINT('',(2.09194465289479,-1.8512203944837,2.36464281837672));
#2836=CARTESIAN_POINT('',(2.09194465289479,-1.853,2.37033712382447));
#2837=CARTESIAN_POINT('Origin',(2.09194465289479,-1.843,2.37033712382447));
#2838=CARTESIAN_POINT('Ctrl Pts',(2.09194465289479,-1.853,2.37033712382447));
#2839=CARTESIAN_POINT('Ctrl Pts',(2.08750849273829,-1.853,2.37033712382447));
#2840=CARTESIAN_POINT('Ctrl Pts',(2.0786375234984,-1.853,2.37085997406964));
#2841=CARTESIAN_POINT('Ctrl Pts',(2.06108643336688,-1.853,2.37389100865927));
#2842=CARTESIAN_POINT('Ctrl Pts',(2.03151001230831,-1.853,2.38431104379927));
#2843=CARTESIAN_POINT('Ctrl Pts',(1.99571243151441,-1.853,2.41286880242977));
#2844=CARTESIAN_POINT('Ctrl Pts',(1.97770875736159,-1.853,2.44993040446963));
#2845=CARTESIAN_POINT('Ctrl Pts',(1.97316171906034,-1.853,2.47635484419164));
#2846=CARTESIAN_POINT('Ctrl Pts',(1.97263895834254,-1.853,2.48520665822023));
#2847=CARTESIAN_POINT('Ctrl Pts',(1.97263895834254,-1.853,2.48964281837672));
#2848=CARTESIAN_POINT('Ctrl Pts',(1.96694465289479,-1.85122039448371,2.48964281837672));
#2849=CARTESIAN_POINT('Ctrl Pts',(1.96727398218148,-1.85144852241054,2.48471695527482));
#2850=CARTESIAN_POINT('Ctrl Pts',(1.96794057485778,-1.85153152247703,2.4756330638338));
#2851=CARTESIAN_POINT('Ctrl Pts',(1.97332762098495,-1.85193255994762,2.44809728497145));
#2852=CARTESIAN_POINT('Ctrl Pts',(1.99221157506168,-1.85209930650508,2.41007892958425));
#2853=CARTESIAN_POINT('Ctrl Pts',(2.02913086481434,-1.8520339302919,2.38042541832893));
#2854=CARTESIAN_POINT('Ctrl Pts',(2.05957839866365,-1.85181853342826,2.36926099308312));
#2855=CARTESIAN_POINT('Ctrl Pts',(2.077909334229,-1.8515347725327,2.36564249728838));
#2856=CARTESIAN_POINT('Ctrl Pts',(2.08698265388574,-1.85146535630885,2.36499644936027));
#2857=CARTESIAN_POINT('Ctrl Pts',(2.09194465289479,-1.8512203944837,2.36464281837672));
#2858=CARTESIAN_POINT('Ctrl Pts',(2.09194465289479,-1.85122039448371,2.36464281837672));
#2859=CARTESIAN_POINT('Ctrl Pts',(2.10066452085522,-1.85122039448371,2.36464281837672));
#2860=CARTESIAN_POINT('Ctrl Pts',(2.10938438881564,-1.8512203944837,2.36464281837672));
#2861=CARTESIAN_POINT('Ctrl Pts',(2.11810425677607,-1.8512203944837,2.36464281837672));
#2862=CARTESIAN_POINT('Ctrl Pts',(2.09194465289479,-1.85237028915218,2.36630282553234));
#2863=CARTESIAN_POINT('Ctrl Pts',(2.10066452085522,-1.85237028915218,2.36630282553234));
#2864=CARTESIAN_POINT('Ctrl Pts',(2.10938438881564,-1.85237028915218,2.36630282553234));
#2865=CARTESIAN_POINT('Ctrl Pts',(2.11810425677607,-1.85237028915218,2.36630282553234));
#2866=CARTESIAN_POINT('Ctrl Pts',(2.09194465289479,-1.853,2.36831774731047));
#2867=CARTESIAN_POINT('Ctrl Pts',(2.10066452085522,-1.853,2.36831774731047));
#2868=CARTESIAN_POINT('Ctrl Pts',(2.10938438881564,-1.853,2.36831774731047));
#2869=CARTESIAN_POINT('Ctrl Pts',(2.11810425677607,-1.853,2.36831774731047));
#2870=CARTESIAN_POINT('Ctrl Pts',(2.09194465289479,-1.853,2.37033712382447));
#2871=CARTESIAN_POINT('Ctrl Pts',(2.10066452085522,-1.853,2.37033712382447));
#2872=CARTESIAN_POINT('Ctrl Pts',(2.10938438881564,-1.853,2.37033712382447));
#2873=CARTESIAN_POINT('Ctrl Pts',(2.11810425677607,-1.853,2.37033712382447));
#2874=CARTESIAN_POINT('',(2.11810425677607,-1.85122039448371,2.36464281837672));
#2875=CARTESIAN_POINT('',(2.11810425677607,-1.853,2.37033712382447));
#2876=CARTESIAN_POINT('Origin',(2.11810425677607,-1.843,2.37033712382447));
#2877=CARTESIAN_POINT('Ctrl Pts',(2.11810425677607,-1.853,2.37033712382447));
#2878=CARTESIAN_POINT('Ctrl Pts',(2.10938438881564,-1.853,2.37033712382447));
#2879=CARTESIAN_POINT('Ctrl Pts',(2.10066452085522,-1.853,2.37033712382447));
#2880=CARTESIAN_POINT('Ctrl Pts',(2.09194465289479,-1.853,2.37033712382447));
#2881=CARTESIAN_POINT('Ctrl Pts',(2.09194465289479,-1.85122039448371,2.36464281837672));
#2882=CARTESIAN_POINT('Ctrl Pts',(2.10066452085522,-1.85122039448371,2.36464281837672));
#2883=CARTESIAN_POINT('Ctrl Pts',(2.10938438881564,-1.8512203944837,2.36464281837672));
#2884=CARTESIAN_POINT('Ctrl Pts',(2.11810425677607,-1.8512203944837,2.36464281837672));
#2885=CARTESIAN_POINT('Ctrl Pts',(2.11810425677607,-1.8512203944837,2.36464281837672));
#2886=CARTESIAN_POINT('Ctrl Pts',(2.11923830568156,-1.85155953790615,2.36513241148771));
#2887=CARTESIAN_POINT('Ctrl Pts',(2.12078863903613,-1.85147178118328,2.36503861805654));
#2888=CARTESIAN_POINT('Ctrl Pts',(2.1242729449704,-1.85170279292783,2.3655186373288));
#2889=CARTESIAN_POINT('Ctrl Pts',(2.13014440363194,-1.85186017108794,2.36622729238383));
#2890=CARTESIAN_POINT('Ctrl Pts',(2.14184020080644,-1.85221503422834,2.36851819463788));
#2891=CARTESIAN_POINT('Ctrl Pts',(2.16455643473937,-1.852497886859,2.37553505555186));
#2892=CARTESIAN_POINT('Ctrl Pts',(2.19371083635818,-1.85266765751385,2.39284389276753));
#2893=CARTESIAN_POINT('Ctrl Pts',(2.22974774258387,-1.85271743182526,2.43343371596767));
#2894=CARTESIAN_POINT('Ctrl Pts',(2.24374925310342,-1.85255171625352,2.48768111961126));
#2895=CARTESIAN_POINT('Ctrl Pts',(2.23333579402532,-1.85228160491833,2.53410417428546));
#2896=CARTESIAN_POINT('Ctrl Pts',(2.22311792575804,-1.85180632456319,2.55557652337825));
#2897=CARTESIAN_POINT('Ctrl Pts',(2.21582746295823,-1.85151832180782,2.56693667417525));
#2898=CARTESIAN_POINT('Ctrl Pts',(2.21183170855807,-1.85102698567182,2.57274701804962));
#2899=CARTESIAN_POINT('Ctrl Pts',(2.20952972447016,-1.8512496506471,2.57481721682265));
#2900=CARTESIAN_POINT('Ctrl Pts',(2.11810425677607,-1.85237028915218,2.36630282553234));
#2901=CARTESIAN_POINT('Ctrl Pts',(2.11914457149865,-1.85249609410671,2.36669837417863));
#2902=CARTESIAN_POINT('Ctrl Pts',(2.12071611771603,-1.85246336249895,2.36662642868322));
#2903=CARTESIAN_POINT('Ctrl Pts',(2.12413004211774,-1.85254840878012,2.36703300992703));
#2904=CARTESIAN_POINT('Ctrl Pts',(2.12994234535893,-1.85260503947536,2.36767047200631));
#2905=CARTESIAN_POINT('Ctrl Pts',(2.14150098641655,-1.85273229202478,2.36978218140572));
#2906=CARTESIAN_POINT('Ctrl Pts',(2.16405256100704,-1.85282978883116,2.37652696975031));
#2907=CARTESIAN_POINT('Ctrl Pts',(2.19305295551737,-1.85288770167004,2.39354094355099));
#2908=CARTESIAN_POINT('Ctrl Pts',(2.22892625207767,-1.8529033201346,2.43377489210568));
#2909=CARTESIAN_POINT('Ctrl Pts',(2.24280052974601,-1.85284304571718,2.48768741212306));
#2910=CARTESIAN_POINT('Ctrl Pts',(2.23223560353935,-1.85275021332314,2.53369171170694));
#2911=CARTESIAN_POINT('Ctrl Pts',(2.2219280623996,-1.8525817553407,2.55480178498316));
#2912=CARTESIAN_POINT('Ctrl Pts',(2.21459912017033,-1.85247981782817,2.56596157255662));
#2913=CARTESIAN_POINT('Ctrl Pts',(2.21059059493836,-1.85229880313017,2.57156230526181));
#2914=CARTESIAN_POINT('Ctrl Pts',(2.20830241333248,-1.85238125385434,2.5737118063895));
#2915=CARTESIAN_POINT('Ctrl Pts',(2.11810425677607,-1.853,2.36831774731047));
#2916=CARTESIAN_POINT('Ctrl Pts',(2.11903068195108,-1.85299850988609,2.36851676713044));
#2917=CARTESIAN_POINT('Ctrl Pts',(2.1206286538204,-1.85299891624266,2.36849370674885));
#2918=CARTESIAN_POINT('Ctrl Pts',(2.12395958553062,-1.852997975583,2.36875918164635));
#2919=CARTESIAN_POINT('Ctrl Pts',(2.12970704883545,-1.85299748610238,2.36928382682869));
#2920=CARTESIAN_POINT('Ctrl Pts',(2.14111776557498,-1.85299643562112,2.3711245583792));
#2921=CARTESIAN_POINT('Ctrl Pts',(2.16350600503321,-1.85299607426343,2.37753893909354));
#2922=CARTESIAN_POINT('Ctrl Pts',(2.19235281988526,-1.85299594122643,2.39422132154102));
#2923=CARTESIAN_POINT('Ctrl Pts',(2.2280630465013,-1.85299608390126,2.43408723966547));
#2924=CARTESIAN_POINT('Ctrl Pts',(2.24179195589325,-1.85299671576057,2.48765425391152));
#2925=CARTESIAN_POINT('Ctrl Pts',(2.23104466073388,-1.85299705526996,2.53322928455871));
#2926=CARTESIAN_POINT('Ctrl Pts',(2.22057332027256,-1.85299824063957,2.55390598594716));
#2927=CARTESIAN_POINT('Ctrl Pts',(2.21315902972877,-1.85299894476448,2.56481691734283));
#2928=CARTESIAN_POINT('Ctrl Pts',(2.20904968742273,-1.85300096168334,2.57009348121965));
#2929=CARTESIAN_POINT('Ctrl Pts',(2.20681787297012,-1.853,2.57237471561062));
#2930=CARTESIAN_POINT('Ctrl Pts',(2.11810425677607,-1.853,2.37033712382447));
#2931=CARTESIAN_POINT('Ctrl Pts',(2.11891650431652,-1.853,2.37033712382447));
#2932=CARTESIAN_POINT('Ctrl Pts',(2.12054098464337,-1.853,2.37036364279389));
#2933=CARTESIAN_POINT('Ctrl Pts',(2.1237887702212,-1.853,2.37048649279477));
#2934=CARTESIAN_POINT('Ctrl Pts',(2.12947137659819,-1.853,2.37089763791183));
#2935=CARTESIAN_POINT('Ctrl Pts',(2.14073413433809,-1.853,2.37246591622639));
#2936=CARTESIAN_POINT('Ctrl Pts',(2.16295916822547,-1.853,2.37854960627752));
#2937=CARTESIAN_POINT('Ctrl Pts',(2.19165240998279,-1.853,2.39490018625092));
#2938=CARTESIAN_POINT('Ctrl Pts',(2.22719963652739,-1.853,2.43439835874139));
#2939=CARTESIAN_POINT('Ctrl Pts',(2.24078296642225,-1.853,2.48762014019544));
#2940=CARTESIAN_POINT('Ctrl Pts',(2.22985330109204,-1.853,2.53276636751605));
#2941=CARTESIAN_POINT('Ctrl Pts',(2.21921712102755,-1.853,2.55300894863722));
#2942=CARTESIAN_POINT('Ctrl Pts',(2.21171684602008,-1.853,2.56367057801965));
#2943=CARTESIAN_POINT('Ctrl Pts',(2.20750452223516,-1.853,2.56862062443818));
#2944=CARTESIAN_POINT('Ctrl Pts',(2.20533016010787,-1.853,2.5710347674353));
#2945=CARTESIAN_POINT('',(2.20952972447015,-1.8512496506471,2.57481721682266));
#2946=CARTESIAN_POINT('',(2.20533016010787,-1.853,2.5710347674353));
#2947=CARTESIAN_POINT('Origin',(2.20533016010787,-1.843,2.5710347674353));
#2948=CARTESIAN_POINT('Ctrl Pts',(2.20533016010787,-1.853,2.5710347674353));
#2949=CARTESIAN_POINT('Ctrl Pts',(2.20750452223516,-1.853,2.56862062443818));
#2950=CARTESIAN_POINT('Ctrl Pts',(2.21171684602008,-1.853,2.56367057801965));
#2951=CARTESIAN_POINT('Ctrl Pts',(2.21921712102755,-1.853,2.55300894863722));
#2952=CARTESIAN_POINT('Ctrl Pts',(2.22985330109204,-1.853,2.53276636751605));
#2953=CARTESIAN_POINT('Ctrl Pts',(2.24078296642225,-1.853,2.48762014019544));
#2954=CARTESIAN_POINT('Ctrl Pts',(2.22719963652739,-1.853,2.43439835874139));
#2955=CARTESIAN_POINT('Ctrl Pts',(2.19165240998279,-1.853,2.39490018625092));
#2956=CARTESIAN_POINT('Ctrl Pts',(2.16295916822547,-1.853,2.37854960627752));
#2957=CARTESIAN_POINT('Ctrl Pts',(2.14073413433809,-1.853,2.37246591622639));
#2958=CARTESIAN_POINT('Ctrl Pts',(2.12947137659819,-1.853,2.37089763791183));
#2959=CARTESIAN_POINT('Ctrl Pts',(2.1237887702212,-1.853,2.37048649279477));
#2960=CARTESIAN_POINT('Ctrl Pts',(2.12054098464337,-1.853,2.37036364279389));
#2961=CARTESIAN_POINT('Ctrl Pts',(2.11891650431652,-1.853,2.37033712382447));
#2962=CARTESIAN_POINT('Ctrl Pts',(2.11810425677607,-1.853,2.37033712382447));
#2963=CARTESIAN_POINT('Ctrl Pts',(2.11810425677607,-1.8512203944837,2.36464281837672));
#2964=CARTESIAN_POINT('Ctrl Pts',(2.11923830568156,-1.85155953790615,2.36513241148771));
#2965=CARTESIAN_POINT('Ctrl Pts',(2.12078863903613,-1.85147178118328,2.36503861805654));
#2966=CARTESIAN_POINT('Ctrl Pts',(2.1242729449704,-1.85170279292783,2.3655186373288));
#2967=CARTESIAN_POINT('Ctrl Pts',(2.13014440363194,-1.85186017108794,2.36622729238383));
#2968=CARTESIAN_POINT('Ctrl Pts',(2.14184020080644,-1.85221503422834,2.36851819463788));
#2969=CARTESIAN_POINT('Ctrl Pts',(2.16455643473937,-1.852497886859,2.37553505555186));
#2970=CARTESIAN_POINT('Ctrl Pts',(2.19371083635818,-1.85266765751385,2.39284389276753));
#2971=CARTESIAN_POINT('Ctrl Pts',(2.22974774258387,-1.85271743182526,2.43343371596767));
#2972=CARTESIAN_POINT('Ctrl Pts',(2.24374925310342,-1.85255171625352,2.48768111961126));
#2973=CARTESIAN_POINT('Ctrl Pts',(2.23333579402532,-1.85228160491833,2.53410417428546));
#2974=CARTESIAN_POINT('Ctrl Pts',(2.22311792575804,-1.85180632456319,2.55557652337825));
#2975=CARTESIAN_POINT('Ctrl Pts',(2.21582746295823,-1.85151832180782,2.56693667417525));
#2976=CARTESIAN_POINT('Ctrl Pts',(2.21183170855807,-1.85102698567182,2.57274701804962));
#2977=CARTESIAN_POINT('Ctrl Pts',(2.20952972447016,-1.8512496506471,2.57481721682265));
#2978=CARTESIAN_POINT('Ctrl Pts',(2.20952972447015,-1.8512496506471,2.57481721682266));
#2979=CARTESIAN_POINT('Ctrl Pts',(2.20062518752614,-1.8512539216093,2.58469439910342));
#2980=CARTESIAN_POINT('Ctrl Pts',(2.19171819889339,-1.85124903387643,2.59414475094662));
#2981=CARTESIAN_POINT('Ctrl Pts',(2.18237781859239,-1.85123841706696,2.60360768007933));
#2982=CARTESIAN_POINT('Ctrl Pts',(2.20830241333247,-1.85238125385434,2.57371180638951));
#2983=CARTESIAN_POINT('Ctrl Pts',(2.19943690775858,-1.85238283535105,2.58354746811021));
#2984=CARTESIAN_POINT('Ctrl Pts',(2.19050428891304,-1.85238098020448,2.59302291809417));
#2985=CARTESIAN_POINT('Ctrl Pts',(2.18120135104537,-1.85237704621772,2.60244374961263));
#2986=CARTESIAN_POINT('Ctrl Pts',(2.20681787297011,-1.853,2.57237471561063));
#2987=CARTESIAN_POINT('Ctrl Pts',(2.19800038578453,-1.85299998155384,2.58216079085175));
#2988=CARTESIAN_POINT('Ctrl Pts',(2.18903577023346,-1.85299995384156,2.59166599910017));
#2989=CARTESIAN_POINT('Ctrl Pts',(2.17977641015615,-1.853,2.60103399367127));
#2990=CARTESIAN_POINT('Ctrl Pts',(2.20533016010787,-1.853,2.57103476743531));
#2991=CARTESIAN_POINT('Ctrl Pts',(2.19656082688405,-1.853,2.58077115132743));
#2992=CARTESIAN_POINT('Ctrl Pts',(2.18756410194213,-1.853,2.59030620175051));
#2993=CARTESIAN_POINT('Ctrl Pts',(2.17834838394984,-1.853,2.59962118529164));
#2994=CARTESIAN_POINT('',(2.18237781859238,-1.85123841706696,2.60360768007933));
#2995=CARTESIAN_POINT('',(2.17834838394984,-1.853,2.59962118529164));
#2996=CARTESIAN_POINT('Origin',(2.17834838394984,-1.843,2.59962118529164));
#2997=CARTESIAN_POINT('Ctrl Pts',(2.17834838394984,-1.853,2.59962118529164));
#2998=CARTESIAN_POINT('Ctrl Pts',(2.18756410194213,-1.853,2.59030620175051));
#2999=CARTESIAN_POINT('Ctrl Pts',(2.19656082688405,-1.853,2.58077115132743));
#3000=CARTESIAN_POINT('Ctrl Pts',(2.20533016010787,-1.853,2.57103476743531));
#3001=CARTESIAN_POINT('Ctrl Pts',(2.20952972447015,-1.8512496506471,2.57481721682266));
#3002=CARTESIAN_POINT('Ctrl Pts',(2.20062518752614,-1.8512539216093,2.58469439910342));
#3003=CARTESIAN_POINT('Ctrl Pts',(2.19171819889339,-1.85124903387643,2.59414475094662));
#3004=CARTESIAN_POINT('Ctrl Pts',(2.18237781859239,-1.85123841706696,2.60360768007933));
#3005=CARTESIAN_POINT('Ctrl Pts',(2.18237781859238,-1.85123841706696,2.60360768007933));
#3006=CARTESIAN_POINT('Ctrl Pts',(2.18045282661077,-1.85096992254015,2.6061082726551));
#3007=CARTESIAN_POINT('Ctrl Pts',(2.17466805620861,-1.85153750788182,2.61048644424471));
#3008=CARTESIAN_POINT('Ctrl Pts',(2.16344988566288,-1.85183415066563,2.61853505818365));
#3009=CARTESIAN_POINT('Ctrl Pts',(2.14190449534146,-1.85232717233471,2.63009419381124));
#3010=CARTESIAN_POINT('Ctrl Pts',(2.09497269862863,-1.85258877408822,2.64278422889573));
#3011=CARTESIAN_POINT('Ctrl Pts',(2.02477169406204,-1.85277662920755,2.62710017002971));
#3012=CARTESIAN_POINT('Ctrl Pts',(1.98266587229673,-1.85271923355077,2.57787479577888));
#3013=CARTESIAN_POINT('Ctrl Pts',(1.97118751073149,-1.85233095156346,2.54167732435722));
#3014=CARTESIAN_POINT('Ctrl Pts',(1.96871101576399,-1.85194758159568,2.52968997684004));
#3015=CARTESIAN_POINT('Ctrl Pts',(1.96796139318106,-1.85178801011226,2.52370423215504));
#3016=CARTESIAN_POINT('Ctrl Pts',(1.96741238591572,-1.85151939848508,2.52012551845792));
#3017=CARTESIAN_POINT('Ctrl Pts',(1.9675482333171,-1.85163849744625,2.51855819452709));
#3018=CARTESIAN_POINT('Ctrl Pts',(1.96694465289479,-1.85122039448371,2.51735942115548));
#3019=CARTESIAN_POINT('Ctrl Pts',(2.18120135104537,-1.85237704621772,2.60244374961263));
#3020=CARTESIAN_POINT('Ctrl Pts',(2.17918269885164,-1.85227755739144,2.60493148313577));
#3021=CARTESIAN_POINT('Ctrl Pts',(2.17363044804971,-1.85248671334757,2.6093194863958));
#3022=CARTESIAN_POINT('Ctrl Pts',(2.16262407375431,-1.85259100982448,2.61740728553624));
#3023=CARTESIAN_POINT('Ctrl Pts',(2.14145691401084,-1.8527655506483,2.62905399882893));
#3024=CARTESIAN_POINT('Ctrl Pts',(2.09493751682988,-1.85285520438528,2.64188306239186));
#3025=CARTESIAN_POINT('Ctrl Pts',(2.02514132178938,-1.85292406451099,2.6263440677804));
#3026=CARTESIAN_POINT('Ctrl Pts',(1.98343806953192,-1.85290623161296,2.57728660959086));
#3027=CARTESIAN_POINT('Ctrl Pts',(1.97240075633549,-1.85277405677749,2.541325478574));
#3028=CARTESIAN_POINT('Ctrl Pts',(1.97012174362627,-1.85263690107149,2.52947679832323));
#3029=CARTESIAN_POINT('Ctrl Pts',(1.96944946113067,-1.85257980494221,2.52354878778481));
#3030=CARTESIAN_POINT('Ctrl Pts',(1.96898636990074,-1.85248097583043,2.52004582345628));
#3031=CARTESIAN_POINT('Ctrl Pts',(1.96909230052903,-1.85252538407872,2.51845121219651));
#3032=CARTESIAN_POINT('Ctrl Pts',(1.96860466005041,-1.85237028915218,2.51735942115548));
#3033=CARTESIAN_POINT('Ctrl Pts',(2.17977641015615,-1.853,2.60103399367127));
#3034=CARTESIAN_POINT('Ctrl Pts',(2.17759824592884,-1.85300116732713,2.60346066799364));
#3035=CARTESIAN_POINT('Ctrl Pts',(2.17241488895342,-1.85299883355504,2.60795437979681));
#3036=CARTESIAN_POINT('Ctrl Pts',(2.16166860424272,-1.85299818981766,2.6161260629957));
#3037=CARTESIAN_POINT('Ctrl Pts',(2.1409546468294,-1.85299699242578,2.62793217883504));
#3038=CARTESIAN_POINT('Ctrl Pts',(2.09485254371242,-1.85299670400093,2.64092596009024));
#3039=CARTESIAN_POINT('Ctrl Pts',(2.02547357465833,-1.85299595935169,2.62555076858966));
#3040=CARTESIAN_POINT('Ctrl Pts',(1.98418099245335,-1.85299576322265,2.57665814756966));
#3041=CARTESIAN_POINT('Ctrl Pts',(1.9736636219359,-1.85299606468025,2.54093001421145));
#3042=CARTESIAN_POINT('Ctrl Pts',(1.97167828099599,-1.85299716584761,2.52922929257471));
#3043=CARTESIAN_POINT('Ctrl Pts',(1.97112444198467,-1.85299762534418,2.52336364366094));
#3044=CARTESIAN_POINT('Ctrl Pts',(1.97082559835308,-1.85299871263026,2.5199497636362));
#3045=CARTESIAN_POINT('Ctrl Pts',(1.97086493754186,-1.85299816295703,2.518321225794));
#3046=CARTESIAN_POINT('Ctrl Pts',(1.97061958182853,-1.853,2.51735942115548));
#3047=CARTESIAN_POINT('Ctrl Pts',(2.17834838394984,-1.853,2.59962118529165));
#3048=CARTESIAN_POINT('Ctrl Pts',(2.17600920844681,-1.853,2.60198555682827));
#3049=CARTESIAN_POINT('Ctrl Pts',(2.17119759058806,-1.853,2.60658735051583));
#3050=CARTESIAN_POINT('Ctrl Pts',(2.16071173923571,-1.853,2.61484344242896));
#3051=CARTESIAN_POINT('Ctrl Pts',(2.14045180428365,-1.853,2.62680996019756));
#3052=CARTESIAN_POINT('Ctrl Pts',(2.09476646980966,-1.853,2.6399684129619));
#3053=CARTESIAN_POINT('Ctrl Pts',(2.02580437090752,-1.853,2.62475724611116));
#3054=CARTESIAN_POINT('Ctrl Pts',(1.98492216718433,-1.853,2.57602942742673));
#3055=CARTESIAN_POINT('Ctrl Pts',(1.97492494614713,-1.853,2.54053415141559));
#3056=CARTESIAN_POINT('Ctrl Pts',(1.97323477845273,-1.853,2.52898140305154));
#3057=CARTESIAN_POINT('Ctrl Pts',(1.97279999642405,-1.853,2.52317811499569));
#3058=CARTESIAN_POINT('Ctrl Pts',(1.97266714876792,-1.853,2.5198534795082));
#3059=CARTESIAN_POINT('Ctrl Pts',(1.97263895834254,-1.853,2.51819091058703));
#3060=CARTESIAN_POINT('Ctrl Pts',(1.97263895834254,-1.853,2.51735942115548));
#3061=CARTESIAN_POINT('Ctrl Pts',(1.97263895834254,-1.853,2.51735942115548));
#3062=CARTESIAN_POINT('Ctrl Pts',(1.97263895834254,-1.853,2.51819091058703));
#3063=CARTESIAN_POINT('Ctrl Pts',(1.97266714876792,-1.853,2.5198534795082));
#3064=CARTESIAN_POINT('Ctrl Pts',(1.97279999642405,-1.853,2.52317811499569));
#3065=CARTESIAN_POINT('Ctrl Pts',(1.97323477845273,-1.853,2.52898140305154));
#3066=CARTESIAN_POINT('Ctrl Pts',(1.97492494614713,-1.853,2.54053415141559));
#3067=CARTESIAN_POINT('Ctrl Pts',(1.98492216718433,-1.853,2.57602942742673));
#3068=CARTESIAN_POINT('Ctrl Pts',(2.02580437090752,-1.853,2.62475724611116));
#3069=CARTESIAN_POINT('Ctrl Pts',(2.09476646980966,-1.853,2.6399684129619));
#3070=CARTESIAN_POINT('Ctrl Pts',(2.14045180428365,-1.853,2.62680996019756));
#3071=CARTESIAN_POINT('Ctrl Pts',(2.16071173923571,-1.853,2.61484344242896));
#3072=CARTESIAN_POINT('Ctrl Pts',(2.17119759058806,-1.853,2.60658735051583));
#3073=CARTESIAN_POINT('Ctrl Pts',(2.17600920844681,-1.853,2.60198555682827));
#3074=CARTESIAN_POINT('Ctrl Pts',(2.17834838394984,-1.853,2.59962118529165));
#3075=CARTESIAN_POINT('Ctrl Pts',(2.18237781859238,-1.85123841706696,2.60360768007933));
#3076=CARTESIAN_POINT('Ctrl Pts',(2.18045282661077,-1.85096992254015,2.6061082726551));
#3077=CARTESIAN_POINT('Ctrl Pts',(2.17466805620861,-1.85153750788182,2.61048644424471));
#3078=CARTESIAN_POINT('Ctrl Pts',(2.16344988566288,-1.85183415066563,2.61853505818365));
#3079=CARTESIAN_POINT('Ctrl Pts',(2.14190449534146,-1.85232717233471,2.63009419381124));
#3080=CARTESIAN_POINT('Ctrl Pts',(2.09497269862863,-1.85258877408822,2.64278422889573));
#3081=CARTESIAN_POINT('Ctrl Pts',(2.02477169406204,-1.85277662920755,2.62710017002971));
#3082=CARTESIAN_POINT('Ctrl Pts',(1.98266587229673,-1.85271923355077,2.57787479577888));
#3083=CARTESIAN_POINT('Ctrl Pts',(1.97118751073149,-1.85233095156346,2.54167732435722));
#3084=CARTESIAN_POINT('Ctrl Pts',(1.96871101576399,-1.85194758159568,2.52968997684004));
#3085=CARTESIAN_POINT('Ctrl Pts',(1.96796139318106,-1.85178801011226,2.52370423215504));
#3086=CARTESIAN_POINT('Ctrl Pts',(1.96741238591572,-1.85151939848508,2.52012551845792));
#3087=CARTESIAN_POINT('Ctrl Pts',(1.9675482333171,-1.85163849744625,2.51855819452709));
#3088=CARTESIAN_POINT('Ctrl Pts',(1.96694465289479,-1.85122039448371,2.51735942115548));
#3089=CARTESIAN_POINT('Ctrl Pts',(1.24450959541048,-1.403,1.51720776089241));
#3090=CARTESIAN_POINT('Ctrl Pts',(1.32880378505277,-1.4592653087371,1.6015019505347));
#3091=CARTESIAN_POINT('Ctrl Pts',(1.4121371183861,-1.5092653087371,1.68483528386803));
#3092=CARTESIAN_POINT('Ctrl Pts',(1.61317017945062,-1.61600143197752,1.88586834493255));
#3093=CARTESIAN_POINT('Ctrl Pts',(1.73608954337927,-1.64695729783069,2.0087877088612));
#3094=CARTESIAN_POINT('Ctrl Pts',(1.93240821356688,-1.74843510159002,2.20510637904881));
#3095=CARTESIAN_POINT('Ctrl Pts',(2.01488656606165,-1.79784189975126,2.28758473154359));
#3096=CARTESIAN_POINT('Ctrl Pts',(2.09194465289479,-1.85122039448371,2.36464281837672));
#3097=CARTESIAN_POINT('Ctrl Pts',(1.30995944236026,-1.403,1.51720776089241));
#3098=CARTESIAN_POINT('Ctrl Pts',(1.39425363200255,-1.4592653087371,1.6015019505347));
#3099=CARTESIAN_POINT('Ctrl Pts',(1.47758696533589,-1.5092653087371,1.68483528386803));
#3100=CARTESIAN_POINT('Ctrl Pts',(1.6786200264004,-1.61600143197752,1.88586834493255));
#3101=CARTESIAN_POINT('Ctrl Pts',(1.81484017401011,-1.64695729783069,2.0087877088612));
#3102=CARTESIAN_POINT('Ctrl Pts',(1.9870748107021,-1.74843510159002,2.20510637904881));
#3103=CARTESIAN_POINT('Ctrl Pts',(2.05002768590518,-1.79784189975126,2.28758473154359));
#3104=CARTESIAN_POINT('Ctrl Pts',(2.09881806796953,-1.85122039448371,2.36464281837672));
#3105=CARTESIAN_POINT('Ctrl Pts',(3.49221956667397,-1.403,1.51720776089241));
#3106=CARTESIAN_POINT('Ctrl Pts',(3.37732909061367,-1.4592653087371,1.6015019505347));
#3107=CARTESIAN_POINT('Ctrl Pts',(3.25601482374221,-1.5092653087371,1.68483528386803));
#3108=CARTESIAN_POINT('Ctrl Pts',(2.94426539385952,-1.61600143197752,1.88586834493255));
#3109=CARTESIAN_POINT('Ctrl Pts',(2.72121074491135,-1.64695729783069,2.0087877088612));
#3110=CARTESIAN_POINT('Ctrl Pts',(2.38630122806443,-1.74843510159002,2.20510637904881));
#3111=CARTESIAN_POINT('Ctrl Pts',(2.2444894977297,-1.79784189975126,2.28758473154359));
#3112=CARTESIAN_POINT('Ctrl Pts',(2.11081654207409,-1.85122039448371,2.36464281837672));
#3113=CARTESIAN_POINT('Ctrl Pts',(3.57049308759355,-1.403,1.51720776089241));
#3114=CARTESIAN_POINT('Ctrl Pts',(3.45684576651723,-1.4592653087371,1.6015019505347));
#3115=CARTESIAN_POINT('Ctrl Pts',(3.33690483693933,-1.5092653087371,1.68483528386803));
#3116=CARTESIAN_POINT('Ctrl Pts',(3.02882480196996,-1.61600143197752,1.88586834493255));
#3117=CARTESIAN_POINT('Ctrl Pts',(2.82853514110643,-1.64695729783069,2.0087877088612));
#3118=CARTESIAN_POINT('Ctrl Pts',(2.4617156250831,-1.74843510159002,2.20510637904881));
#3119=CARTESIAN_POINT('Ctrl Pts',(2.29243259940627,-1.79784189975126,2.28758473154359));
#3120=CARTESIAN_POINT('Ctrl Pts',(2.11810425677607,-1.85122039448371,2.36464281837672));
#3121=CARTESIAN_POINT('',(1.24450959541048,-1.403,1.51720776089241));
#3122=CARTESIAN_POINT('Ctrl Pts',(1.24450959541048,-1.403,1.51720776089241));
#3123=CARTESIAN_POINT('Ctrl Pts',(1.32880378505277,-1.4592653087371,1.6015019505347));
#3124=CARTESIAN_POINT('Ctrl Pts',(1.4121371183861,-1.5092653087371,1.68483528386803));
#3125=CARTESIAN_POINT('Ctrl Pts',(1.61317017945062,-1.61600143197752,1.88586834493255));
#3126=CARTESIAN_POINT('Ctrl Pts',(1.73608954337927,-1.64695729783069,2.0087877088612));
#3127=CARTESIAN_POINT('Ctrl Pts',(1.93240821356688,-1.74843510159002,2.20510637904881));
#3128=CARTESIAN_POINT('Ctrl Pts',(2.01488656606165,-1.79784189975126,2.28758473154358));
#3129=CARTESIAN_POINT('Ctrl Pts',(2.09194465289479,-1.8512203944837,2.36464281837672));
#3130=CARTESIAN_POINT('',(3.57049308759355,-1.403,1.51720776089241));
#3131=CARTESIAN_POINT('Ctrl Pts',(3.57049308759355,-1.403,1.51720776089241));
#3132=CARTESIAN_POINT('Ctrl Pts',(3.49221956667397,-1.403,1.51720776089241));
#3133=CARTESIAN_POINT('Ctrl Pts',(1.30995944236026,-1.403,1.51720776089241));
#3134=CARTESIAN_POINT('Ctrl Pts',(1.24450959541048,-1.403,1.51720776089241));
#3135=CARTESIAN_POINT('Ctrl Pts',(3.57049308759355,-1.403,1.51720776089241));
#3136=CARTESIAN_POINT('Ctrl Pts',(3.45684576651723,-1.4592653087371,1.6015019505347));
#3137=CARTESIAN_POINT('Ctrl Pts',(3.33690483693933,-1.5092653087371,1.68483528386803));
#3138=CARTESIAN_POINT('Ctrl Pts',(3.02882480196996,-1.61600143197752,1.88586834493255));
#3139=CARTESIAN_POINT('Ctrl Pts',(2.82853514110643,-1.64695729783069,2.0087877088612));
#3140=CARTESIAN_POINT('Ctrl Pts',(2.4617156250831,-1.74843510159002,2.20510637904881));
#3141=CARTESIAN_POINT('Ctrl Pts',(2.29243259940627,-1.79784189975126,2.28758473154359));
#3142=CARTESIAN_POINT('Ctrl Pts',(2.11810425677607,-1.85122039448371,2.36464281837672));
#3143=CARTESIAN_POINT('Ctrl Pts',(1.11950959541048,-1.403,1.64220776089241));
#3144=CARTESIAN_POINT('Ctrl Pts',(1.20380378505277,-1.4592653087371,1.7265019505347));
#3145=CARTESIAN_POINT('Ctrl Pts',(1.2871371183861,-1.5092653087371,1.80983528386803));
#3146=CARTESIAN_POINT('Ctrl Pts',(1.48817017945062,-1.61600143197752,2.01086834493255));
#3147=CARTESIAN_POINT('Ctrl Pts',(1.61108954337927,-1.64695729783069,2.1337877088612));
#3148=CARTESIAN_POINT('Ctrl Pts',(1.80783208431206,-1.74865420185317,2.33053024979399));
#3149=CARTESIAN_POINT('Ctrl Pts',(1.890681905554,-1.79831849781169,2.41338007103593));
#3150=CARTESIAN_POINT('Ctrl Pts',(1.96805905913628,-1.85199288787558,2.49075722461822));
#3151=CARTESIAN_POINT('Ctrl Pts',(1.11950959541048,-1.403,1.63285778275672));
#3152=CARTESIAN_POINT('Ctrl Pts',(1.20380378505277,-1.4592653087371,1.71715197239901));
#3153=CARTESIAN_POINT('Ctrl Pts',(1.2871371183861,-1.5092653087371,1.80048530573235));
#3154=CARTESIAN_POINT('Ctrl Pts',(1.48817017945062,-1.61600143197752,2.00151836679686));
#3155=CARTESIAN_POINT('Ctrl Pts',(1.61108954337927,-1.64695729783069,2.12254922646686));
#3156=CARTESIAN_POINT('Ctrl Pts',(1.80783208431206,-1.74865420185317,2.32271870844469));
#3157=CARTESIAN_POINT('Ctrl Pts',(1.890681905554,-1.79831849781169,2.40836022694878));
#3158=CARTESIAN_POINT('Ctrl Pts',(1.96805905913628,-1.85199288787558,2.48978233826898));
#3159=CARTESIAN_POINT('Ctrl Pts',(1.12161645384932,-1.403,1.6141586759543));
#3160=CARTESIAN_POINT('Ctrl Pts',(1.20591064349161,-1.4592653087371,1.6984528655966));
#3161=CARTESIAN_POINT('Ctrl Pts',(1.28924397682494,-1.5092653087371,1.78178619892993));
#3162=CARTESIAN_POINT('Ctrl Pts',(1.49027703788946,-1.61600143197752,1.98281925999445));
#3163=CARTESIAN_POINT('Ctrl Pts',(1.61371643265026,-1.64695729783069,2.10169158443736));
#3164=CARTESIAN_POINT('Ctrl Pts',(1.80951530877785,-1.74865420185317,2.30577801440878));
#3165=CARTESIAN_POINT('Ctrl Pts',(1.89159639007988,-1.79831849781169,2.39461040571923));
#3166=CARTESIAN_POINT('Ctrl Pts',(1.9678596977554,-1.85199288787558,2.48065584988566));
#3167=CARTESIAN_POINT('Ctrl Pts',(1.13093814976383,-1.403,1.58751400947613));
#3168=CARTESIAN_POINT('Ctrl Pts',(1.21523233940612,-1.4592653087371,1.67180819911842));
#3169=CARTESIAN_POINT('Ctrl Pts',(1.29856567273945,-1.5092653087371,1.75514153245175));
#3170=CARTESIAN_POINT('Ctrl Pts',(1.49959873380397,-1.61600143197752,1.95617459351627));
#3171=CARTESIAN_POINT('Ctrl Pts',(1.62406487406947,-1.64695729783069,2.07557535011339));
#3172=CARTESIAN_POINT('Ctrl Pts',(1.81800058452151,-1.74865420185317,2.27870286996826));
#3173=CARTESIAN_POINT('Ctrl Pts',(1.89856387066832,-1.79831849781169,2.36675410201398));
#3174=CARTESIAN_POINT('Ctrl Pts',(1.97262800820426,-1.85199288787558,2.4516677056133));
#3175=CARTESIAN_POINT('Ctrl Pts',(1.14595795265913,-1.403,1.56361636401948));
#3176=CARTESIAN_POINT('Ctrl Pts',(1.23025214230142,-1.4592653087371,1.64791055366177));
#3177=CARTESIAN_POINT('Ctrl Pts',(1.31358547563475,-1.5092653087371,1.7312438869951));
#3178=CARTESIAN_POINT('Ctrl Pts',(1.51461853669927,-1.61600143197752,1.93227694805962));
#3179=CARTESIAN_POINT('Ctrl Pts',(1.63866239270167,-1.64695729783069,2.05414766914125));
#3180=CARTESIAN_POINT('Ctrl Pts',(1.83336439386619,-1.74865420185317,2.25279311137679));
#3181=CARTESIAN_POINT('Ctrl Pts',(1.91455192526727,-1.79831849781169,2.33719309770391));
#3182=CARTESIAN_POINT('Ctrl Pts',(1.98952054686238,-1.85199288787558,2.41681632300085));
#3183=CARTESIAN_POINT('Ctrl Pts',(1.16923820448622,-1.403,1.54032205061752));
#3184=CARTESIAN_POINT('Ctrl Pts',(1.25353239412851,-1.4592653087371,1.62461624025981));
#3185=CARTESIAN_POINT('Ctrl Pts',(1.33686572746184,-1.5092653087371,1.70794957359315));
#3186=CARTESIAN_POINT('Ctrl Pts',(1.53789878852636,-1.61600143197752,1.90898263465766));
#3187=CARTESIAN_POINT('Ctrl Pts',(1.65935831340703,-1.64695729783069,2.03349222762679));
#3188=CARTESIAN_POINT('Ctrl Pts',(1.85874992559807,-1.74865420185317,2.22734908739427));
#3189=CARTESIAN_POINT('Ctrl Pts',(1.9437577661586,-1.79831849781169,2.30784813921745));
#3190=CARTESIAN_POINT('Ctrl Pts',(2.02426172616781,-1.85199288787558,2.38181920608703));
#3191=CARTESIAN_POINT('Ctrl Pts',(1.20243629405736,-1.403,1.52197356476603));
#3192=CARTESIAN_POINT('Ctrl Pts',(1.28673048369965,-1.4592653087371,1.60626775440832));
#3193=CARTESIAN_POINT('Ctrl Pts',(1.37006381703298,-1.5092653087371,1.68960108774166));
#3194=CARTESIAN_POINT('Ctrl Pts',(1.5710968780975,-1.61600143197752,1.89063414880617));
#3195=CARTESIAN_POINT('Ctrl Pts',(1.68917891440545,-1.64695729783069,2.01487337400972));
#3196=CARTESIAN_POINT('Ctrl Pts',(1.89469942684435,-1.74865420185317,2.2092208518888));
#3197=CARTESIAN_POINT('Ctrl Pts',(1.98470006821968,-1.79831849781169,2.29011957712944));
#3198=CARTESIAN_POINT('Ctrl Pts',(2.07243821818333,-1.85199288787558,2.36466974048793));
#3199=CARTESIAN_POINT('Ctrl Pts',(1.23048462820695,-1.403,1.51720776089241));
#3200=CARTESIAN_POINT('Ctrl Pts',(1.31477881784924,-1.4592653087371,1.6015019505347));
#3201=CARTESIAN_POINT('Ctrl Pts',(1.39811215118257,-1.5092653087371,1.68483528386803));
#3202=CARTESIAN_POINT('Ctrl Pts',(1.59914521224709,-1.61600143197752,1.88586834493255));
#3203=CARTESIAN_POINT('Ctrl Pts',(1.71921440824409,-1.64695729783069,2.0087877088612));
#3204=CARTESIAN_POINT('Ctrl Pts',(1.92112895629598,-1.74865420185317,2.20553024979399));
#3205=CARTESIAN_POINT('Ctrl Pts',(2.00819206219161,-1.79831849781169,2.28838007103593));
#3206=CARTESIAN_POINT('Ctrl Pts',(2.09167394589384,-1.85199288787558,2.36575722461822));
#3207=CARTESIAN_POINT('Ctrl Pts',(1.24450959541048,-1.403,1.51720776089241));
#3208=CARTESIAN_POINT('Ctrl Pts',(1.32880378505277,-1.4592653087371,1.6015019505347));
#3209=CARTESIAN_POINT('Ctrl Pts',(1.4121371183861,-1.5092653087371,1.68483528386803));
#3210=CARTESIAN_POINT('Ctrl Pts',(1.61317017945062,-1.61600143197752,1.88586834493255));
#3211=CARTESIAN_POINT('Ctrl Pts',(1.73608954337927,-1.64695729783069,2.0087877088612));
#3212=CARTESIAN_POINT('Ctrl Pts',(1.93283208431206,-1.74865420185317,2.20553024979399));
#3213=CARTESIAN_POINT('Ctrl Pts',(2.015681905554,-1.79831849781169,2.28838007103593));
#3214=CARTESIAN_POINT('Ctrl Pts',(2.09305905913628,-1.85199288787558,2.36575722461822));
#3215=CARTESIAN_POINT('',(1.11950959541048,-1.403,1.64220776089241));
#3216=CARTESIAN_POINT('Ctrl Pts',(1.11950959541048,-1.403,1.64220776089241));
#3217=CARTESIAN_POINT('Ctrl Pts',(1.20380378505277,-1.4592653087371,1.7265019505347));
#3218=CARTESIAN_POINT('Ctrl Pts',(1.2871371183861,-1.5092653087371,1.80983528386803));
#3219=CARTESIAN_POINT('Ctrl Pts',(1.48817017945062,-1.61600143197752,2.01086834493255));
#3220=CARTESIAN_POINT('Ctrl Pts',(1.61108954337927,-1.64695729783069,2.1337877088612));
#3221=CARTESIAN_POINT('Ctrl Pts',(1.80740821356688,-1.74843510159002,2.33010637904881));
#3222=CARTESIAN_POINT('Ctrl Pts',(1.88988656606165,-1.79784189975126,2.41258473154359));
#3223=CARTESIAN_POINT('Ctrl Pts',(1.96694465289479,-1.85122039448371,2.48964281837672));
#3224=CARTESIAN_POINT('Ctrl Pts',(1.24450959541048,-1.403,1.51720776089241));
#3225=CARTESIAN_POINT('Ctrl Pts',(1.23048462820695,-1.403,1.51720776089241));
#3226=CARTESIAN_POINT('Ctrl Pts',(1.20243629405736,-1.403,1.52197356476603));
#3227=CARTESIAN_POINT('Ctrl Pts',(1.16923820448622,-1.403,1.54032205061752));
#3228=CARTESIAN_POINT('Ctrl Pts',(1.14595795265913,-1.403,1.56361636401948));
#3229=CARTESIAN_POINT('Ctrl Pts',(1.13093814976383,-1.403,1.58751400947613));
#3230=CARTESIAN_POINT('Ctrl Pts',(1.12161645384932,-1.403,1.6141586759543));
#3231=CARTESIAN_POINT('Ctrl Pts',(1.11950959541048,-1.403,1.63285778275672));
#3232=CARTESIAN_POINT('Ctrl Pts',(1.11950959541048,-1.403,1.64220776089241));
#3233=CARTESIAN_POINT('Ctrl Pts',(1.11950959541048,-1.403,4.0499135049141));
#3234=CARTESIAN_POINT('Ctrl Pts',(1.20380378505277,-1.4592653087371,3.93230032807504));
#3235=CARTESIAN_POINT('Ctrl Pts',(1.2871371183861,-1.5092653087371,3.80756580545814));
#3236=CARTESIAN_POINT('Ctrl Pts',(1.48817017945062,-1.61600143197752,3.48576670701814));
#3237=CARTESIAN_POINT('Ctrl Pts',(1.61108954337927,-1.64695729783069,3.27677447045239));
#3238=CARTESIAN_POINT('Ctrl Pts',(1.80740821356688,-1.74843510159002,2.88705670059515));
#3239=CARTESIAN_POINT('Ctrl Pts',(1.88988656606165,-1.79784189975126,2.70566092604329));
#3240=CARTESIAN_POINT('Ctrl Pts',(1.96694465289479,-1.85122039448371,2.51735942115548));
#3241=CARTESIAN_POINT('Ctrl Pts',(1.11950959541048,-1.403,3.9702014630324));
#3242=CARTESIAN_POINT('Ctrl Pts',(1.20380378505277,-1.4592653087371,3.85130267832058));
#3243=CARTESIAN_POINT('Ctrl Pts',(1.2871371183861,-1.5092653087371,3.72513988373614));
#3244=CARTESIAN_POINT('Ctrl Pts',(1.48817017945062,-1.61600143197752,3.3995068580336));
#3245=CARTESIAN_POINT('Ctrl Pts',(1.61108954337927,-1.64695729783069,3.16717361369515));
#3246=CARTESIAN_POINT('Ctrl Pts',(1.80740821356688,-1.74843510159002,2.80991645364019));
#3247=CARTESIAN_POINT('Ctrl Pts',(1.88988656606165,-1.79784189975126,2.6565192229269));
#3248=CARTESIAN_POINT('Ctrl Pts',(1.96694465289479,-1.85122039448371,2.50968107469919));
#3249=CARTESIAN_POINT('Ctrl Pts',(1.11950959541048,-1.403,1.70765760784219));
#3250=CARTESIAN_POINT('Ctrl Pts',(1.20380378505277,-1.4592653087371,1.79195179748449));
#3251=CARTESIAN_POINT('Ctrl Pts',(1.2871371183861,-1.5092653087371,1.87528513081782));
#3252=CARTESIAN_POINT('Ctrl Pts',(1.48817017945062,-1.61600143197752,2.07631819188234));
#3253=CARTESIAN_POINT('Ctrl Pts',(1.61108954337927,-1.64695729783069,2.21245708562164));
#3254=CARTESIAN_POINT('Ctrl Pts',(1.80740821356688,-1.74843510159002,2.38483885055685));
#3255=CARTESIAN_POINT('Ctrl Pts',(1.88988656606165,-1.79784189975126,2.44791100599481));
#3256=CARTESIAN_POINT('Ctrl Pts',(1.96694465289479,-1.85122039448371,2.49687407415608));
#3257=CARTESIAN_POINT('Ctrl Pts',(1.11950959541048,-1.403,1.64220776089241));
#3258=CARTESIAN_POINT('Ctrl Pts',(1.20380378505277,-1.4592653087371,1.7265019505347));
#3259=CARTESIAN_POINT('Ctrl Pts',(1.2871371183861,-1.5092653087371,1.80983528386803));
#3260=CARTESIAN_POINT('Ctrl Pts',(1.48817017945062,-1.61600143197752,2.01086834493255));
#3261=CARTESIAN_POINT('Ctrl Pts',(1.61108954337927,-1.64695729783069,2.1337877088612));
#3262=CARTESIAN_POINT('Ctrl Pts',(1.80740821356688,-1.74843510159002,2.33010637904881));
#3263=CARTESIAN_POINT('Ctrl Pts',(1.88988656606165,-1.79784189975126,2.41258473154359));
#3264=CARTESIAN_POINT('Ctrl Pts',(1.96694465289479,-1.85122039448371,2.48964281837672));
#3265=CARTESIAN_POINT('',(1.11950959541048,-1.403,4.0499135049141));
#3266=CARTESIAN_POINT('Ctrl Pts',(1.11950959541048,-1.403,4.0499135049141));
#3267=CARTESIAN_POINT('Ctrl Pts',(1.20380378505277,-1.4592653087371,3.93230032807504));
#3268=CARTESIAN_POINT('Ctrl Pts',(1.2871371183861,-1.5092653087371,3.80756580545815));
#3269=CARTESIAN_POINT('Ctrl Pts',(1.48817017945062,-1.61600143197752,3.48576670701813));
#3270=CARTESIAN_POINT('Ctrl Pts',(1.61108954337927,-1.64695729783069,3.27677447045239));
#3271=CARTESIAN_POINT('Ctrl Pts',(1.80740821356688,-1.74843510159002,2.88705670059515));
#3272=CARTESIAN_POINT('Ctrl Pts',(1.88988656606165,-1.79784189975126,2.70566092604329));
#3273=CARTESIAN_POINT('Ctrl Pts',(1.96694465289479,-1.8512203944837,2.51735942115548));
#3274=CARTESIAN_POINT('Ctrl Pts',(1.11950959541048,-1.403,1.64220776089241));
#3275=CARTESIAN_POINT('Ctrl Pts',(1.11950959541048,-1.403,1.70765760784219));
#3276=CARTESIAN_POINT('Ctrl Pts',(1.11950959541048,-1.403,3.9702014630324));
#3277=CARTESIAN_POINT('Ctrl Pts',(1.11950959541048,-1.403,4.0499135049141));
#3278=CARTESIAN_POINT('Origin',(2.100597702318,-1.853,2.49875007592812));
#3279=CARTESIAN_POINT('Ctrl Pts',(2.20533016010787,-1.853,-1.65503476743531));
#3280=CARTESIAN_POINT('Ctrl Pts',(2.19656082688405,-1.853,-1.66477115132743));
#3281=CARTESIAN_POINT('Ctrl Pts',(2.18756410194213,-1.853,-1.67430620175051));
#3282=CARTESIAN_POINT('Ctrl Pts',(2.17834838394984,-1.853,-1.68362118529164));
#3283=CARTESIAN_POINT('Ctrl Pts',(2.20681787297011,-1.853,-1.65637471561062));
#3284=CARTESIAN_POINT('Ctrl Pts',(2.19800038578453,-1.85299998155384,-1.66616079085175));
#3285=CARTESIAN_POINT('Ctrl Pts',(2.18903577023346,-1.85299995384156,-1.67566599910017));
#3286=CARTESIAN_POINT('Ctrl Pts',(2.17977641015615,-1.853,-1.68503399367127));
#3287=CARTESIAN_POINT('Ctrl Pts',(2.20830241333247,-1.85238125385434,-1.6577118063895));
#3288=CARTESIAN_POINT('Ctrl Pts',(2.19943690775858,-1.85238283535105,-1.66754746811021));
#3289=CARTESIAN_POINT('Ctrl Pts',(2.19050428891304,-1.85238098020448,-1.67702291809417));
#3290=CARTESIAN_POINT('Ctrl Pts',(2.18120135104537,-1.85237704621772,-1.68644374961262));
#3291=CARTESIAN_POINT('Ctrl Pts',(2.20952972447015,-1.8512496506471,-1.65881721682266));
#3292=CARTESIAN_POINT('Ctrl Pts',(2.20062518752614,-1.8512539216093,-1.66869439910342));
#3293=CARTESIAN_POINT('Ctrl Pts',(2.19171819889339,-1.85124903387643,-1.67814475094662));
#3294=CARTESIAN_POINT('Ctrl Pts',(2.18237781859239,-1.85123841706696,-1.68760768007933));
#3295=CARTESIAN_POINT('',(2.17834838394984,-1.853,-1.68362118529164));
#3296=CARTESIAN_POINT('',(2.18237781859238,-1.85123841706696,-1.68760768007933));
#3297=CARTESIAN_POINT('Origin',(2.17834838394984,-1.843,-1.68362118529164));
#3298=CARTESIAN_POINT('',(2.20952972447015,-1.8512496506471,-1.65881721682266));
#3299=CARTESIAN_POINT('Ctrl Pts',(2.18237781859239,-1.85123841706696,-1.68760768007933));
#3300=CARTESIAN_POINT('Ctrl Pts',(2.19171819889339,-1.85124903387643,-1.67814475094662));
#3301=CARTESIAN_POINT('Ctrl Pts',(2.20062518752614,-1.8512539216093,-1.66869439910342));
#3302=CARTESIAN_POINT('Ctrl Pts',(2.20952972447015,-1.8512496506471,-1.65881721682266));
#3303=CARTESIAN_POINT('',(2.20533016010787,-1.853,-1.65503476743531));
#3304=CARTESIAN_POINT('Origin',(2.20533016010787,-1.843,-1.65503476743531));
#3305=CARTESIAN_POINT('Ctrl Pts',(2.20533016010787,-1.853,-1.65503476743531));
#3306=CARTESIAN_POINT('Ctrl Pts',(2.19656082688405,-1.853,-1.66477115132743));
#3307=CARTESIAN_POINT('Ctrl Pts',(2.18756410194213,-1.853,-1.67430620175051));
#3308=CARTESIAN_POINT('Ctrl Pts',(2.17834838394984,-1.853,-1.68362118529164));
#3309=CARTESIAN_POINT('Ctrl Pts',(2.17834838394984,-1.853,-1.68362118529164));
#3310=CARTESIAN_POINT('Ctrl Pts',(2.17367003294379,-1.853,-1.68834992836488));
#3311=CARTESIAN_POINT('Ctrl Pts',(2.1584945514611,-1.853,-1.70152021529377));
#3312=CARTESIAN_POINT('Ctrl Pts',(2.12173620958989,-1.853,-1.71909622593888));
#3313=CARTESIAN_POINT('Ctrl Pts',(2.05958618180835,-1.853,-1.72100501972703));
#3314=CARTESIAN_POINT('Ctrl Pts',(2.00530352381908,-1.853,-1.68815508510298));
#3315=CARTESIAN_POINT('Ctrl Pts',(1.98303731113538,-1.853,-1.64997426071879));
#3316=CARTESIAN_POINT('Ctrl Pts',(1.97674858701814,-1.853,-1.63100361079128));
#3317=CARTESIAN_POINT('Ctrl Pts',(1.9744324918246,-1.853,-1.62122583289364));
#3318=CARTESIAN_POINT('Ctrl Pts',(1.97323505891652,-1.853,-1.61298461601266));
#3319=CARTESIAN_POINT('Ctrl Pts',(1.97273635704587,-1.853,-1.60634808756925));
#3320=CARTESIAN_POINT('Ctrl Pts',(1.97263895834254,-1.853,-1.60302240001862));
#3321=CARTESIAN_POINT('Ctrl Pts',(1.97263895834254,-1.853,-1.60135942115548));
#3322=CARTESIAN_POINT('Ctrl Pts',(2.17977641015615,-1.853,-1.68503399367127));
#3323=CARTESIAN_POINT('Ctrl Pts',(2.17542008170154,-1.85300233465427,-1.689887342316));
#3324=CARTESIAN_POINT('Ctrl Pts',(2.15934961122663,-1.85299758579506,-1.70277485443518));
#3325=CARTESIAN_POINT('Ctrl Pts',(2.12227873119211,-1.85299810735159,-1.72022389781398));
#3326=CARTESIAN_POINT('Ctrl Pts',(2.05955290909347,-1.85299615349597,-1.72192063316722));
#3327=CARTESIAN_POINT('Ctrl Pts',(2.00497760735075,-1.85299549824954,-1.68895976786721));
#3328=CARTESIAN_POINT('Ctrl Pts',(1.98225814190372,-1.85299502893052,-1.6505945047918));
#3329=CARTESIAN_POINT('Ctrl Pts',(1.97570215473722,-1.85299523324345,-1.63150357159542));
#3330=CARTESIAN_POINT('Ctrl Pts',(1.97317359888411,-1.8529958121187,-1.6216239219419));
#3331=CARTESIAN_POINT('Ctrl Pts',(1.97188125176116,-1.85299567141515,-1.61333898889341));
#3332=CARTESIAN_POINT('Ctrl Pts',(1.97106340233701,-1.852997567816,-1.60653472532358));
#3333=CARTESIAN_POINT('Ctrl Pts',(1.97111029325522,-1.85299632591405,-1.60328303043258));
#3334=CARTESIAN_POINT('Ctrl Pts',(1.97061958182853,-1.853,-1.60135942115548));
#3335=CARTESIAN_POINT('Ctrl Pts',(2.18120135104537,-1.85237704621772,-1.68644374961263));
#3336=CARTESIAN_POINT('Ctrl Pts',(2.17716404665791,-1.85217806856516,-1.69141921665891));
#3337=CARTESIAN_POINT('Ctrl Pts',(2.16020334381077,-1.85266212342251,-1.70402846228485));
#3338=CARTESIAN_POINT('Ctrl Pts',(2.12281782389516,-1.85271414024603,-1.72134943326694));
#3339=CARTESIAN_POINT('Ctrl Pts',(2.05951721150688,-1.85290929029266,-1.72283553802358));
#3340=CARTESIAN_POINT('Ctrl Pts',(2.00464816163726,-1.85295480049711,-1.68976360021331));
#3341=CARTESIAN_POINT('Ctrl Pts',(1.9814758010262,-1.852935016848,-1.65121425634681));
#3342=CARTESIAN_POINT('Ctrl Pts',(1.97465266938455,-1.85286427674091,-1.63200295048706));
#3343=CARTESIAN_POINT('Ctrl Pts',(1.97191251848448,-1.85278267122411,-1.62202146509036));
#3344=CARTESIAN_POINT('Ctrl Pts',(1.9705248658362,-1.85276304714874,-1.61369269598847));
#3345=CARTESIAN_POINT('Ctrl Pts',(1.9693908704649,-1.85258212832794,-1.6067209438334));
#3346=CARTESIAN_POINT('Ctrl Pts',(1.96957994100772,-1.85268047900528,-1.60354300323762));
#3347=CARTESIAN_POINT('Ctrl Pts',(1.96860466005041,-1.85237028915218,-1.60135942115548));
#3348=CARTESIAN_POINT('Ctrl Pts',(2.18237781859238,-1.85123841706696,-1.68760768007933));
#3349=CARTESIAN_POINT('Ctrl Pts',(2.17852783462916,-1.85070142801334,-1.69260886523086));
#3350=CARTESIAN_POINT('Ctrl Pts',(2.16094879148112,-1.85203193686441,-1.70515306721433));
#3351=CARTESIAN_POINT('Ctrl Pts',(2.12319811081877,-1.85220140636255,-1.72234463298662));
#3352=CARTESIAN_POINT('Ctrl Pts',(2.0593913819214,-1.85273678340166,-1.72368867657849));
#3353=CARTESIAN_POINT('Ctrl Pts',(2.00420305293181,-1.85285753644199,-1.69050300179277));
#3354=CARTESIAN_POINT('Ctrl Pts',(1.98062862698315,-1.85278698164537,-1.65178109925554));
#3355=CARTESIAN_POINT('Ctrl Pts',(1.9735773975748,-1.85258008082159,-1.63244665853399));
#3356=CARTESIAN_POINT('Ctrl Pts',(1.97068425365931,-1.8523501131106,-1.62236873842211));
#3357=CARTESIAN_POINT('Ctrl Pts',(1.96920989873216,-1.85228760796104,-1.61399282809458));
#3358=CARTESIAN_POINT('Ctrl Pts',(1.96790116037001,-1.85179343787352,-1.60687598027608));
#3359=CARTESIAN_POINT('Ctrl Pts',(1.9681518137395,-1.85205660040886,-1.60375696789881));
#3360=CARTESIAN_POINT('Ctrl Pts',(1.96694465289479,-1.85122039448371,-1.60135942115548));
#3361=CARTESIAN_POINT('',(1.97263895834254,-1.853,-1.60135942115548));
#3362=CARTESIAN_POINT('',(1.96694465289479,-1.85122039448371,-1.60135942115548));
#3363=CARTESIAN_POINT('Origin',(1.97263895834254,-1.843,-1.60135942115548));
#3364=CARTESIAN_POINT('Ctrl Pts',(1.96694465289479,-1.85122039448371,-1.60135942115548));
#3365=CARTESIAN_POINT('Ctrl Pts',(1.9681518137395,-1.85205660040886,-1.60375696789881));
#3366=CARTESIAN_POINT('Ctrl Pts',(1.96790116037001,-1.85179343787352,-1.60687598027608));
#3367=CARTESIAN_POINT('Ctrl Pts',(1.96920989873216,-1.85228760796104,-1.61399282809458));
#3368=CARTESIAN_POINT('Ctrl Pts',(1.97068425365931,-1.8523501131106,-1.62236873842211));
#3369=CARTESIAN_POINT('Ctrl Pts',(1.9735773975748,-1.85258008082159,-1.63244665853399));
#3370=CARTESIAN_POINT('Ctrl Pts',(1.98062862698315,-1.85278698164537,-1.65178109925554));
#3371=CARTESIAN_POINT('Ctrl Pts',(2.00420305293181,-1.85285753644199,-1.69050300179277));
#3372=CARTESIAN_POINT('Ctrl Pts',(2.0593913819214,-1.85273678340166,-1.72368867657849));
#3373=CARTESIAN_POINT('Ctrl Pts',(2.12319811081877,-1.85220140636255,-1.72234463298662));
#3374=CARTESIAN_POINT('Ctrl Pts',(2.16094879148112,-1.85203193686441,-1.70515306721433));
#3375=CARTESIAN_POINT('Ctrl Pts',(2.17852783462916,-1.85070142801334,-1.69260886523086));
#3376=CARTESIAN_POINT('Ctrl Pts',(2.18237781859238,-1.85123841706696,-1.68760768007933));
#3377=CARTESIAN_POINT('Ctrl Pts',(2.17834838394984,-1.853,-1.68362118529164));
#3378=CARTESIAN_POINT('Ctrl Pts',(2.17367003294379,-1.853,-1.68834992836488));
#3379=CARTESIAN_POINT('Ctrl Pts',(2.1584945514611,-1.853,-1.70152021529377));
#3380=CARTESIAN_POINT('Ctrl Pts',(2.12173620958989,-1.853,-1.71909622593888));
#3381=CARTESIAN_POINT('Ctrl Pts',(2.05958618180835,-1.853,-1.72100501972703));
#3382=CARTESIAN_POINT('Ctrl Pts',(2.00530352381908,-1.853,-1.68815508510298));
#3383=CARTESIAN_POINT('Ctrl Pts',(1.98303731113538,-1.853,-1.64997426071879));
#3384=CARTESIAN_POINT('Ctrl Pts',(1.97674858701814,-1.853,-1.63100361079128));
#3385=CARTESIAN_POINT('Ctrl Pts',(1.9744324918246,-1.853,-1.62122583289364));
#3386=CARTESIAN_POINT('Ctrl Pts',(1.97323505891652,-1.853,-1.61298461601266));
#3387=CARTESIAN_POINT('Ctrl Pts',(1.97273635704587,-1.853,-1.60634808756925));
#3388=CARTESIAN_POINT('Ctrl Pts',(1.97263895834254,-1.853,-1.60302240001862));
#3389=CARTESIAN_POINT('Ctrl Pts',(1.97263895834254,-1.853,-1.60135942115548));
#3390=CARTESIAN_POINT('Ctrl Pts',(1.97263895834254,-1.853,-1.60135942115548));
#3391=CARTESIAN_POINT('Ctrl Pts',(1.97263895834254,-1.853,-1.59212055356256));
#3392=CARTESIAN_POINT('Ctrl Pts',(1.97263895834254,-1.853,-1.58288168596964));
#3393=CARTESIAN_POINT('Ctrl Pts',(1.97263895834254,-1.853,-1.57364281837672));
#3394=CARTESIAN_POINT('Ctrl Pts',(1.97061958182853,-1.853,-1.60135942115548));
#3395=CARTESIAN_POINT('Ctrl Pts',(1.97061958182853,-1.853,-1.59212055356256));
#3396=CARTESIAN_POINT('Ctrl Pts',(1.97061958182853,-1.853,-1.58288168596964));
#3397=CARTESIAN_POINT('Ctrl Pts',(1.97061958182853,-1.853,-1.57364281837672));
#3398=CARTESIAN_POINT('Ctrl Pts',(1.96860466005041,-1.85237028915218,-1.60135942115548));
#3399=CARTESIAN_POINT('Ctrl Pts',(1.96860466005041,-1.85237028915218,-1.59212055356256));
#3400=CARTESIAN_POINT('Ctrl Pts',(1.96860466005041,-1.85237028915218,-1.58288168596964));
#3401=CARTESIAN_POINT('Ctrl Pts',(1.96860466005041,-1.85237028915218,-1.57364281837672));
#3402=CARTESIAN_POINT('Ctrl Pts',(1.96694465289479,-1.85122039448371,-1.60135942115548));
#3403=CARTESIAN_POINT('Ctrl Pts',(1.96694465289479,-1.85122039448371,-1.59212055356256));
#3404=CARTESIAN_POINT('Ctrl Pts',(1.96694465289479,-1.85122039448371,-1.58288168596964));
#3405=CARTESIAN_POINT('Ctrl Pts',(1.96694465289479,-1.85122039448371,-1.57364281837672));
#3406=CARTESIAN_POINT('',(1.97263895834254,-1.853,-1.57364281837672));
#3407=CARTESIAN_POINT('',(1.96694465289479,-1.85122039448371,-1.57364281837672));
#3408=CARTESIAN_POINT('Origin',(1.97263895834254,-1.843,-1.57364281837672));
#3409=CARTESIAN_POINT('Ctrl Pts',(1.96694465289479,-1.85122039448371,-1.57364281837672));
#3410=CARTESIAN_POINT('Ctrl Pts',(1.96694465289479,-1.85122039448371,-1.58288168596964));
#3411=CARTESIAN_POINT('Ctrl Pts',(1.96694465289479,-1.85122039448371,-1.59212055356256));
#3412=CARTESIAN_POINT('Ctrl Pts',(1.96694465289479,-1.85122039448371,-1.60135942115548));
#3413=CARTESIAN_POINT('Ctrl Pts',(1.97263895834254,-1.853,-1.60135942115548));
#3414=CARTESIAN_POINT('Ctrl Pts',(1.97263895834254,-1.853,-1.59212055356256));
#3415=CARTESIAN_POINT('Ctrl Pts',(1.97263895834254,-1.853,-1.58288168596964));
#3416=CARTESIAN_POINT('Ctrl Pts',(1.97263895834254,-1.853,-1.57364281837672));
#3417=CARTESIAN_POINT('Ctrl Pts',(1.97263895834254,-1.853,-1.57364281837672));
#3418=CARTESIAN_POINT('Ctrl Pts',(1.97263895834254,-1.853,-1.56920665822023));
#3419=CARTESIAN_POINT('Ctrl Pts',(1.97316171905454,-1.853,-1.5603548440315));
#3420=CARTESIAN_POINT('Ctrl Pts',(1.9777087571489,-1.853,-1.53393040386115));
#3421=CARTESIAN_POINT('Ctrl Pts',(1.99571242990904,-1.853,-1.49686880218376));
#3422=CARTESIAN_POINT('Ctrl Pts',(2.03151001082307,-1.853,-1.46831104416147));
#3423=CARTESIAN_POINT('Ctrl Pts',(2.0610864331193,-1.853,-1.45789100893116));
#3424=CARTESIAN_POINT('Ctrl Pts',(2.07863752326037,-1.853,-1.45485997424766));
#3425=CARTESIAN_POINT('Ctrl Pts',(2.08750849273829,-1.853,-1.45433712382447));
#3426=CARTESIAN_POINT('Ctrl Pts',(2.09194465289479,-1.853,-1.45433712382447));
#3427=CARTESIAN_POINT('Ctrl Pts',(1.97061958182853,-1.853,-1.57364281837672));
#3428=CARTESIAN_POINT('Ctrl Pts',(1.9707534543318,-1.85299899766124,-1.56903290779522));
#3429=CARTESIAN_POINT('Ctrl Pts',(1.97133202215513,-1.85299869429757,-1.56010055176298));
#3430=CARTESIAN_POINT('Ctrl Pts',(1.97619882933704,-1.85299727876809,-1.5332916603576));
#3431=CARTESIAN_POINT('Ctrl Pts',(1.99450834111183,-1.85299697533666,-1.49591092233292));
#3432=CARTESIAN_POINT('Ctrl Pts',(2.03068884775769,-1.85299709710193,-1.46697409629383));
#3433=CARTESIAN_POINT('Ctrl Pts',(2.06055939836282,-1.85299765805712,-1.45628733239312));
#3434=CARTESIAN_POINT('Ctrl Pts',(2.07838110114269,-1.85299868191444,-1.45303168364191));
#3435=CARTESIAN_POINT('Ctrl Pts',(2.08732192101155,-1.85299892369718,-1.45246149846444));
#3436=CARTESIAN_POINT('Ctrl Pts',(2.09194465289479,-1.853,-1.45231774731046));
#3437=CARTESIAN_POINT('Ctrl Pts',(1.96860466005041,-1.85237028915218,-1.57364281837672));
#3438=CARTESIAN_POINT('Ctrl Pts',(1.96887072946726,-1.85245491300617,-1.56885959576813));
#3439=CARTESIAN_POINT('Ctrl Pts',(1.96950468959546,-1.85248516697483,-1.55984673977882));
#3440=CARTESIAN_POINT('Ctrl Pts',(1.97468917771886,-1.85263090602152,-1.53265364602701));
#3441=CARTESIAN_POINT('Ctrl Pts',(1.99330465679687,-1.85268905224638,-1.49495319625086));
#3442=CARTESIAN_POINT('Ctrl Pts',(2.02986811194726,-1.8526662249908,-1.46563745608388));
#3443=CARTESIAN_POINT('Ctrl Pts',(2.06003308806443,-1.8525896708131,-1.45468443589814));
#3444=CARTESIAN_POINT('Ctrl Pts',(2.07812514821483,-1.85248635757063,-1.45120575326234));
#3445=CARTESIAN_POINT('Ctrl Pts',(2.08713582003275,-1.85246115752595,-1.45058852860636));
#3446=CARTESIAN_POINT('Ctrl Pts',(2.09194465289479,-1.85237028915218,-1.45030282553234));
#3447=CARTESIAN_POINT('Ctrl Pts',(1.96694465289479,-1.85122039448371,-1.57364281837672));
#3448=CARTESIAN_POINT('Ctrl Pts',(1.96727398218148,-1.85144852241054,-1.56871695527482));
#3449=CARTESIAN_POINT('Ctrl Pts',(1.96794057286338,-1.85153151811678,-1.55963306815253));
#3450=CARTESIAN_POINT('Ctrl Pts',(1.97332761845587,-1.85193254901144,-1.53209729296654));
#3451=CARTESIAN_POINT('Ctrl Pts',(1.9922115804947,-1.85209928067763,-1.49407893715475));
#3452=CARTESIAN_POINT('Ctrl Pts',(2.02913087905927,-1.85203391179504,-1.46442541360508));
#3453=CARTESIAN_POINT('Ctrl Pts',(2.05957840952962,-1.85181852372303,-1.45326098783612));
#3454=CARTESIAN_POINT('Ctrl Pts',(2.07790934097734,-1.8515347667857,-1.44964249379204));
#3455=CARTESIAN_POINT('Ctrl Pts',(2.08698265388574,-1.85146535630885,-1.44899644936026));
#3456=CARTESIAN_POINT('Ctrl Pts',(2.09194465289479,-1.85122039448371,-1.44864281837672));
#3457=CARTESIAN_POINT('',(2.09194465289479,-1.853,-1.45433712382447));
#3458=CARTESIAN_POINT('',(2.09194465289479,-1.85122039448371,-1.44864281837672));
#3459=CARTESIAN_POINT('Origin',(2.09194465289479,-1.843,-1.45433712382447));
#3460=CARTESIAN_POINT('Ctrl Pts',(2.09194465289479,-1.85122039448371,-1.44864281837672));
#3461=CARTESIAN_POINT('Ctrl Pts',(2.08698265388574,-1.85146535630885,-1.44899644936026));
#3462=CARTESIAN_POINT('Ctrl Pts',(2.07790934097734,-1.8515347667857,-1.44964249379204));
#3463=CARTESIAN_POINT('Ctrl Pts',(2.05957840952962,-1.85181852372303,-1.45326098783612));
#3464=CARTESIAN_POINT('Ctrl Pts',(2.02913087905927,-1.85203391179504,-1.46442541360508));
#3465=CARTESIAN_POINT('Ctrl Pts',(1.9922115804947,-1.85209928067763,-1.49407893715475));
#3466=CARTESIAN_POINT('Ctrl Pts',(1.97332761845587,-1.85193254901144,-1.53209729296654));
#3467=CARTESIAN_POINT('Ctrl Pts',(1.96794057286338,-1.85153151811678,-1.55963306815253));
#3468=CARTESIAN_POINT('Ctrl Pts',(1.96727398218148,-1.85144852241054,-1.56871695527482));
#3469=CARTESIAN_POINT('Ctrl Pts',(1.96694465289479,-1.85122039448371,-1.57364281837672));
#3470=CARTESIAN_POINT('Ctrl Pts',(1.97263895834254,-1.853,-1.57364281837672));
#3471=CARTESIAN_POINT('Ctrl Pts',(1.97263895834254,-1.853,-1.56920665822023));
#3472=CARTESIAN_POINT('Ctrl Pts',(1.97316171905454,-1.853,-1.5603548440315));
#3473=CARTESIAN_POINT('Ctrl Pts',(1.9777087571489,-1.853,-1.53393040386115));
#3474=CARTESIAN_POINT('Ctrl Pts',(1.99571242990904,-1.853,-1.49686880218376));
#3475=CARTESIAN_POINT('Ctrl Pts',(2.03151001082307,-1.853,-1.46831104416147));
#3476=CARTESIAN_POINT('Ctrl Pts',(2.0610864331193,-1.853,-1.45789100893116));
#3477=CARTESIAN_POINT('Ctrl Pts',(2.07863752326037,-1.853,-1.45485997424766));
#3478=CARTESIAN_POINT('Ctrl Pts',(2.08750849273829,-1.853,-1.45433712382447));
#3479=CARTESIAN_POINT('Ctrl Pts',(2.09194465289479,-1.853,-1.45433712382447));
#3480=CARTESIAN_POINT('Ctrl Pts',(2.09194465289479,-1.853,-1.45433712382447));
#3481=CARTESIAN_POINT('Ctrl Pts',(2.10066452085522,-1.853,-1.45433712382447));
#3482=CARTESIAN_POINT('Ctrl Pts',(2.10938438881564,-1.853,-1.45433712382447));
#3483=CARTESIAN_POINT('Ctrl Pts',(2.11810425677607,-1.853,-1.45433712382447));
#3484=CARTESIAN_POINT('Ctrl Pts',(2.09194465289479,-1.853,-1.45231774731046));
#3485=CARTESIAN_POINT('Ctrl Pts',(2.10066452085522,-1.853,-1.45231774731046));
#3486=CARTESIAN_POINT('Ctrl Pts',(2.10938438881564,-1.853,-1.45231774731046));
#3487=CARTESIAN_POINT('Ctrl Pts',(2.11810425677607,-1.853,-1.45231774731046));
#3488=CARTESIAN_POINT('Ctrl Pts',(2.09194465289479,-1.85237028915218,-1.45030282553234));
#3489=CARTESIAN_POINT('Ctrl Pts',(2.10066452085522,-1.85237028915218,-1.45030282553234));
#3490=CARTESIAN_POINT('Ctrl Pts',(2.10938438881564,-1.85237028915218,-1.45030282553234));
#3491=CARTESIAN_POINT('Ctrl Pts',(2.11810425677607,-1.85237028915218,-1.45030282553234));
#3492=CARTESIAN_POINT('Ctrl Pts',(2.09194465289479,-1.85122039448371,-1.44864281837672));
#3493=CARTESIAN_POINT('Ctrl Pts',(2.10066452085522,-1.85122039448371,-1.44864281837672));
#3494=CARTESIAN_POINT('Ctrl Pts',(2.10938438881564,-1.85122039448371,-1.44864281837672));
#3495=CARTESIAN_POINT('Ctrl Pts',(2.11810425677607,-1.85122039448371,-1.44864281837672));
#3496=CARTESIAN_POINT('',(2.11810425677607,-1.853,-1.45433712382447));
#3497=CARTESIAN_POINT('',(2.11810425677607,-1.85122039448371,-1.44864281837672));
#3498=CARTESIAN_POINT('Origin',(2.11810425677607,-1.843,-1.45433712382447));
#3499=CARTESIAN_POINT('Ctrl Pts',(2.11810425677607,-1.85122039448371,-1.44864281837672));
#3500=CARTESIAN_POINT('Ctrl Pts',(2.10938438881564,-1.85122039448371,-1.44864281837672));
#3501=CARTESIAN_POINT('Ctrl Pts',(2.10066452085522,-1.85122039448371,-1.44864281837672));
#3502=CARTESIAN_POINT('Ctrl Pts',(2.09194465289479,-1.85122039448371,-1.44864281837672));
#3503=CARTESIAN_POINT('Ctrl Pts',(2.09194465289479,-1.853,-1.45433712382447));
#3504=CARTESIAN_POINT('Ctrl Pts',(2.10066452085522,-1.853,-1.45433712382447));
#3505=CARTESIAN_POINT('Ctrl Pts',(2.10938438881564,-1.853,-1.45433712382447));
#3506=CARTESIAN_POINT('Ctrl Pts',(2.11810425677607,-1.853,-1.45433712382447));
#3507=CARTESIAN_POINT('Ctrl Pts',(2.11810425677607,-1.853,-1.45433712382447));
#3508=CARTESIAN_POINT('Ctrl Pts',(2.11891650431651,-1.853,-1.45433712382447));
#3509=CARTESIAN_POINT('Ctrl Pts',(2.12054098470312,-1.853,-1.45436364284724));
#3510=CARTESIAN_POINT('Ctrl Pts',(2.1237887703563,-1.853,-1.45448649291995));
#3511=CARTESIAN_POINT('Ctrl Pts',(2.1294713770197,-1.853,-1.45489763825577));
#3512=CARTESIAN_POINT('Ctrl Pts',(2.1407341355322,-1.853,-1.45646591731208));
#3513=CARTESIAN_POINT('Ctrl Pts',(2.16295917278297,-1.853,-1.46254960946918));
#3514=CARTESIAN_POINT('Ctrl Pts',(2.19165241869831,-1.853,-1.47890019281211));
#3515=CARTESIAN_POINT('Ctrl Pts',(2.22719964779033,-1.853,-1.51839836272479));
#3516=CARTESIAN_POINT('Ctrl Pts',(2.24078297322955,-1.853,-1.57162015099106));
#3517=CARTESIAN_POINT('Ctrl Pts',(2.22985330389463,-1.853,-1.61676637261232));
#3518=CARTESIAN_POINT('Ctrl Pts',(2.21921712298046,-1.853,-1.63700895085367));
#3519=CARTESIAN_POINT('Ctrl Pts',(2.2117168470443,-1.853,-1.64767057929689));
#3520=CARTESIAN_POINT('Ctrl Pts',(2.20750452223516,-1.853,-1.65262062443818));
#3521=CARTESIAN_POINT('Ctrl Pts',(2.20533016010787,-1.853,-1.6550347674353));
#3522=CARTESIAN_POINT('Ctrl Pts',(2.11810425677607,-1.853,-1.45231774731046));
#3523=CARTESIAN_POINT('Ctrl Pts',(2.11903068195106,-1.85299850988609,-1.45251676713043));
#3524=CARTESIAN_POINT('Ctrl Pts',(2.12062865298287,-1.85299891629992,-1.45249370510168));
#3525=CARTESIAN_POINT('Ctrl Pts',(2.12395958381052,-1.85299797570742,-1.45275917823034));
#3526=CARTESIAN_POINT('Ctrl Pts',(2.12970704379942,-1.85299748648419,-1.45328381671144));
#3527=CARTESIAN_POINT('Ctrl Pts',(2.14111775356085,-1.85299643659911,-1.45512453380063));
#3528=CARTESIAN_POINT('Ctrl Pts',(2.16350596718647,-1.85299607759461,-1.46153885864261));
#3529=CARTESIAN_POINT('Ctrl Pts',(2.19235276492978,-1.85299594636529,-1.47822119948226));
#3530=CARTESIAN_POINT('Ctrl Pts',(2.2280629762374,-1.85299609058348,-1.51808707441882));
#3531=CARTESIAN_POINT('Ctrl Pts',(2.24179189872002,-1.85299672106209,-1.57165411922756));
#3532=CARTESIAN_POINT('Ctrl Pts',(2.23104463286373,-1.85299705771912,-1.61722921671909));
#3533=CARTESIAN_POINT('Ctrl Pts',(2.22057331039756,-1.85299824149902,-1.6379059587131));
#3534=CARTESIAN_POINT('Ctrl Pts',(2.21315902358441,-1.85299894526889,-1.64881690077511));
#3535=CARTESIAN_POINT('Ctrl Pts',(2.20904968742273,-1.85300096168334,-1.65409348121965));
#3536=CARTESIAN_POINT('Ctrl Pts',(2.20681787297012,-1.853,-1.65637471561062));
#3537=CARTESIAN_POINT('Ctrl Pts',(2.11810425677607,-1.85237028915218,-1.45030282553234));
#3538=CARTESIAN_POINT('Ctrl Pts',(2.11914457149864,-1.8524960941067,-1.45069837417861));
#3539=CARTESIAN_POINT('Ctrl Pts',(2.1207161159844,-1.85246336181094,-1.45062642536144));
#3540=CARTESIAN_POINT('Ctrl Pts',(2.12413003854914,-1.8525484074177,-1.45103300302403));
#3541=CARTESIAN_POINT('Ctrl Pts',(2.12994233488527,-1.85260503557484,-1.45167045158925));
#3542=CARTESIAN_POINT('Ctrl Pts',(2.14150096124366,-1.85273228339924,-1.45378213155603));
#3543=CARTESIAN_POINT('Ctrl Pts',(2.16405248091919,-1.85282976408999,-1.46052680692628));
#3544=CARTESIAN_POINT('Ctrl Pts',(2.19305283714842,-1.85288767155339,-1.47754069474436));
#3545=CARTESIAN_POINT('Ctrl Pts',(2.22892610064049,-1.852903292183,-1.51777455996418));
#3546=CARTESIAN_POINT('Ctrl Pts',(2.24280040894428,-1.85284305327627,-1.5716871335993));
#3547=CARTESIAN_POINT('Ctrl Pts',(2.23223554519444,-1.85275022434356,-1.61769157167304));
#3548=CARTESIAN_POINT('Ctrl Pts',(2.22192804079133,-1.85258176269291,-1.63880172857092));
#3549=CARTESIAN_POINT('Ctrl Pts',(2.2145991069167,-1.8524798222584,-1.64996153831085));
#3550=CARTESIAN_POINT('Ctrl Pts',(2.21059059493836,-1.85229880313017,-1.6555623052618));
#3551=CARTESIAN_POINT('Ctrl Pts',(2.20830241333248,-1.85238125385434,-1.65771180638949));
#3552=CARTESIAN_POINT('Ctrl Pts',(2.11810425677607,-1.85122039448371,-1.44864281837672));
#3553=CARTESIAN_POINT('Ctrl Pts',(2.11923830568154,-1.85155953790614,-1.44913241148769));
#3554=CARTESIAN_POINT('Ctrl Pts',(2.12078863663041,-1.85147177920258,-1.44903861391207));
#3555=CARTESIAN_POINT('Ctrl Pts',(2.12427294002057,-1.85170278897723,-1.4495186287066));
#3556=CARTESIAN_POINT('Ctrl Pts',(2.13014438911594,-1.85186015971091,-1.45022726688062));
#3557=CARTESIAN_POINT('Ctrl Pts',(2.14184016602511,-1.85221500872623,-1.45251813220985));
#3558=CARTESIAN_POINT('Ctrl Pts',(2.16455632442711,-1.85249781233892,-1.45953485136614));
#3559=CARTESIAN_POINT('Ctrl Pts',(2.1937106741962,-1.85266756402404,-1.47684357932076));
#3560=CARTESIAN_POINT('Ctrl Pts',(2.22974753749662,-1.85271734009801,-1.51743329725146));
#3561=CARTESIAN_POINT('Ctrl Pts',(2.24374909703498,-1.85255172274207,-1.57168076240144));
#3562=CARTESIAN_POINT('Ctrl Pts',(2.23333572053628,-1.85228162799165,-1.61810399380971));
#3563=CARTESIAN_POINT('Ctrl Pts',(2.22311789907898,-1.85180634194975,-1.63957645025905));
#3564=CARTESIAN_POINT('Ctrl Pts',(2.21582744663469,-1.85151833232006,-1.65093662981043));
#3565=CARTESIAN_POINT('Ctrl Pts',(2.21183170855807,-1.85102698567182,-1.65674701804962));
#3566=CARTESIAN_POINT('Ctrl Pts',(2.20952972447016,-1.8512496506471,-1.65881721682265));
#3567=CARTESIAN_POINT('Ctrl Pts',(2.20952972447016,-1.8512496506471,-1.65881721682265));
#3568=CARTESIAN_POINT('Ctrl Pts',(2.21183170855807,-1.85102698567182,-1.65674701804962));
#3569=CARTESIAN_POINT('Ctrl Pts',(2.21582744663469,-1.85151833232006,-1.65093662981043));
#3570=CARTESIAN_POINT('Ctrl Pts',(2.22311789907898,-1.85180634194975,-1.63957645025905));
#3571=CARTESIAN_POINT('Ctrl Pts',(2.23333572053628,-1.85228162799165,-1.61810399380971));
#3572=CARTESIAN_POINT('Ctrl Pts',(2.24374909703498,-1.85255172274207,-1.57168076240144));
#3573=CARTESIAN_POINT('Ctrl Pts',(2.22974753749662,-1.85271734009801,-1.51743329725146));
#3574=CARTESIAN_POINT('Ctrl Pts',(2.1937106741962,-1.85266756402404,-1.47684357932076));
#3575=CARTESIAN_POINT('Ctrl Pts',(2.16455632442711,-1.85249781233892,-1.45953485136614));
#3576=CARTESIAN_POINT('Ctrl Pts',(2.14184016602511,-1.85221500872623,-1.45251813220985));
#3577=CARTESIAN_POINT('Ctrl Pts',(2.13014438911594,-1.85186015971091,-1.45022726688062));
#3578=CARTESIAN_POINT('Ctrl Pts',(2.12427294002057,-1.85170278897723,-1.4495186287066));
#3579=CARTESIAN_POINT('Ctrl Pts',(2.12078863663041,-1.85147177920258,-1.44903861391207));
#3580=CARTESIAN_POINT('Ctrl Pts',(2.11923830568154,-1.85155953790614,-1.44913241148769));
#3581=CARTESIAN_POINT('Ctrl Pts',(2.11810425677607,-1.85122039448371,-1.44864281837672));
#3582=CARTESIAN_POINT('Ctrl Pts',(2.11810425677607,-1.853,-1.45433712382447));
#3583=CARTESIAN_POINT('Ctrl Pts',(2.11891650431651,-1.853,-1.45433712382447));
#3584=CARTESIAN_POINT('Ctrl Pts',(2.12054098470312,-1.853,-1.45436364284724));
#3585=CARTESIAN_POINT('Ctrl Pts',(2.1237887703563,-1.853,-1.45448649291995));
#3586=CARTESIAN_POINT('Ctrl Pts',(2.1294713770197,-1.853,-1.45489763825577));
#3587=CARTESIAN_POINT('Ctrl Pts',(2.1407341355322,-1.853,-1.45646591731208));
#3588=CARTESIAN_POINT('Ctrl Pts',(2.16295917278297,-1.853,-1.46254960946918));
#3589=CARTESIAN_POINT('Ctrl Pts',(2.19165241869831,-1.853,-1.47890019281211));
#3590=CARTESIAN_POINT('Ctrl Pts',(2.22719964779033,-1.853,-1.51839836272479));
#3591=CARTESIAN_POINT('Ctrl Pts',(2.24078297322955,-1.853,-1.57162015099106));
#3592=CARTESIAN_POINT('Ctrl Pts',(2.22985330389463,-1.853,-1.61676637261232));
#3593=CARTESIAN_POINT('Ctrl Pts',(2.21921712298046,-1.853,-1.63700895085367));
#3594=CARTESIAN_POINT('Ctrl Pts',(2.2117168470443,-1.853,-1.64767057929689));
#3595=CARTESIAN_POINT('Ctrl Pts',(2.20750452223516,-1.853,-1.65262062443818));
#3596=CARTESIAN_POINT('Ctrl Pts',(2.20533016010787,-1.853,-1.6550347674353));
#3597=CARTESIAN_POINT('Ctrl Pts',(1.24450959541048,-1.403,-0.601207760892405));
#3598=CARTESIAN_POINT('Ctrl Pts',(1.32880378505277,-1.4592653087371,-0.685501950534697));
#3599=CARTESIAN_POINT('Ctrl Pts',(1.4121371183861,-1.5092653087371,-0.768835283868031));
#3600=CARTESIAN_POINT('Ctrl Pts',(1.61317017945062,-1.61600143197752,-0.969868344932548));
#3601=CARTESIAN_POINT('Ctrl Pts',(1.73608954337927,-1.64695729783069,-1.0927877088612));
#3602=CARTESIAN_POINT('Ctrl Pts',(1.93240821356688,-1.74843510159002,-1.28910637904881));
#3603=CARTESIAN_POINT('Ctrl Pts',(2.01488656606165,-1.79784189975126,-1.37158473154358));
#3604=CARTESIAN_POINT('Ctrl Pts',(2.09194465289479,-1.85122039448371,-1.44864281837672));
#3605=CARTESIAN_POINT('Ctrl Pts',(1.30995944236026,-1.403,-0.601207760892405));
#3606=CARTESIAN_POINT('Ctrl Pts',(1.39425363200255,-1.4592653087371,-0.685501950534697));
#3607=CARTESIAN_POINT('Ctrl Pts',(1.47758696533589,-1.5092653087371,-0.768835283868031));
#3608=CARTESIAN_POINT('Ctrl Pts',(1.67862002640041,-1.61600143197752,-0.969868344932548));
#3609=CARTESIAN_POINT('Ctrl Pts',(1.81484017401011,-1.64695729783069,-1.0927877088612));
#3610=CARTESIAN_POINT('Ctrl Pts',(1.9870748107021,-1.74843510159002,-1.28910637904881));
#3611=CARTESIAN_POINT('Ctrl Pts',(2.05002768590518,-1.79784189975126,-1.37158473154358));
#3612=CARTESIAN_POINT('Ctrl Pts',(2.09881806796953,-1.85122039448371,-1.44864281837672));
#3613=CARTESIAN_POINT('Ctrl Pts',(3.49221956667397,-1.403,-0.601207760892404));
#3614=CARTESIAN_POINT('Ctrl Pts',(3.37732909061367,-1.4592653087371,-0.685501950534697));
#3615=CARTESIAN_POINT('Ctrl Pts',(3.25601482374221,-1.5092653087371,-0.76883528386803));
#3616=CARTESIAN_POINT('Ctrl Pts',(2.94426539385952,-1.61600143197752,-0.969868344932547));
#3617=CARTESIAN_POINT('Ctrl Pts',(2.72121074491135,-1.64695729783069,-1.0927877088612));
#3618=CARTESIAN_POINT('Ctrl Pts',(2.38630122806442,-1.74843510159002,-1.28910637904881));
#3619=CARTESIAN_POINT('Ctrl Pts',(2.2444894977297,-1.79784189975126,-1.37158473154358));
#3620=CARTESIAN_POINT('Ctrl Pts',(2.11081654207409,-1.85122039448371,-1.44864281837672));
#3621=CARTESIAN_POINT('Ctrl Pts',(3.57049308759355,-1.403,-0.601207760892404));
#3622=CARTESIAN_POINT('Ctrl Pts',(3.45684576651723,-1.4592653087371,-0.685501950534697));
#3623=CARTESIAN_POINT('Ctrl Pts',(3.33690483693933,-1.5092653087371,-0.76883528386803));
#3624=CARTESIAN_POINT('Ctrl Pts',(3.02882480196996,-1.61600143197752,-0.969868344932547));
#3625=CARTESIAN_POINT('Ctrl Pts',(2.82853514110643,-1.64695729783069,-1.0927877088612));
#3626=CARTESIAN_POINT('Ctrl Pts',(2.4617156250831,-1.74843510159002,-1.28910637904881));
#3627=CARTESIAN_POINT('Ctrl Pts',(2.29243259940627,-1.79784189975126,-1.37158473154358));
#3628=CARTESIAN_POINT('Ctrl Pts',(2.11810425677607,-1.85122039448371,-1.44864281837672));
#3629=CARTESIAN_POINT('',(3.57049308759355,-1.403,-0.601207760892404));
#3630=CARTESIAN_POINT('Ctrl Pts',(3.57049308759355,-1.403,-0.601207760892404));
#3631=CARTESIAN_POINT('Ctrl Pts',(3.45684576651723,-1.4592653087371,-0.685501950534696));
#3632=CARTESIAN_POINT('Ctrl Pts',(3.33690483693933,-1.5092653087371,-0.76883528386803));
#3633=CARTESIAN_POINT('Ctrl Pts',(3.02882480196996,-1.61600143197752,-0.969868344932547));
#3634=CARTESIAN_POINT('Ctrl Pts',(2.82853514110643,-1.64695729783069,-1.0927877088612));
#3635=CARTESIAN_POINT('Ctrl Pts',(2.4617156250831,-1.74843510159002,-1.28910637904881));
#3636=CARTESIAN_POINT('Ctrl Pts',(2.29243259940627,-1.79784189975126,-1.37158473154358));
#3637=CARTESIAN_POINT('Ctrl Pts',(2.11810425677607,-1.85122039448371,-1.44864281837672));
#3638=CARTESIAN_POINT('',(1.24450959541048,-1.403,-0.601207760892405));
#3639=CARTESIAN_POINT('Ctrl Pts',(1.24450959541048,-1.403,-0.601207760892405));
#3640=CARTESIAN_POINT('Ctrl Pts',(1.30995944236026,-1.403,-0.601207760892405));
#3641=CARTESIAN_POINT('Ctrl Pts',(3.49221956667397,-1.403,-0.601207760892404));
#3642=CARTESIAN_POINT('Ctrl Pts',(3.57049308759355,-1.403,-0.601207760892404));
#3643=CARTESIAN_POINT('Ctrl Pts',(1.24450959541048,-1.403,-0.601207760892405));
#3644=CARTESIAN_POINT('Ctrl Pts',(1.32880378505277,-1.4592653087371,-0.685501950534697));
#3645=CARTESIAN_POINT('Ctrl Pts',(1.4121371183861,-1.5092653087371,-0.768835283868031));
#3646=CARTESIAN_POINT('Ctrl Pts',(1.61317017945062,-1.61600143197752,-0.969868344932548));
#3647=CARTESIAN_POINT('Ctrl Pts',(1.73608954337927,-1.64695729783069,-1.0927877088612));
#3648=CARTESIAN_POINT('Ctrl Pts',(1.93240821356688,-1.74843510159002,-1.28910637904881));
#3649=CARTESIAN_POINT('Ctrl Pts',(2.01488656606165,-1.79784189975126,-1.37158473154358));
#3650=CARTESIAN_POINT('Ctrl Pts',(2.09194465289479,-1.85122039448371,-1.44864281837672));
#3651=CARTESIAN_POINT('Ctrl Pts',(3.57049308759355,-1.403,-0.601207760892404));
#3652=CARTESIAN_POINT('Ctrl Pts',(3.45684576651723,-1.4592653087371,-0.685501950534697));
#3653=CARTESIAN_POINT('Ctrl Pts',(3.33690483693933,-1.5092653087371,-0.76883528386803));
#3654=CARTESIAN_POINT('Ctrl Pts',(3.02882480196996,-1.61600143197752,-0.969868344932547));
#3655=CARTESIAN_POINT('Ctrl Pts',(2.82853514110643,-1.64695729783069,-1.0927877088612));
#3656=CARTESIAN_POINT('Ctrl Pts',(2.46026563594552,-1.74883622995623,-1.28988240084385));
#3657=CARTESIAN_POINT('Ctrl Pts',(2.28944314170116,-1.7987145951,-1.37304064593384));
#3658=CARTESIAN_POINT('Ctrl Pts',(2.1134858510735,-1.85263509543129,-1.4506824961624));
#3659=CARTESIAN_POINT('Ctrl Pts',(3.58167501915349,-1.403,-0.601207760892404));
#3660=CARTESIAN_POINT('Ctrl Pts',(3.46820529164631,-1.4592653087371,-0.685501950534697));
#3661=CARTESIAN_POINT('Ctrl Pts',(3.34846055311035,-1.5092653087371,-0.76883528386803));
#3662=CARTESIAN_POINT('Ctrl Pts',(3.04090471741431,-1.61600143197752,-0.969868344932547));
#3663=CARTESIAN_POINT('Ctrl Pts',(2.84386719770573,-1.64695729783069,-1.0927877088612));
#3664=CARTESIAN_POINT('Ctrl Pts',(2.4710211018031,-1.74883622995623,-1.28988240084385));
#3665=CARTESIAN_POINT('Ctrl Pts',(2.296222714253,-1.7987145951,-1.37304064593384));
#3666=CARTESIAN_POINT('Ctrl Pts',(2.11437268554603,-1.85263509543129,-1.4506824961624));
#3667=CARTESIAN_POINT('Ctrl Pts',(3.60403634693327,-1.403,-0.604227224564085));
#3668=CARTESIAN_POINT('Ctrl Pts',(3.49092163166455,-1.4592653087371,-0.68861645791632));
#3669=CARTESIAN_POINT('Ctrl Pts',(3.3715690477364,-1.5092653087371,-0.772059240199432));
#3670=CARTESIAN_POINT('Ctrl Pts',(3.06506092710909,-1.61600143197752,-0.973394571970901));
#3671=CARTESIAN_POINT('Ctrl Pts',(2.87206859230056,-1.64695729783069,-1.09767824705439));
#3672=CARTESIAN_POINT('Ctrl Pts',(2.49453759822818,-1.74883622995623,-1.29310448985624));
#3673=CARTESIAN_POINT('Ctrl Pts',(2.3154422884382,-1.7987145951,-1.37475879885306));
#3674=CARTESIAN_POINT('Ctrl Pts',(2.12710619225059,-1.85263509543129,-1.45014342689446));
#3675=CARTESIAN_POINT('Ctrl Pts',(3.63518607677704,-1.403,-0.617484400379045));
#3676=CARTESIAN_POINT('Ctrl Pts',(3.52249426292926,-1.4592653087371,-0.702281725283602));
#3677=CARTESIAN_POINT('Ctrl Pts',(3.4035981423026,-1.5092653087371,-0.786192269575628));
#3678=CARTESIAN_POINT('Ctrl Pts',(3.09828594616246,-1.61600143197752,-0.988814819685991));
#3679=CARTESIAN_POINT('Ctrl Pts',(2.9049238346755,-1.64695729783069,-1.11628558241616));
#3680=CARTESIAN_POINT('Ctrl Pts',(2.53101135474608,-1.74883622995623,-1.30935577740477));
#3681=CARTESIAN_POINT('Ctrl Pts',(2.35435677273298,-1.7987145951,-1.38849204860636));
#3682=CARTESIAN_POINT('Ctrl Pts',(2.16927413067728,-1.85263509543129,-1.4599006077447));
#3683=CARTESIAN_POINT('Ctrl Pts',(3.66168805117159,-1.403,-0.638533443440515));
#3684=CARTESIAN_POINT('Ctrl Pts',(3.54920997167114,-1.4592653087371,-0.723948502418593));
#3685=CARTESIAN_POINT('Ctrl Pts',(3.43052042732973,-1.5092653087371,-0.808559722799072));
#3686=CARTESIAN_POINT('Ctrl Pts',(3.1256949187008,-1.61600143197752,-1.01309472172389));
#3687=CARTESIAN_POINT('Ctrl Pts',(2.92862030900497,-1.64695729783069,-1.14091285899161));
#3688=CARTESIAN_POINT('Ctrl Pts',(2.56242014086755,-1.74883622995623,-1.33839439050167));
#3689=CARTESIAN_POINT('Ctrl Pts',(2.39189108151301,-1.7987145951,-1.42026836679694));
#3690=CARTESIAN_POINT('Ctrl Pts',(2.21558964769022,-1.85263509543129,-1.4951676369214));
#3691=CARTESIAN_POINT('Ctrl Pts',(3.68502628962201,-1.403,-0.670400453600919));
#3692=CARTESIAN_POINT('Ctrl Pts',(3.57247080248673,-1.4592653087371,-0.756678083391363));
#3693=CARTESIAN_POINT('Ctrl Pts',(3.453637018023,-1.5092653087371,-0.842250547109236));
#3694=CARTESIAN_POINT('Ctrl Pts',(3.14829637892337,-1.61600143197752,-1.04937230969578));
#3695=CARTESIAN_POINT('Ctrl Pts',(2.94834277183449,-1.64695729783069,-1.17370926584029));
#3696=CARTESIAN_POINT('Ctrl Pts',(2.58551444490063,-1.74883622995624,-1.38418710909273));
#3697=CARTESIAN_POINT('Ctrl Pts',(2.41803931325899,-1.7987145951,-1.47553219295654));
#3698=CARTESIAN_POINT('Ctrl Pts',(2.24632871377081,-1.85263509543129,-1.56352652296059));
#3699=CARTESIAN_POINT('Ctrl Pts',(3.6950064238006,-1.403,-0.703136190091367));
#3700=CARTESIAN_POINT('Ctrl Pts',(3.58197541227636,-1.4592653087371,-0.79016795739989));
#3701=CARTESIAN_POINT('Ctrl Pts',(3.46254429541308,-1.5092653087371,-0.876548709113559));
#3702=CARTESIAN_POINT('Ctrl Pts',(3.15544856768189,-1.61600143197752,-1.08577528452805));
#3703=CARTESIAN_POINT('Ctrl Pts',(2.95722882551806,-1.64695729783069,-1.20825400480218));
#3704=CARTESIAN_POINT('Ctrl Pts',(2.58610356558274,-1.74883622995623,-1.42723970133046));
#3705=CARTESIAN_POINT('Ctrl Pts',(2.41270459458172,-1.7987145951,-1.52463696487989));
#3706=CARTESIAN_POINT('Ctrl Pts',(2.23287917969648,-1.85263509543129,-1.62090789604207));
#3707=CARTESIAN_POINT('Ctrl Pts',(3.69592195721757,-1.403,-0.736749674864176));
#3708=CARTESIAN_POINT('Ctrl Pts',(3.58210052444627,-1.4592653087371,-0.824366331672843));
#3709=CARTESIAN_POINT('Ctrl Pts',(3.46172644005766,-1.5092653087371,-0.911327205861583));
#3710=CARTESIAN_POINT('Ctrl Pts',(3.15195707057946,-1.61600143197752,-1.12195795742194));
#3711=CARTESIAN_POINT('Ctrl Pts',(2.95327147786273,-1.64695729783069,-1.24707332334748));
#3712=CARTESIAN_POINT('Ctrl Pts',(2.57552900069148,-1.74883622995623,-1.46422535826504));
#3713=CARTESIAN_POINT('Ctrl Pts',(2.39798534496049,-1.7987145951,-1.55957510135645));
#3714=CARTESIAN_POINT('Ctrl Pts',(2.21284770500197,-1.85263509543129,-1.65257597213091));
#3715=CARTESIAN_POINT('Ctrl Pts',(3.69300696173493,-1.403,-0.753417800147823));
#3716=CARTESIAN_POINT('Ctrl Pts',(3.57868404487535,-1.4592653087371,-0.841241326347137));
#3717=CARTESIAN_POINT('Ctrl Pts',(3.45772585056223,-1.5092653087371,-0.928381655556153));
#3718=CARTESIAN_POINT('Ctrl Pts',(3.14632928792744,-1.61600143197752,-1.13938346791692));
#3719=CARTESIAN_POINT('Ctrl Pts',(2.9454947129008,-1.64695729783069,-1.26699848836869));
#3720=CARTESIAN_POINT('Ctrl Pts',(2.56723175007961,-1.74883622995623,-1.48009250384613));
#3721=CARTESIAN_POINT('Ctrl Pts',(2.39001957149067,-1.7987145951,-1.57201481796027));
#3722=CARTESIAN_POINT('Ctrl Pts',(2.20577905689994,-1.85263509543129,-1.65998656951092));
#3723=CARTESIAN_POINT('Ctrl Pts',(3.68961959195883,-1.403,-0.764074315498124));
#3724=CARTESIAN_POINT('Ctrl Pts',(3.57492720179196,-1.4592653087371,-0.851980330282174));
#3725=CARTESIAN_POINT('Ctrl Pts',(3.45354625510638,-1.5092653087371,-0.939172034090393));
#3726=CARTESIAN_POINT('Ctrl Pts',(3.14098792023258,-1.61600143197752,-1.1502232932243));
#3727=CARTESIAN_POINT('Ctrl Pts',(2.93743113003023,-1.64695729783069,-1.27990063264826));
#3728=CARTESIAN_POINT('Ctrl Pts',(2.56102067466369,-1.74883622995623,-1.48899959250942));
#3729=CARTESIAN_POINT('Ctrl Pts',(2.38585629516108,-1.7987145951,-1.57767809540284));
#3730=CARTESIAN_POINT('Ctrl Pts',(2.20487791930329,-1.85263509543129,-1.66095963526317));
#3731=CARTESIAN_POINT('',(3.68961959195883,-1.403,-0.764074315498124));
#3732=CARTESIAN_POINT('Ctrl Pts',(3.68961959195883,-1.403,-0.764074315498124));
#3733=CARTESIAN_POINT('Ctrl Pts',(3.57492720179196,-1.4592653087371,-0.851980330282174));
#3734=CARTESIAN_POINT('Ctrl Pts',(3.45354625510638,-1.5092653087371,-0.939172034090393));
#3735=CARTESIAN_POINT('Ctrl Pts',(3.14098792023258,-1.61600143197752,-1.1502232932243));
#3736=CARTESIAN_POINT('Ctrl Pts',(2.93743113003023,-1.64695729783069,-1.27990063264826));
#3737=CARTESIAN_POINT('Ctrl Pts',(2.56247204868933,-1.74844340230297,-1.48819334285614));
#3738=CARTESIAN_POINT('Ctrl Pts',(2.388858270909,-1.79785995251867,-1.57615770626939));
#3739=CARTESIAN_POINT('Ctrl Pts',(2.20952972447015,-1.8512496506471,-1.65881721682266));
#3740=CARTESIAN_POINT('Ctrl Pts',(3.57049308759355,-1.403,-0.601207760892404));
#3741=CARTESIAN_POINT('Ctrl Pts',(3.58167501915349,-1.403,-0.601207760892404));
#3742=CARTESIAN_POINT('Ctrl Pts',(3.60403634693327,-1.403,-0.604227224564085));
#3743=CARTESIAN_POINT('Ctrl Pts',(3.63518607677704,-1.403,-0.617484400379045));
#3744=CARTESIAN_POINT('Ctrl Pts',(3.66168805117159,-1.403,-0.638533443440515));
#3745=CARTESIAN_POINT('Ctrl Pts',(3.68502628962201,-1.403,-0.670400453600919));
#3746=CARTESIAN_POINT('Ctrl Pts',(3.6950064238006,-1.403,-0.703136190091367));
#3747=CARTESIAN_POINT('Ctrl Pts',(3.69592195721757,-1.403,-0.736749674864176));
#3748=CARTESIAN_POINT('Ctrl Pts',(3.69300696173493,-1.403,-0.753417800147823));
#3749=CARTESIAN_POINT('Ctrl Pts',(3.68961959195883,-1.403,-0.764074315498124));
#3750=CARTESIAN_POINT('Ctrl Pts',(3.68961959195883,-1.403,-0.764074315498124));
#3751=CARTESIAN_POINT('Ctrl Pts',(3.57492720179196,-1.4592653087371,-0.851980330282174));
#3752=CARTESIAN_POINT('Ctrl Pts',(3.45354625510638,-1.5092653087371,-0.939172034090393));
#3753=CARTESIAN_POINT('Ctrl Pts',(3.14098792023258,-1.61600143197752,-1.1502232932243));
#3754=CARTESIAN_POINT('Ctrl Pts',(2.93743113003023,-1.64695729783069,-1.27990063264826));
#3755=CARTESIAN_POINT('Ctrl Pts',(2.56246981370265,-1.74844400722255,-1.48819458440877));
#3756=CARTESIAN_POINT('Ctrl Pts',(2.38885364879042,-1.79786126813561,-1.57616004814267));
#3757=CARTESIAN_POINT('Ctrl Pts',(2.20952256307443,-1.85125178273917,-1.65882051778461));
#3758=CARTESIAN_POINT('Ctrl Pts',(3.68623222218274,-1.403,-0.774730830848424));
#3759=CARTESIAN_POINT('Ctrl Pts',(3.57117035870856,-1.4592653087371,-0.862719334217212));
#3760=CARTESIAN_POINT('Ctrl Pts',(3.44936665965053,-1.5092653087371,-0.949962412624633));
#3761=CARTESIAN_POINT('Ctrl Pts',(3.13564655253773,-1.61600143197752,-1.16106311853168));
#3762=CARTESIAN_POINT('Ctrl Pts',(2.92936754715965,-1.64695729783069,-1.29280277692784));
#3763=CARTESIAN_POINT('Ctrl Pts',(2.55625160633587,-1.74844400722255,-1.49711705359875));
#3764=CARTESIAN_POINT('Ctrl Pts',(2.38465541515601,-1.79786126813561,-1.58187873455983));
#3765=CARTESIAN_POINT('Ctrl Pts',(2.20853794941593,-1.85125178273917,-1.65991366888058));
#3766=CARTESIAN_POINT('Ctrl Pts',(3.637614681125,-1.403,-0.925770989232262));
#3767=CARTESIAN_POINT('Ctrl Pts',(3.52165963471817,-1.4592653087371,-1.00006379737465));
#3768=CARTESIAN_POINT('Ctrl Pts',(3.40010466073319,-1.5092653087371,-1.0737012060259));
#3769=CARTESIAN_POINT('Ctrl Pts',(3.0897784448173,-1.61600143197752,-1.25181648474643));
#3770=CARTESIAN_POINT('Ctrl Pts',(2.88527220218504,-1.64695729783069,-1.36514659237127));
#3771=CARTESIAN_POINT('Ctrl Pts',(2.52907466336906,-1.74844400722255,-1.53329834364593));
#3772=CARTESIAN_POINT('Ctrl Pts',(2.36832199697741,-1.79786126813561,-1.60141560651273));
#3773=CARTESIAN_POINT('Ctrl Pts',(2.20631581066963,-1.85125178273917,-1.66235466306421));
#3774=CARTESIAN_POINT('Ctrl Pts',(3.37182337943472,-1.403,-1.58454678284961));
#3775=CARTESIAN_POINT('Ctrl Pts',(3.2613179322854,-1.4592653087371,-1.59217268392904));
#3776=CARTESIAN_POINT('Ctrl Pts',(3.1502980735529,-1.5092653087371,-1.6001661727339));
#3777=CARTESIAN_POINT('Ctrl Pts',(2.87809458295588,-1.61600143197752,-1.62057168765106));
#3778=CARTESIAN_POINT('Ctrl Pts',(2.70597720343972,-1.64695729783069,-1.63645228069223));
#3779=CARTESIAN_POINT('Ctrl Pts',(2.4299562634304,-1.74844400722255,-1.65546052495084));
#3780=CARTESIAN_POINT('Ctrl Pts',(2.31248252455695,-1.79786126813561,-1.66245283098325));
#3781=CARTESIAN_POINT('Ctrl Pts',(2.20113248795799,-1.85125178273917,-1.66792587740018));
#3782=CARTESIAN_POINT('Ctrl Pts',(2.63532446651136,-1.403,-2.5480683966002));
#3783=CARTESIAN_POINT('Ctrl Pts',(2.58616548476744,-1.4592653087371,-2.45979703529712));
#3784=CARTESIAN_POINT('Ctrl Pts',(2.53893195366809,-1.5092653087371,-2.37283502021984));
#3785=CARTESIAN_POINT('Ctrl Pts',(2.42835591621224,-1.61600143197752,-2.16379653030693));
#3786=CARTESIAN_POINT('Ctrl Pts',(2.36339371193466,-1.64695729783069,-2.03603607441084));
#3787=CARTESIAN_POINT('Ctrl Pts',(2.26635410728954,-1.74844400722255,-1.83528184214826));
#3788=CARTESIAN_POINT('Ctrl Pts',(2.22795483307658,-1.79786126813561,-1.75183711776371));
#3789=CARTESIAN_POINT('Ctrl Pts',(2.19460895466817,-1.85125178273917,-1.67484196979089));
#3790=CARTESIAN_POINT('Ctrl Pts',(1.62639976507326,-1.403,-3.14162505391061));
#3791=CARTESIAN_POINT('Ctrl Pts',(1.68305607718864,-1.4592653087371,-3.01914024379462));
#3792=CARTESIAN_POINT('Ctrl Pts',(1.73927885997838,-1.5092653087371,-2.89207369929662));
#3793=CARTESIAN_POINT('Ctrl Pts',(1.87543458581717,-1.61600143197752,-2.57078123070558));
#3794=CARTESIAN_POINT('Ctrl Pts',(1.96289453891709,-1.64695729783069,-2.36127565739787));
#3795=CARTESIAN_POINT('Ctrl Pts',(2.09069585844723,-1.74844400722255,-2.00216672653494));
#3796=CARTESIAN_POINT('Ctrl Pts',(2.14207585018435,-1.79786126813561,-1.84192007696915));
#3797=CARTESIAN_POINT('Ctrl Pts',(2.18760859550512,-1.85125178273917,-1.68222959571991));
#3798=CARTESIAN_POINT('Ctrl Pts',(1.30255578467343,-1.403,-3.24592870772136));
#3799=CARTESIAN_POINT('Ctrl Pts',(1.39066000335349,-1.4592653087371,-3.12652914091232));
#3800=CARTESIAN_POINT('Ctrl Pts',(1.47800030561187,-1.5092653087371,-2.99947934910188));
#3801=CARTESIAN_POINT('Ctrl Pts',(1.68929316081531,-1.61600143197752,-2.67073900179977));
#3802=CARTESIAN_POINT('Ctrl Pts',(1.82208712242528,-1.64695729783069,-2.45366412422821));
#3803=CARTESIAN_POINT('Ctrl Pts',(2.02469448571302,-1.74844400722255,-2.05774779341657));
#3804=CARTESIAN_POINT('Ctrl Pts',(2.108022717772,-1.79786126813561,-1.87473214618049));
#3805=CARTESIAN_POINT('Ctrl Pts',(2.18395508081539,-1.85125178273917,-1.68598539177023));
#3806=CARTESIAN_POINT('Ctrl Pts',(1.28646555128639,-1.403,-3.25166195614187));
#3807=CARTESIAN_POINT('Ctrl Pts',(1.37446225505418,-1.4592653087371,-3.132848536666));
#3808=CARTESIAN_POINT('Ctrl Pts',(1.46175083833012,-1.5092653087371,-3.00647100728284));
#3809=CARTESIAN_POINT('Ctrl Pts',(1.67305364347364,-1.61600143197752,-2.67958150822612));
#3810=CARTESIAN_POINT('Ctrl Pts',(1.80290066827985,-1.64695729783069,-2.46692618755696));
#3811=CARTESIAN_POINT('Ctrl Pts',(2.01149487368218,-1.74844400722255,-2.06793405371025));
#3812=CARTESIAN_POINT('Ctrl Pts',(2.09959773354587,-1.79786126813561,-1.88158846085293));
#3813=CARTESIAN_POINT('Ctrl Pts',(2.18239854701814,-1.85125178273917,-1.68755910702667));
#3814=CARTESIAN_POINT('',(1.28646555128639,-1.403,-3.25166195614187));
#3815=CARTESIAN_POINT('Ctrl Pts',(1.28646555128639,-1.403,-3.25166195614187));
#3816=CARTESIAN_POINT('Ctrl Pts',(1.37446225505418,-1.4592653087371,-3.132848536666));
#3817=CARTESIAN_POINT('Ctrl Pts',(1.46175083833013,-1.5092653087371,-3.00647100728284));
#3818=CARTESIAN_POINT('Ctrl Pts',(1.67305364347365,-1.61600143197752,-2.67958150822612));
#3819=CARTESIAN_POINT('Ctrl Pts',(1.80290066827986,-1.64695729783069,-2.46692618755696));
#3820=CARTESIAN_POINT('Ctrl Pts',(2.0114870793694,-1.74844021507907,-2.06794896241534));
#3821=CARTESIAN_POINT('Ctrl Pts',(2.09958302975783,-1.79785302076805,-1.88161956057558));
#3822=CARTESIAN_POINT('Ctrl Pts',(2.18237781859238,-1.85123841706696,-1.68760768007933));
#3823=CARTESIAN_POINT('Ctrl Pts',(3.68961959195883,-1.403,-0.764074315498124));
#3824=CARTESIAN_POINT('Ctrl Pts',(3.68623222218274,-1.403,-0.774730830848424));
#3825=CARTESIAN_POINT('Ctrl Pts',(3.637614681125,-1.403,-0.925770989232262));
#3826=CARTESIAN_POINT('Ctrl Pts',(3.37182337943472,-1.403,-1.58454678284961));
#3827=CARTESIAN_POINT('Ctrl Pts',(2.63532446651136,-1.403,-2.5480683966002));
#3828=CARTESIAN_POINT('Ctrl Pts',(1.62639976507326,-1.403,-3.14162505391061));
#3829=CARTESIAN_POINT('Ctrl Pts',(1.30255578467343,-1.403,-3.24592870772136));
#3830=CARTESIAN_POINT('Ctrl Pts',(1.28646555128639,-1.403,-3.25166195614187));
#3831=CARTESIAN_POINT('Origin',(2.100597702318,-1.853,-1.58275007592811));
#3832=CARTESIAN_POINT('Ctrl Pts',(3.57049308759355,-1.403,1.51720776089241));
#3833=CARTESIAN_POINT('Ctrl Pts',(3.45684576651723,-1.4592653087371,1.6015019505347));
#3834=CARTESIAN_POINT('Ctrl Pts',(3.33690483693933,-1.5092653087371,1.68483528386803));
#3835=CARTESIAN_POINT('Ctrl Pts',(3.02882480196996,-1.61600143197752,1.88586834493255));
#3836=CARTESIAN_POINT('Ctrl Pts',(2.82853514110643,-1.64695729783069,2.0087877088612));
#3837=CARTESIAN_POINT('Ctrl Pts',(2.46026563594552,-1.74883622995623,2.20588240084385));
#3838=CARTESIAN_POINT('Ctrl Pts',(2.28944314170116,-1.7987145951,2.28904064593384));
#3839=CARTESIAN_POINT('Ctrl Pts',(2.1134858510735,-1.85263509543129,2.3666824961624));
#3840=CARTESIAN_POINT('Ctrl Pts',(3.58167501915349,-1.403,1.51720776089241));
#3841=CARTESIAN_POINT('Ctrl Pts',(3.46820529164631,-1.4592653087371,1.6015019505347));
#3842=CARTESIAN_POINT('Ctrl Pts',(3.34846055311035,-1.5092653087371,1.68483528386803));
#3843=CARTESIAN_POINT('Ctrl Pts',(3.04090471741431,-1.61600143197752,1.88586834493255));
#3844=CARTESIAN_POINT('Ctrl Pts',(2.84386719770573,-1.64695729783069,2.0087877088612));
#3845=CARTESIAN_POINT('Ctrl Pts',(2.4710211018031,-1.74883622995623,2.20588240084385));
#3846=CARTESIAN_POINT('Ctrl Pts',(2.296222714253,-1.7987145951,2.28904064593384));
#3847=CARTESIAN_POINT('Ctrl Pts',(2.11437268554603,-1.85263509543129,2.3666824961624));
#3848=CARTESIAN_POINT('Ctrl Pts',(3.60403638649327,-1.403,1.52022724466866));
#3849=CARTESIAN_POINT('Ctrl Pts',(3.49092167381816,-1.4592653087371,1.60461647988294));
#3850=CARTESIAN_POINT('Ctrl Pts',(3.3715690931419,-1.5092653087371,1.6880592648384));
#3851=CARTESIAN_POINT('Ctrl Pts',(3.06506098205744,-1.61600143197752,1.88939460510936));
#3852=CARTESIAN_POINT('Ctrl Pts',(2.87206860263167,-1.64695729783069,2.01367832375287));
#3853=CARTESIAN_POINT('Ctrl Pts',(2.49453771759689,-1.74883622995623,2.20910451477805));
#3854=CARTESIAN_POINT('Ctrl Pts',(2.315442492305,-1.7987145951,2.29075877694704));
#3855=CARTESIAN_POINT('Ctrl Pts',(2.1271065160566,-1.85263509543129,2.36614333462756));
#3856=CARTESIAN_POINT('Ctrl Pts',(3.6351860733066,-1.403,1.53348438630891));
#3857=CARTESIAN_POINT('Ctrl Pts',(3.52249425934473,-1.4592653087371,1.61828171013975));
#3858=CARTESIAN_POINT('Ctrl Pts',(3.40359813867372,-1.5092653087371,1.70219225298026));
#3859=CARTESIAN_POINT('Ctrl Pts',(3.09828594259559,-1.61600143197752,1.90481479862617));
#3860=CARTESIAN_POINT('Ctrl Pts',(2.90492405657227,-1.64695729783069,2.03228575394869));
#3861=CARTESIAN_POINT('Ctrl Pts',(2.53101116769929,-1.74883622995623,2.22535558497116));
#3862=CARTESIAN_POINT('Ctrl Pts',(2.35435625109794,-1.7987145951,2.30449156077911));
#3863=CARTESIAN_POINT('Ctrl Pts',(2.16927312385308,-1.85263509543129,2.37589969288174));
#3864=CARTESIAN_POINT('Ctrl Pts',(3.66168808559678,-1.403,1.55453344747773));
#3865=CARTESIAN_POINT('Ctrl Pts',(3.54921000830276,-1.4592653087371,1.63994850733567));
#3866=CARTESIAN_POINT('Ctrl Pts',(3.43052046667834,-1.5092653087371,1.72455972912586));
#3867=CARTESIAN_POINT('Ctrl Pts',(3.12569496592635,-1.61600143197752,1.92909473278428));
#3868=CARTESIAN_POINT('Ctrl Pts',(2.92862048933134,-1.64695729783069,2.05691228912264));
#3869=CARTESIAN_POINT('Ctrl Pts',(2.56242010191464,-1.74883622995623,2.25439489284767));
#3870=CARTESIAN_POINT('Ctrl Pts',(2.39189085939705,-1.7987145951,2.33626974348208));
#3871=CARTESIAN_POINT('Ctrl Pts',(2.21558915790381,-1.85263509543129,2.41117027988586));
#3872=CARTESIAN_POINT('Ctrl Pts',(3.68502616155137,-1.403,1.58640046675052));
#3873=CARTESIAN_POINT('Ctrl Pts',(3.57247066624882,-1.4592653087371,1.67267809497149));
#3874=CARTESIAN_POINT('Ctrl Pts',(3.4536368717278,-1.5092653087371,1.75825055564871));
#3875=CARTESIAN_POINT('Ctrl Pts',(3.14829620347043,-1.61600143197752,1.96537230722392));
#3876=CARTESIAN_POINT('Ctrl Pts',(2.94834286932574,-1.64695729783069,2.08971001726598));
#3877=CARTESIAN_POINT('Ctrl Pts',(2.58551396224946,-1.74883622995623,2.30018644974265));
#3878=CARTESIAN_POINT('Ctrl Pts',(2.41803837025682,-1.7987145951,2.39153038615043));
#3879=CARTESIAN_POINT('Ctrl Pts',(2.24632711107782,-1.85263509543129,2.47952305596288));
#3880=CARTESIAN_POINT('Ctrl Pts',(3.6950061929758,-1.403,1.619136235294));
#3881=CARTESIAN_POINT('Ctrl Pts',(3.58197516650987,-1.4592653087371,1.70616800132267));
#3882=CARTESIAN_POINT('Ctrl Pts',(3.46254403105936,-1.5092653087371,1.79254874958609));
#3883=CARTESIAN_POINT('Ctrl Pts',(3.15544824906824,-1.61600143197752,2.00177531128321));
#3884=CARTESIAN_POINT('Ctrl Pts',(2.95722915266648,-1.64695729783069,2.12425530038496));
#3885=CARTESIAN_POINT('Ctrl Pts',(2.58610256111279,-1.74883622995623,2.34323863633605));
#3886=CARTESIAN_POINT('Ctrl Pts',(2.4127025274915,-1.7987145951,2.44063397764447));
#3887=CARTESIAN_POINT('Ctrl Pts',(2.23287558647256,-1.85263509543129,2.53690212636913));
#3888=CARTESIAN_POINT('Ctrl Pts',(3.69592185238281,-1.403,1.65274968552273));
#3889=CARTESIAN_POINT('Ctrl Pts',(3.58210041297299,-1.4592653087371,1.74036634102271));
#3890=CARTESIAN_POINT('Ctrl Pts',(3.46172632044139,-1.5092653087371,1.82732721270601));
#3891=CARTESIAN_POINT('Ctrl Pts',(3.15195692741817,-1.61600143197752,2.03795795523101));
#3892=CARTESIAN_POINT('Ctrl Pts',(2.95327147891541,-1.64695729783069,2.16307378668918));
#3893=CARTESIAN_POINT('Ctrl Pts',(2.57552867202592,-1.74883622995623,2.38022494239017));
#3894=CARTESIAN_POINT('Ctrl Pts',(2.3979847580097,-1.7987145951,2.47557397161628));
#3895=CARTESIAN_POINT('Ctrl Pts',(2.21284674982385,-1.85263509543129,2.56857381022745));
#3896=CARTESIAN_POINT('Ctrl Pts',(3.69300696173493,-1.403,1.66941780014782));
#3897=CARTESIAN_POINT('Ctrl Pts',(3.57868404487535,-1.4592653087371,1.75724132634714));
#3898=CARTESIAN_POINT('Ctrl Pts',(3.45772585056223,-1.5092653087371,1.84438165555615));
#3899=CARTESIAN_POINT('Ctrl Pts',(3.14632928792744,-1.61600143197752,2.05538346791692));
#3900=CARTESIAN_POINT('Ctrl Pts',(2.9454947129008,-1.64695729783069,2.18299848836869));
#3901=CARTESIAN_POINT('Ctrl Pts',(2.56723175007961,-1.74883622995623,2.39609250384613));
#3902=CARTESIAN_POINT('Ctrl Pts',(2.39001957149067,-1.7987145951,2.48801481796027));
#3903=CARTESIAN_POINT('Ctrl Pts',(2.20577905689994,-1.85263509543129,2.57598656951092));
#3904=CARTESIAN_POINT('Ctrl Pts',(3.68961959195883,-1.403,1.68007431549812));
#3905=CARTESIAN_POINT('Ctrl Pts',(3.57492720179196,-1.4592653087371,1.76798033028218));
#3906=CARTESIAN_POINT('Ctrl Pts',(3.45354625510638,-1.5092653087371,1.85517203409039));
#3907=CARTESIAN_POINT('Ctrl Pts',(3.14098792023258,-1.61600143197752,2.06622329322431));
#3908=CARTESIAN_POINT('Ctrl Pts',(2.93743113003023,-1.64695729783069,2.19590063264826));
#3909=CARTESIAN_POINT('Ctrl Pts',(2.56102067466369,-1.74883622995623,2.40499959250942));
#3910=CARTESIAN_POINT('Ctrl Pts',(2.38585629516108,-1.7987145951,2.49367809540284));
#3911=CARTESIAN_POINT('Ctrl Pts',(2.20487791930329,-1.85263509543129,2.57695963526317));
#3912=CARTESIAN_POINT('',(3.68961959195883,-1.403,1.68007431549812));
#3913=CARTESIAN_POINT('Ctrl Pts',(3.68961959195883,-1.403,1.68007431549812));
#3914=CARTESIAN_POINT('Ctrl Pts',(3.69300696173493,-1.403,1.66941780014782));
#3915=CARTESIAN_POINT('Ctrl Pts',(3.69592185238281,-1.403,1.65274968552273));
#3916=CARTESIAN_POINT('Ctrl Pts',(3.6950061929758,-1.403,1.619136235294));
#3917=CARTESIAN_POINT('Ctrl Pts',(3.68502616155137,-1.403,1.58640046675052));
#3918=CARTESIAN_POINT('Ctrl Pts',(3.66168808559678,-1.403,1.55453344747773));
#3919=CARTESIAN_POINT('Ctrl Pts',(3.6351860733066,-1.403,1.53348438630891));
#3920=CARTESIAN_POINT('Ctrl Pts',(3.60403638649327,-1.403,1.52022724466866));
#3921=CARTESIAN_POINT('Ctrl Pts',(3.58167501915349,-1.403,1.51720776089241));
#3922=CARTESIAN_POINT('Ctrl Pts',(3.57049308759355,-1.403,1.51720776089241));
#3923=CARTESIAN_POINT('Ctrl Pts',(3.68961959195883,-1.403,1.68007431549812));
#3924=CARTESIAN_POINT('Ctrl Pts',(3.57492720179196,-1.4592653087371,1.76798033028218));
#3925=CARTESIAN_POINT('Ctrl Pts',(3.45354625510638,-1.5092653087371,1.85517203409039));
#3926=CARTESIAN_POINT('Ctrl Pts',(3.14098792023258,-1.61600143197752,2.0662232932243));
#3927=CARTESIAN_POINT('Ctrl Pts',(2.93743113003023,-1.64695729783069,2.19590063264826));
#3928=CARTESIAN_POINT('Ctrl Pts',(2.56247204868933,-1.74844340230297,2.40419334285614));
#3929=CARTESIAN_POINT('Ctrl Pts',(2.388858270909,-1.79785995251867,2.49215770626939));
#3930=CARTESIAN_POINT('Ctrl Pts',(2.20952972447015,-1.8512496506471,2.57481721682266));
#3931=CARTESIAN_POINT('Ctrl Pts',(3.68961959195883,-1.403,1.68007431549812));
#3932=CARTESIAN_POINT('Ctrl Pts',(3.57492720179196,-1.4592653087371,1.76798033028218));
#3933=CARTESIAN_POINT('Ctrl Pts',(3.45354625510638,-1.5092653087371,1.85517203409039));
#3934=CARTESIAN_POINT('Ctrl Pts',(3.14098792023258,-1.61600143197752,2.0662232932243));
#3935=CARTESIAN_POINT('Ctrl Pts',(2.93743113003023,-1.64695729783069,2.19590063264826));
#3936=CARTESIAN_POINT('Ctrl Pts',(2.56246981370265,-1.74844400722255,2.40419458440877));
#3937=CARTESIAN_POINT('Ctrl Pts',(2.38885364879042,-1.79786126813561,2.49216004814267));
#3938=CARTESIAN_POINT('Ctrl Pts',(2.20952256307443,-1.85125178273917,2.57482051778461));
#3939=CARTESIAN_POINT('Ctrl Pts',(3.68623222218274,-1.403,1.69073083084843));
#3940=CARTESIAN_POINT('Ctrl Pts',(3.57117035870856,-1.4592653087371,1.77871933421721));
#3941=CARTESIAN_POINT('Ctrl Pts',(3.44936665965053,-1.5092653087371,1.86596241262463));
#3942=CARTESIAN_POINT('Ctrl Pts',(3.13564655253773,-1.61600143197752,2.07706311853169));
#3943=CARTESIAN_POINT('Ctrl Pts',(2.92936754715965,-1.64695729783069,2.20880277692784));
#3944=CARTESIAN_POINT('Ctrl Pts',(2.55625160633587,-1.74844400722255,2.41311705359875));
#3945=CARTESIAN_POINT('Ctrl Pts',(2.38465541515601,-1.79786126813561,2.49787873455984));
#3946=CARTESIAN_POINT('Ctrl Pts',(2.20853794941593,-1.85125178273917,2.57591366888058));
#3947=CARTESIAN_POINT('Ctrl Pts',(3.63744810573533,-1.403,1.84166867694999));
#3948=CARTESIAN_POINT('Ctrl Pts',(3.52152408207664,-1.4592653087371,1.91597784811692));
#3949=CARTESIAN_POINT('Ctrl Pts',(3.39999593457646,-1.5092653087371,1.98962999548774));
#3950=CARTESIAN_POINT('Ctrl Pts',(3.08972494854874,-1.61600143197752,2.16777728041963));
#3951=CARTESIAN_POINT('Ctrl Pts',(2.88524379676714,-1.64695729783069,2.2811254907438));
#3952=CARTESIAN_POINT('Ctrl Pts',(2.52907158295612,-1.74844400722255,2.44929457013451));
#3953=CARTESIAN_POINT('Ctrl Pts',(2.3683237425874,-1.79786126813561,2.51741567846));
#3954=CARTESIAN_POINT('Ctrl Pts',(2.20631586822276,-1.85125178273917,2.57835466669578));
#3955=CARTESIAN_POINT('Ctrl Pts',(3.37242249725841,-1.403,2.50087591110483));
#3956=CARTESIAN_POINT('Ctrl Pts',(3.26180421873069,-1.4592653087371,2.50845094422243));
#3957=CARTESIAN_POINT('Ctrl Pts',(3.15068704335005,-1.5092653087371,2.51639815255494));
#3958=CARTESIAN_POINT('Ctrl Pts',(2.87828391216254,-1.61600143197752,2.53670191421325));
#3959=CARTESIAN_POINT('Ctrl Pts',(2.70607724703551,-1.64695729783069,2.55252235287717));
#3960=CARTESIAN_POINT('Ctrl Pts',(2.42996611473422,-1.74844400722255,2.57147372269887));
#3961=CARTESIAN_POINT('Ctrl Pts',(2.31247555357638,-1.79786126813561,2.57845314218709));
#3962=CARTESIAN_POINT('Ctrl Pts',(2.20113225896952,-1.85125178273917,2.58392588291268));
#3963=CARTESIAN_POINT('Ctrl Pts',(2.63501933184169,-1.403,3.46380980819802));
#3964=CARTESIAN_POINT('Ctrl Pts',(2.58591412277792,-1.4592653087371,3.37558228772464));
#3965=CARTESIAN_POINT('Ctrl Pts',(2.53872778776478,-1.5092653087371,3.28865916148733));
#3966=CARTESIAN_POINT('Ctrl Pts',(2.42825088367434,-1.61600143197752,3.07970349570618));
#3967=CARTESIAN_POINT('Ctrl Pts',(2.36333808555234,-1.64695729783069,2.95198676325571));
#3968=CARTESIAN_POINT('Ctrl Pts',(2.26634679416112,-1.74844400722255,2.75127458475451));
#3969=CARTESIAN_POINT('Ctrl Pts',(2.22795719526232,-1.79786126813561,2.66783857301871));
#3970=CARTESIAN_POINT('Ctrl Pts',(2.19460903363605,-1.85125178273917,2.59084201939059));
#3971=CARTESIAN_POINT('Ctrl Pts',(1.62603070780888,-1.403,4.05746054963433));
#3972=CARTESIAN_POINT('Ctrl Pts',(1.68275797330156,-1.4592653087371,3.9349991559749));
#3973=CARTESIAN_POINT('Ctrl Pts',(1.73904161163847,-1.5092653087371,3.80795441772972));
#3974=CARTESIAN_POINT('Ctrl Pts',(1.8753212135533,-1.61600143197752,3.48671123833952));
#3975=CARTESIAN_POINT('Ctrl Pts',(1.96283433822243,-1.64695729783069,3.27723734856273));
#3976=CARTESIAN_POINT('Ctrl Pts',(2.09069034950774,-1.74844400722255,2.91815825840207));
#3977=CARTESIAN_POINT('Ctrl Pts',(2.14208039051155,-1.79786126813561,2.75791887359294));
#3978=CARTESIAN_POINT('Ctrl Pts',(2.1876087443361,-1.85125178273917,2.59822955970253));
#3979=CARTESIAN_POINT('Ctrl Pts',(1.30255578467343,-1.403,4.16192870772136));
#3980=CARTESIAN_POINT('Ctrl Pts',(1.39066000335349,-1.4592653087371,4.04252914091232));
#3981=CARTESIAN_POINT('Ctrl Pts',(1.47800030561188,-1.5092653087371,3.91547934910188));
#3982=CARTESIAN_POINT('Ctrl Pts',(1.68929316081531,-1.61600143197752,3.58673900179977));
#3983=CARTESIAN_POINT('Ctrl Pts',(1.82208712242528,-1.64695729783069,3.36966412422821));
#3984=CARTESIAN_POINT('Ctrl Pts',(2.02469448571302,-1.74844400722255,2.97374779341657));
#3985=CARTESIAN_POINT('Ctrl Pts',(2.108022717772,-1.79786126813561,2.79073214618049));
#3986=CARTESIAN_POINT('Ctrl Pts',(2.18395508081539,-1.85125178273917,2.60198539177023));
#3987=CARTESIAN_POINT('Ctrl Pts',(1.28646555128639,-1.403,4.16766195614187));
#3988=CARTESIAN_POINT('Ctrl Pts',(1.37446225505418,-1.4592653087371,4.048848536666));
#3989=CARTESIAN_POINT('Ctrl Pts',(1.46175083833013,-1.5092653087371,3.92247100728284));
#3990=CARTESIAN_POINT('Ctrl Pts',(1.67305364347364,-1.61600143197752,3.59558150822612));
#3991=CARTESIAN_POINT('Ctrl Pts',(1.80290066827985,-1.64695729783069,3.38292618755696));
#3992=CARTESIAN_POINT('Ctrl Pts',(2.01149487368218,-1.74844400722255,2.98393405371025));
#3993=CARTESIAN_POINT('Ctrl Pts',(2.09959773354587,-1.79786126813561,2.79758846085294));
#3994=CARTESIAN_POINT('Ctrl Pts',(2.18239854701814,-1.85125178273917,2.60355910702667));
#3995=CARTESIAN_POINT('',(1.28646555128639,-1.403,4.16766195614187));
#3996=CARTESIAN_POINT('Ctrl Pts',(1.28646555128639,-1.403,4.16766195614187));
#3997=CARTESIAN_POINT('Ctrl Pts',(1.30255578467343,-1.403,4.16192870772136));
#3998=CARTESIAN_POINT('Ctrl Pts',(1.62603070780888,-1.403,4.05746054963433));
#3999=CARTESIAN_POINT('Ctrl Pts',(2.63501933184169,-1.403,3.46380980819802));
#4000=CARTESIAN_POINT('Ctrl Pts',(3.37242249725841,-1.403,2.50087591110483));
#4001=CARTESIAN_POINT('Ctrl Pts',(3.63744810573533,-1.403,1.84166867694999));
#4002=CARTESIAN_POINT('Ctrl Pts',(3.68623222218274,-1.403,1.69073083084843));
#4003=CARTESIAN_POINT('Ctrl Pts',(3.68961959195883,-1.403,1.68007431549812));
#4004=CARTESIAN_POINT('Ctrl Pts',(1.28646555128639,-1.403,4.16766195614187));
#4005=CARTESIAN_POINT('Ctrl Pts',(1.37446225505418,-1.4592653087371,4.048848536666));
#4006=CARTESIAN_POINT('Ctrl Pts',(1.46175083833013,-1.5092653087371,3.92247100728284));
#4007=CARTESIAN_POINT('Ctrl Pts',(1.67305364347365,-1.61600143197752,3.59558150822612));
#4008=CARTESIAN_POINT('Ctrl Pts',(1.80290066827986,-1.64695729783069,3.38292618755696));
#4009=CARTESIAN_POINT('Ctrl Pts',(2.0114870793694,-1.74844021507906,2.98394896241534));
#4010=CARTESIAN_POINT('Ctrl Pts',(2.09958302975783,-1.79785302076805,2.79761956057558));
#4011=CARTESIAN_POINT('Ctrl Pts',(2.18237781859238,-1.85123841706696,2.60360768007933));
#4012=CARTESIAN_POINT('Ctrl Pts',(1.28646555128639,-1.403,4.16766195614187));
#4013=CARTESIAN_POINT('Ctrl Pts',(1.37446225505418,-1.4592653087371,4.048848536666));
#4014=CARTESIAN_POINT('Ctrl Pts',(1.46175083833013,-1.5092653087371,3.92247100728284));
#4015=CARTESIAN_POINT('Ctrl Pts',(1.67305364347365,-1.61600143197752,3.59558150822612));
#4016=CARTESIAN_POINT('Ctrl Pts',(1.80290066827986,-1.64695729783069,3.38292618755696));
#4017=CARTESIAN_POINT('Ctrl Pts',(2.0123250615873,-1.74884791603921,2.98234609759653));
#4018=CARTESIAN_POINT('Ctrl Pts',(2.10116344075216,-1.79874002863745,2.79427535425369));
#4019=CARTESIAN_POINT('Ctrl Pts',(2.18460510492165,-1.8526763377947,2.59838365557009));
#4020=CARTESIAN_POINT('Ctrl Pts',(1.27573872902836,-1.403,4.17148412175555));
#4021=CARTESIAN_POINT('Ctrl Pts',(1.36366375618798,-1.4592653087371,4.05306146716845));
#4022=CARTESIAN_POINT('Ctrl Pts',(1.45091786014229,-1.5092653087371,3.92713211273681));
#4023=CARTESIAN_POINT('Ctrl Pts',(1.6622272985792,-1.61600143197752,3.60147651251036));
#4024=CARTESIAN_POINT('Ctrl Pts',(1.79010969884957,-1.64695729783069,3.39176756310946));
#4025=CARTESIAN_POINT('Ctrl Pts',(2.00354120499525,-1.74884791603921,2.98912877682903));
#4026=CARTESIAN_POINT('Ctrl Pts',(2.09560347774265,-1.79874002863745,2.79880666554754));
#4027=CARTESIAN_POINT('Ctrl Pts',(2.18368984086167,-1.8526763377947,2.59933858650089));
#4028=CARTESIAN_POINT('Ctrl Pts',(1.25323633439674,-1.403,4.17617707318743));
#4029=CARTESIAN_POINT('Ctrl Pts',(1.34089760461086,-1.4592653087371,4.05846654106021));
#4030=CARTESIAN_POINT('Ctrl Pts',(1.42793386791628,-1.5092653087371,3.93336978288708));
#4031=CARTESIAN_POINT('Ctrl Pts',(1.63882371864547,-1.61600143197752,3.61004018520319));
#4032=CARTESIAN_POINT('Ctrl Pts',(1.76331808455042,-1.64695729783069,3.40348110847253));
#4033=CARTESIAN_POINT('Ctrl Pts',(1.98252848963386,-1.74884791603921,3.00147137107818));
#4034=CARTESIAN_POINT('Ctrl Pts',(2.07942039932517,-1.79874002863745,2.81057769794986));
#4035=CARTESIAN_POINT('Ctrl Pts',(2.17456569414197,-1.8526763377947,2.60968344088111));
#4036=CARTESIAN_POINT('Ctrl Pts',(1.21882739697025,-1.403,4.17385191199941));
#4037=CARTESIAN_POINT('Ctrl Pts',(1.30584025031535,-1.4592653087371,4.05691415550769));
#4038=CARTESIAN_POINT('Ctrl Pts',(1.39222065525239,-1.5092653087371,3.9327543584118));
#4039=CARTESIAN_POINT('Ctrl Pts',(1.60149169824834,-1.61600143197752,3.61211214932408));
#4040=CARTESIAN_POINT('Ctrl Pts',(1.72421401116491,-1.64695729783069,3.40487193236948));
#4041=CARTESIAN_POINT('Ctrl Pts',(1.94308754374224,-1.74884791603921,3.01172674367329));
#4042=CARTESIAN_POINT('Ctrl Pts',(2.04035368906743,-1.79874002863745,2.82679541043814));
#4043=CARTESIAN_POINT('Ctrl Pts',(2.13639903831684,-1.8526763377947,2.63383703525081));
#4044=CARTESIAN_POINT('Ctrl Pts',(1.18633854683642,-1.403,4.16231282402603));
#4045=CARTESIAN_POINT('Ctrl Pts',(1.27257807024069,-1.4592653087371,4.04580541780655));
#4046=CARTESIAN_POINT('Ctrl Pts',(1.35812207056138,-1.5092653087371,3.92219775836302));
#4047=CARTESIAN_POINT('Ctrl Pts',(1.56519790124924,-1.61600143197752,3.60320028811405));
#4048=CARTESIAN_POINT('Ctrl Pts',(1.6901583428704,-1.64695729783069,3.3950231133394));
#4049=CARTESIAN_POINT('Ctrl Pts',(1.89953733806292,-1.74884791603921,3.00848988751165));
#4050=CARTESIAN_POINT('Ctrl Pts',(1.9899909019479,-1.79874002863745,2.82814884976158));
#4051=CARTESIAN_POINT('Ctrl Pts',(2.07668336343409,-1.8526763377947,2.64139586798672));
#4052=CARTESIAN_POINT('Ctrl Pts',(1.15344039262486,-1.403,4.13914197283593));
#4053=CARTESIAN_POINT('Ctrl Pts',(1.23878089883905,-1.4592653087371,4.02273946612015));
#4054=CARTESIAN_POINT('Ctrl Pts',(1.3233187028409,-1.5092653087371,3.89931433255071));
#4055=CARTESIAN_POINT('Ctrl Pts',(1.52767729978238,-1.61600143197752,3.58095177342663));
#4056=CARTESIAN_POINT('Ctrl Pts',(1.65629847195096,-1.64695729783069,3.37556033967241));
#4057=CARTESIAN_POINT('Ctrl Pts',(1.85197692279063,-1.74884791603921,2.98620368524054));
#4058=CARTESIAN_POINT('Ctrl Pts',(1.93244448991514,-1.79874002863745,2.80319420700483));
#4059=CARTESIAN_POINT('Ctrl Pts',(2.00532981798455,-1.8526763377947,2.61237480781912));
#4060=CARTESIAN_POINT('Ctrl Pts',(1.13332385114514,-1.403,4.11065020176668));
#4061=CARTESIAN_POINT('Ctrl Pts',(1.2180512658832,-1.4592653087371,3.99395930583762));
#4062=CARTESIAN_POINT('Ctrl Pts',(1.30188528406768,-1.5092653087371,3.87024042894584));
#4063=CARTESIAN_POINT('Ctrl Pts',(1.50430492294925,-1.61600143197752,3.5511479115352));
#4064=CARTESIAN_POINT('Ctrl Pts',(1.63144879574475,-1.64695729783069,3.34989193163618));
#4065=CARTESIAN_POINT('Ctrl Pts',(1.82462506801971,-1.74884791603921,2.95138936751196));
#4066=CARTESIAN_POINT('Ctrl Pts',(1.90393755391081,-1.79874002863745,2.76119351952002));
#4067=CARTESIAN_POINT('Ctrl Pts',(1.97563862958017,-1.8526763377947,2.56011678327058));
#4068=CARTESIAN_POINT('Ctrl Pts',(1.12186600325788,-1.403,4.0783766519058));
#4069=CARTESIAN_POINT('Ctrl Pts',(1.206235630618,-1.4592653087371,3.96122222685454));
#4070=CARTESIAN_POINT('Ctrl Pts',(1.28965653750026,-1.5092653087371,3.83699726731267));
#4071=CARTESIAN_POINT('Ctrl Pts',(1.49093294297559,-1.61600143197752,3.51656578312265));
#4072=CARTESIAN_POINT('Ctrl Pts',(1.61487548475051,-1.64695729783069,3.31398611357273));
#4073=CARTESIAN_POINT('Ctrl Pts',(1.81079219698486,-1.74884791603921,2.91453471439198));
#4074=CARTESIAN_POINT('Ctrl Pts',(1.89287506407879,-1.79874002863745,2.72415067882903));
#4075=CARTESIAN_POINT('Ctrl Pts',(1.96888378115231,-1.8526763377947,2.52312451655981));
#4076=CARTESIAN_POINT('Ctrl Pts',(1.11950959541048,-1.403,4.06130093946863));
#4077=CARTESIAN_POINT('Ctrl Pts',(1.20380378505277,-1.4592653087371,3.94387142089711));
#4078=CARTESIAN_POINT('Ctrl Pts',(1.2871371183861,-1.5092653087371,3.81934093713272));
#4079=CARTESIAN_POINT('Ctrl Pts',(1.48817017945062,-1.61600143197752,3.49808954258735));
#4080=CARTESIAN_POINT('Ctrl Pts',(1.61108954337927,-1.64695729783069,3.29243173570342));
#4081=CARTESIAN_POINT('Ctrl Pts',(1.80820684322477,-1.74884791603921,2.89647248907356));
#4082=CARTESIAN_POINT('Ctrl Pts',(1.89138488297654,-1.79874002863745,2.70931150473795));
#4083=CARTESIAN_POINT('Ctrl Pts',(1.96904371466579,-1.8526763377947,2.51316007437168));
#4084=CARTESIAN_POINT('Ctrl Pts',(1.11950959541048,-1.403,4.0499135049141));
#4085=CARTESIAN_POINT('Ctrl Pts',(1.20380378505277,-1.4592653087371,3.93230032807504));
#4086=CARTESIAN_POINT('Ctrl Pts',(1.2871371183861,-1.5092653087371,3.80756580545814));
#4087=CARTESIAN_POINT('Ctrl Pts',(1.48817017945062,-1.61600143197752,3.48576670701813));
#4088=CARTESIAN_POINT('Ctrl Pts',(1.61108954337927,-1.64695729783069,3.27677447045239));
#4089=CARTESIAN_POINT('Ctrl Pts',(1.80820684322477,-1.74884791603921,2.88547131817117));
#4090=CARTESIAN_POINT('Ctrl Pts',(1.89138488297654,-1.79874002863745,2.70236410288342));
#4091=CARTESIAN_POINT('Ctrl Pts',(1.96904371466579,-1.8526763377947,2.51222509894784));
#4092=CARTESIAN_POINT('Ctrl Pts',(1.11950959541048,-1.403,4.0499135049141));
#4093=CARTESIAN_POINT('Ctrl Pts',(1.11950959541048,-1.403,4.06130093946863));
#4094=CARTESIAN_POINT('Ctrl Pts',(1.12186600325788,-1.403,4.0783766519058));
#4095=CARTESIAN_POINT('Ctrl Pts',(1.13332385114514,-1.403,4.11065020176668));
#4096=CARTESIAN_POINT('Ctrl Pts',(1.15344039262486,-1.403,4.13914197283593));
#4097=CARTESIAN_POINT('Ctrl Pts',(1.18633854683642,-1.403,4.16231282402603));
#4098=CARTESIAN_POINT('Ctrl Pts',(1.21882739697025,-1.403,4.17385191199941));
#4099=CARTESIAN_POINT('Ctrl Pts',(1.25323633439674,-1.403,4.17617707318743));
#4100=CARTESIAN_POINT('Ctrl Pts',(1.27573872902836,-1.403,4.17148412175555));
#4101=CARTESIAN_POINT('Ctrl Pts',(1.28646555128639,-1.403,4.16766195614187));
#4102=CARTESIAN_POINT('Ctrl Pts',(1.28646555128639,-1.403,-3.25166195614187));
#4103=CARTESIAN_POINT('Ctrl Pts',(1.37446225505418,-1.4592653087371,-3.132848536666));
#4104=CARTESIAN_POINT('Ctrl Pts',(1.46175083833013,-1.5092653087371,-3.00647100728284));
#4105=CARTESIAN_POINT('Ctrl Pts',(1.67305364347365,-1.61600143197752,-2.67958150822612));
#4106=CARTESIAN_POINT('Ctrl Pts',(1.80290066827986,-1.64695729783069,-2.46692618755696));
#4107=CARTESIAN_POINT('Ctrl Pts',(2.0123250615873,-1.74884791603922,-2.06634609759653));
#4108=CARTESIAN_POINT('Ctrl Pts',(2.10116344075216,-1.79874002863745,-1.87827535425369));
#4109=CARTESIAN_POINT('Ctrl Pts',(2.18460510492165,-1.8526763377947,-1.68238365557009));
#4110=CARTESIAN_POINT('Ctrl Pts',(1.27573872902836,-1.403,-3.25548412175555));
#4111=CARTESIAN_POINT('Ctrl Pts',(1.36366375618798,-1.4592653087371,-3.13706146716845));
#4112=CARTESIAN_POINT('Ctrl Pts',(1.45091786014229,-1.5092653087371,-3.01113211273681));
#4113=CARTESIAN_POINT('Ctrl Pts',(1.6622272985792,-1.61600143197752,-2.68547651251035));
#4114=CARTESIAN_POINT('Ctrl Pts',(1.79010969884957,-1.64695729783069,-2.47576756310946));
#4115=CARTESIAN_POINT('Ctrl Pts',(2.00354120499525,-1.74884791603922,-2.07312877682903));
#4116=CARTESIAN_POINT('Ctrl Pts',(2.09560347774265,-1.79874002863745,-1.88280666554754));
#4117=CARTESIAN_POINT('Ctrl Pts',(2.18368984086167,-1.8526763377947,-1.68333858650089));
#4118=CARTESIAN_POINT('Ctrl Pts',(1.25323638155231,-1.403,-3.26017708004141));
#4119=CARTESIAN_POINT('Ctrl Pts',(1.34089765523704,-1.4592653087371,-3.14246654789942));
#4120=CARTESIAN_POINT('Ctrl Pts',(1.42793392315925,-1.5092653087371,-3.0173697892974));
#4121=CARTESIAN_POINT('Ctrl Pts',(1.63882378795318,-1.61600143197752,-2.69404018955616));
#4122=CARTESIAN_POINT('Ctrl Pts',(1.76331816143746,-1.64695729783069,-2.48748114888678));
#4123=CARTESIAN_POINT('Ctrl Pts',(1.98252859590062,-1.74884791603922,-2.08547133682722));
#4124=CARTESIAN_POINT('Ctrl Pts',(2.07942052247919,-1.79874002863745,-1.89457760400398));
#4125=CARTESIAN_POINT('Ctrl Pts',(2.17456583785046,-1.8526763377947,-1.69368326114263));
#4126=CARTESIAN_POINT('Ctrl Pts',(1.21882738836229,-1.403,-3.25785189905162));
#4127=CARTESIAN_POINT('Ctrl Pts',(1.30584024093348,-1.4592653087371,-3.14091414168097));
#4128=CARTESIAN_POINT('Ctrl Pts',(1.3922206447202,-1.5092653087371,-3.01675434347202));
#4129=CARTESIAN_POINT('Ctrl Pts',(1.60149168399007,-1.61600143197752,-2.69611213109641));
#4130=CARTESIAN_POINT('Ctrl Pts',(1.72421431403316,-1.64695729783069,-2.48887188643548));
#4131=CARTESIAN_POINT('Ctrl Pts',(1.94308725778858,-1.74884791603922,-2.09572673840509));
#4132=CARTESIAN_POINT('Ctrl Pts',(2.04035292339981,-1.79874002863745,-1.91079544006219));
#4133=CARTESIAN_POINT('Ctrl Pts',(2.1363975781746,-1.8526763377947,-1.71783711636093));
#4134=CARTESIAN_POINT('Ctrl Pts',(1.18633858250527,-1.403,-3.24631281697021));
#4135=CARTESIAN_POINT('Ctrl Pts',(1.2725781082102,-1.4592653087371,-3.1298054101036));
#4136=CARTESIAN_POINT('Ctrl Pts',(1.35812211151622,-1.5092653087371,-3.00619774967499));
#4137=CARTESIAN_POINT('Ctrl Pts',(1.56519795116086,-1.61600143197752,-2.6872002761971));
#4138=CARTESIAN_POINT('Ctrl Pts',(1.69015809441386,-1.64695729783069,-2.47902252801333));
#4139=CARTESIAN_POINT('Ctrl Pts',(1.89953765903931,-1.74884791603922,-2.09249033393913));
#4140=CARTESIAN_POINT('Ctrl Pts',(1.98999168428191,-1.79874002863745,-1.91215014200015));
#4141=CARTESIAN_POINT('Ctrl Pts',(2.07668481225454,-1.8526763377947,-1.72539838758738));
#4142=CARTESIAN_POINT('Ctrl Pts',(1.15344026671998,-1.403,-3.22314202888831));
#4143=CARTESIAN_POINT('Ctrl Pts',(1.23878076555367,-1.4592653087371,-3.10673952625713));
#4144=CARTESIAN_POINT('Ctrl Pts',(1.32331856024418,-1.5092653087371,-2.98331439825881));
#4145=CARTESIAN_POINT('Ctrl Pts',(1.52767712974864,-1.61600143197752,-2.66495185635923));
#4146=CARTESIAN_POINT('Ctrl Pts',(1.65629903968735,-1.64695729783069,-2.45956082675214));
#4147=CARTESIAN_POINT('Ctrl Pts',(1.85197606845387,-1.74884791603922,-2.07020349133848));
#4148=CARTESIAN_POINT('Ctrl Pts',(1.93244248571637,-1.79874002863745,-1.88719344713018));
#4149=CARTESIAN_POINT('Ctrl Pts',(2.00532615395472,-1.8526763377947,-1.69637322242198));
#4150=CARTESIAN_POINT('Ctrl Pts',(1.13332363290874,-1.403,-3.19465032387419));
#4151=CARTESIAN_POINT('Ctrl Pts',(1.21805103519083,-1.4592653087371,-3.07795943675746));
#4152=CARTESIAN_POINT('Ctrl Pts',(1.30188503787069,-1.5092653087371,-2.95424057178615));
#4153=CARTESIAN_POINT('Ctrl Pts',(1.50430463147231,-1.61600143197752,-2.6351480910534));
#4154=CARTESIAN_POINT('Ctrl Pts',(1.63144988505459,-1.64695729783069,-2.4338926714368));
#4155=CARTESIAN_POINT('Ctrl Pts',(1.82462351524752,-1.74884791603922,-2.03538920256916));
#4156=CARTESIAN_POINT('Ctrl Pts',(1.9039338618019,-1.79874002863745,-1.84519259561071));
#4157=CARTESIAN_POINT('Ctrl Pts',(1.97563184766051,-1.8526763377947,-1.64411474853739));
#4158=CARTESIAN_POINT('Ctrl Pts',(1.1218658997461,-1.403,-3.16237669787899));
#4159=CARTESIAN_POINT('Ctrl Pts',(1.20623552108368,-1.4592653087371,-3.04522227616018));
#4160=CARTESIAN_POINT('Ctrl Pts',(1.28965642039464,-1.5092653087371,-2.92099732114258));
#4161=CARTESIAN_POINT('Ctrl Pts',(1.49093280361202,-1.61600143197752,-2.60056585090291));
#4162=CARTESIAN_POINT('Ctrl Pts',(1.61487578316303,-1.64695729783069,-2.39798645472027));
#4163=CARTESIAN_POINT('Ctrl Pts',(1.81079163418018,-1.74884791603922,-1.99853460196423));
#4164=CARTESIAN_POINT('Ctrl Pts',(1.89287380766558,-1.79874002863745,-1.80815018817018));
#4165=CARTESIAN_POINT('Ctrl Pts',(1.9688815250456,-1.8526763377947,-1.60712347353487));
#4166=CARTESIAN_POINT('Ctrl Pts',(1.11950959541048,-1.403,-3.14530093946863));
#4167=CARTESIAN_POINT('Ctrl Pts',(1.20380378505277,-1.4592653087371,-3.02787142089711));
#4168=CARTESIAN_POINT('Ctrl Pts',(1.2871371183861,-1.5092653087371,-2.90334093713272));
#4169=CARTESIAN_POINT('Ctrl Pts',(1.48817017945062,-1.61600143197752,-2.58208954258735));
#4170=CARTESIAN_POINT('Ctrl Pts',(1.61108954337927,-1.64695729783069,-2.37643173570342));
#4171=CARTESIAN_POINT('Ctrl Pts',(1.80820684322477,-1.74884791603922,-1.98047248907356));
#4172=CARTESIAN_POINT('Ctrl Pts',(1.89138488297654,-1.79874002863745,-1.79331150473795));
#4173=CARTESIAN_POINT('Ctrl Pts',(1.96904371466579,-1.8526763377947,-1.59716007437168));
#4174=CARTESIAN_POINT('Ctrl Pts',(1.11950959541048,-1.403,-3.1339135049141));
#4175=CARTESIAN_POINT('Ctrl Pts',(1.20380378505277,-1.4592653087371,-3.01630032807504));
#4176=CARTESIAN_POINT('Ctrl Pts',(1.2871371183861,-1.5092653087371,-2.89156580545814));
#4177=CARTESIAN_POINT('Ctrl Pts',(1.48817017945062,-1.61600143197752,-2.56976670701813));
#4178=CARTESIAN_POINT('Ctrl Pts',(1.61108954337927,-1.64695729783069,-2.36077447045239));
#4179=CARTESIAN_POINT('Ctrl Pts',(1.80820684322477,-1.74884791603922,-1.96947131817117));
#4180=CARTESIAN_POINT('Ctrl Pts',(1.89138488297654,-1.79874002863745,-1.78636410288342));
#4181=CARTESIAN_POINT('Ctrl Pts',(1.96904371466579,-1.8526763377947,-1.59622509894784));
#4182=CARTESIAN_POINT('',(1.11950959541048,-1.403,-3.1339135049141));
#4183=CARTESIAN_POINT('Ctrl Pts',(1.11950959541048,-1.403,-3.1339135049141));
#4184=CARTESIAN_POINT('Ctrl Pts',(1.20380378505277,-1.4592653087371,-3.01630032807504));
#4185=CARTESIAN_POINT('Ctrl Pts',(1.2871371183861,-1.5092653087371,-2.89156580545814));
#4186=CARTESIAN_POINT('Ctrl Pts',(1.48817017945062,-1.61600143197752,-2.56976670701813));
#4187=CARTESIAN_POINT('Ctrl Pts',(1.61108954337927,-1.64695729783069,-2.36077447045239));
#4188=CARTESIAN_POINT('Ctrl Pts',(1.80740821356688,-1.74843510159002,-1.97105670059515));
#4189=CARTESIAN_POINT('Ctrl Pts',(1.88988656606165,-1.79784189975126,-1.78966092604329));
#4190=CARTESIAN_POINT('Ctrl Pts',(1.96694465289479,-1.85122039448371,-1.60135942115548));
#4191=CARTESIAN_POINT('Ctrl Pts',(1.28646555128639,-1.403,-3.25166195614187));
#4192=CARTESIAN_POINT('Ctrl Pts',(1.27573872902836,-1.403,-3.25548412175555));
#4193=CARTESIAN_POINT('Ctrl Pts',(1.25323638155231,-1.403,-3.26017708004141));
#4194=CARTESIAN_POINT('Ctrl Pts',(1.21882738836229,-1.403,-3.25785189905162));
#4195=CARTESIAN_POINT('Ctrl Pts',(1.18633858250527,-1.403,-3.24631281697021));
#4196=CARTESIAN_POINT('Ctrl Pts',(1.15344026671998,-1.403,-3.22314202888831));
#4197=CARTESIAN_POINT('Ctrl Pts',(1.13332363290874,-1.403,-3.19465032387419));
#4198=CARTESIAN_POINT('Ctrl Pts',(1.1218658997461,-1.403,-3.16237669787899));
#4199=CARTESIAN_POINT('Ctrl Pts',(1.11950959541048,-1.403,-3.14530093946863));
#4200=CARTESIAN_POINT('Ctrl Pts',(1.11950959541048,-1.403,-3.1339135049141));
#4201=CARTESIAN_POINT('Ctrl Pts',(1.11950959541048,-1.403,-3.1339135049141));
#4202=CARTESIAN_POINT('Ctrl Pts',(1.20380378505277,-1.4592653087371,-3.01630032807504));
#4203=CARTESIAN_POINT('Ctrl Pts',(1.2871371183861,-1.5092653087371,-2.89156580545814));
#4204=CARTESIAN_POINT('Ctrl Pts',(1.48817017945062,-1.61600143197752,-2.56976670701813));
#4205=CARTESIAN_POINT('Ctrl Pts',(1.61108954337927,-1.64695729783069,-2.36077447045239));
#4206=CARTESIAN_POINT('Ctrl Pts',(1.80740821356688,-1.74843510159002,-1.97105670059515));
#4207=CARTESIAN_POINT('Ctrl Pts',(1.88988656606165,-1.79784189975126,-1.78966092604328));
#4208=CARTESIAN_POINT('Ctrl Pts',(1.96694465289479,-1.85122039448371,-1.60135942115548));
#4209=CARTESIAN_POINT('Ctrl Pts',(1.11950959541048,-1.403,-3.0542014630324));
#4210=CARTESIAN_POINT('Ctrl Pts',(1.20380378505277,-1.4592653087371,-2.93530267832058));
#4211=CARTESIAN_POINT('Ctrl Pts',(1.2871371183861,-1.5092653087371,-2.80913988373614));
#4212=CARTESIAN_POINT('Ctrl Pts',(1.48817017945062,-1.61600143197752,-2.4835068580336));
#4213=CARTESIAN_POINT('Ctrl Pts',(1.61108954337927,-1.64695729783069,-2.25117361369515));
#4214=CARTESIAN_POINT('Ctrl Pts',(1.80740821356688,-1.74843510159002,-1.89391645364019));
#4215=CARTESIAN_POINT('Ctrl Pts',(1.88988656606165,-1.79784189975126,-1.7405192229269));
#4216=CARTESIAN_POINT('Ctrl Pts',(1.96694465289479,-1.85122039448371,-1.59368107469919));
#4217=CARTESIAN_POINT('Ctrl Pts',(1.11950959541048,-1.403,-0.791657607842192));
#4218=CARTESIAN_POINT('Ctrl Pts',(1.20380378505277,-1.4592653087371,-0.875951797484484));
#4219=CARTESIAN_POINT('Ctrl Pts',(1.2871371183861,-1.5092653087371,-0.959285130817818));
#4220=CARTESIAN_POINT('Ctrl Pts',(1.48817017945062,-1.61600143197752,-1.16031819188234));
#4221=CARTESIAN_POINT('Ctrl Pts',(1.61108954337927,-1.64695729783069,-1.29645708562164));
#4222=CARTESIAN_POINT('Ctrl Pts',(1.80740821356688,-1.74843510159002,-1.46883885055684));
#4223=CARTESIAN_POINT('Ctrl Pts',(1.88988656606165,-1.79784189975126,-1.53191100599481));
#4224=CARTESIAN_POINT('Ctrl Pts',(1.96694465289479,-1.85122039448371,-1.58087407415608));
#4225=CARTESIAN_POINT('Ctrl Pts',(1.11950959541048,-1.403,-0.726207760892405));
#4226=CARTESIAN_POINT('Ctrl Pts',(1.20380378505277,-1.4592653087371,-0.810501950534697));
#4227=CARTESIAN_POINT('Ctrl Pts',(1.2871371183861,-1.5092653087371,-0.893835283868031));
#4228=CARTESIAN_POINT('Ctrl Pts',(1.48817017945062,-1.61600143197752,-1.09486834493255));
#4229=CARTESIAN_POINT('Ctrl Pts',(1.61108954337927,-1.64695729783069,-1.2177877088612));
#4230=CARTESIAN_POINT('Ctrl Pts',(1.80740821356688,-1.74843510159002,-1.41410637904881));
#4231=CARTESIAN_POINT('Ctrl Pts',(1.88988656606165,-1.79784189975126,-1.49658473154358));
#4232=CARTESIAN_POINT('Ctrl Pts',(1.96694465289479,-1.85122039448371,-1.57364281837672));
#4233=CARTESIAN_POINT('',(1.11950959541048,-1.403,-0.726207760892406));
#4234=CARTESIAN_POINT('Ctrl Pts',(1.11950959541048,-1.403,-0.726207760892406));
#4235=CARTESIAN_POINT('Ctrl Pts',(1.20380378505277,-1.4592653087371,-0.810501950534698));
#4236=CARTESIAN_POINT('Ctrl Pts',(1.2871371183861,-1.5092653087371,-0.893835283868031));
#4237=CARTESIAN_POINT('Ctrl Pts',(1.48817017945062,-1.61600143197752,-1.09486834493255));
#4238=CARTESIAN_POINT('Ctrl Pts',(1.61108954337927,-1.64695729783069,-1.2177877088612));
#4239=CARTESIAN_POINT('Ctrl Pts',(1.80740821356688,-1.74843510159002,-1.41410637904881));
#4240=CARTESIAN_POINT('Ctrl Pts',(1.88988656606165,-1.79784189975126,-1.49658473154358));
#4241=CARTESIAN_POINT('Ctrl Pts',(1.96694465289479,-1.85122039448371,-1.57364281837672));
#4242=CARTESIAN_POINT('Ctrl Pts',(1.11950959541048,-1.403,-3.1339135049141));
#4243=CARTESIAN_POINT('Ctrl Pts',(1.11950959541048,-1.403,-3.0542014630324));
#4244=CARTESIAN_POINT('Ctrl Pts',(1.11950959541048,-1.403,-0.791657607842192));
#4245=CARTESIAN_POINT('Ctrl Pts',(1.11950959541048,-1.403,-0.726207760892405));
#4246=CARTESIAN_POINT('Ctrl Pts',(1.11950959541048,-1.403,-0.726207760892406));
#4247=CARTESIAN_POINT('Ctrl Pts',(1.20380378505277,-1.4592653087371,-0.810501950534698));
#4248=CARTESIAN_POINT('Ctrl Pts',(1.2871371183861,-1.5092653087371,-0.893835283868031));
#4249=CARTESIAN_POINT('Ctrl Pts',(1.48817017945062,-1.61600143197752,-1.09486834493255));
#4250=CARTESIAN_POINT('Ctrl Pts',(1.61108954337927,-1.64695729783069,-1.2177877088612));
#4251=CARTESIAN_POINT('Ctrl Pts',(1.80783208431206,-1.74865420185317,-1.41453024979399));
#4252=CARTESIAN_POINT('Ctrl Pts',(1.890681905554,-1.79831849781169,-1.49738007103593));
#4253=CARTESIAN_POINT('Ctrl Pts',(1.96805905913628,-1.85199288787558,-1.57475722461821));
#4254=CARTESIAN_POINT('Ctrl Pts',(1.11950959541048,-1.403,-0.716857782756722));
#4255=CARTESIAN_POINT('Ctrl Pts',(1.20380378505277,-1.4592653087371,-0.801151972399014));
#4256=CARTESIAN_POINT('Ctrl Pts',(1.2871371183861,-1.5092653087371,-0.884485305732347));
#4257=CARTESIAN_POINT('Ctrl Pts',(1.48817017945062,-1.61600143197752,-1.08551836679686));
#4258=CARTESIAN_POINT('Ctrl Pts',(1.61108954337927,-1.64695729783069,-1.20654922646685));
#4259=CARTESIAN_POINT('Ctrl Pts',(1.80783208431206,-1.74865420185317,-1.40671870844469));
#4260=CARTESIAN_POINT('Ctrl Pts',(1.890681905554,-1.79831849781169,-1.49236022694877));
#4261=CARTESIAN_POINT('Ctrl Pts',(1.96805905913628,-1.85199288787558,-1.57378233826898));
#4262=CARTESIAN_POINT('Ctrl Pts',(1.12161646211799,-1.403,-0.698158680384675));
#4263=CARTESIAN_POINT('Ctrl Pts',(1.20591065176028,-1.4592653087371,-0.782452870026967));
#4264=CARTESIAN_POINT('Ctrl Pts',(1.28924398509361,-1.5092653087371,-0.865786203360301));
#4265=CARTESIAN_POINT('Ctrl Pts',(1.49027704615813,-1.61600143197752,-1.06681926442482));
#4266=CARTESIAN_POINT('Ctrl Pts',(1.61371633807806,-1.64695729783069,-1.18569133099284));
#4267=CARTESIAN_POINT('Ctrl Pts',(1.80951540082402,-1.74865420185317,-1.3897782289124));
#4268=CARTESIAN_POINT('Ctrl Pts',(1.89159663415142,-1.79831849781169,-1.47861100142857));
#4269=CARTESIAN_POINT('Ctrl Pts',(1.96786016210018,-1.85199288787558,-1.5646569979332));
#4270=CARTESIAN_POINT('Ctrl Pts',(1.13093815686471,-1.403,-0.671513999381488));
#4271=CARTESIAN_POINT('Ctrl Pts',(1.215232346507,-1.4592653087371,-0.75580818902378));
#4272=CARTESIAN_POINT('Ctrl Pts',(1.29856567984034,-1.5092653087371,-0.839141522357114));
#4273=CARTESIAN_POINT('Ctrl Pts',(1.49959874090485,-1.61600143197752,-1.04017458342163));
#4274=CARTESIAN_POINT('Ctrl Pts',(1.62406482654967,-1.64695729783069,-1.15957516422584));
#4275=CARTESIAN_POINT('Ctrl Pts',(1.81800063611817,-1.74865420185317,-1.36270300308023));
#4276=CARTESIAN_POINT('Ctrl Pts',(1.89856400300846,-1.79831849781169,-1.45075449499329));
#4277=CARTESIAN_POINT('Ctrl Pts',(1.97262825753558,-1.85199288787558,-1.53566847512069));
#4278=CARTESIAN_POINT('Ctrl Pts',(1.14595798506392,-1.403,-0.647616360058323));
#4279=CARTESIAN_POINT('Ctrl Pts',(1.23025217470622,-1.4592653087371,-0.731910549700615));
#4280=CARTESIAN_POINT('Ctrl Pts',(1.31358550803955,-1.5092653087371,-0.815243883033948));
#4281=CARTESIAN_POINT('Ctrl Pts',(1.51461856910407,-1.61600143197752,-1.01627694409846));
#4282=CARTESIAN_POINT('Ctrl Pts',(1.63866240971031,-1.64695729783069,-1.13814686487259));
#4283=CARTESIAN_POINT('Ctrl Pts',(1.83336443881319,-1.74865420185317,-1.33679375937207));
#4284=CARTESIAN_POINT('Ctrl Pts',(1.91455199297378,-1.79831849781169,-1.42119492876047));
#4285=CARTESIAN_POINT('Ctrl Pts',(1.98952064754568,-1.85199288787558,-1.50081986822353));
#4286=CARTESIAN_POINT('Ctrl Pts',(1.16923820697984,-1.403,-0.624321974919222));
#4287=CARTESIAN_POINT('Ctrl Pts',(1.25353239662213,-1.4592653087371,-0.708616164561514));
#4288=CARTESIAN_POINT('Ctrl Pts',(1.33686572995546,-1.5092653087371,-0.791949497894848));
#4289=CARTESIAN_POINT('Ctrl Pts',(1.53789879101998,-1.61600143197752,-0.992982558959364));
#4290=CARTESIAN_POINT('Ctrl Pts',(1.65935810912606,-1.64695729783069,-1.11749168074211));
#4291=CARTESIAN_POINT('Ctrl Pts',(1.85875009653697,-1.74865420185317,-1.31134939553968));
#4292=CARTESIAN_POINT('Ctrl Pts',(1.94375824276378,-1.79831849781169,-1.39184914389807));
#4293=CARTESIAN_POINT('Ctrl Pts',(2.02426264566026,-1.85199288787558,-1.4658212199944));
#4294=CARTESIAN_POINT('Ctrl Pts',(1.20243630299226,-1.403,-0.605973253100495));
#4295=CARTESIAN_POINT('Ctrl Pts',(1.28673049263455,-1.4592653087371,-0.690267442742788));
#4296=CARTESIAN_POINT('Ctrl Pts',(1.37006382596788,-1.5092653087371,-0.773600776076121));
#4297=CARTESIAN_POINT('Ctrl Pts',(1.5710968870324,-1.61600143197752,-0.974633837140638));
#4298=CARTESIAN_POINT('Ctrl Pts',(1.68917835546392,-1.64695729783069,-1.09887080711375));
#4299=CARTESIAN_POINT('Ctrl Pts',(1.89469989838981,-1.74865420185317,-1.29322237740708));
#4300=CARTESIAN_POINT('Ctrl Pts',(1.98470137923323,-1.79831849781169,-1.37412443646101));
#4301=CARTESIAN_POINT('Ctrl Pts',(2.07244074552253,-1.85199288787558,-1.4486794302623));
#4302=CARTESIAN_POINT('Ctrl Pts',(1.23048462820695,-1.403,-0.601207760892405));
#4303=CARTESIAN_POINT('Ctrl Pts',(1.31477881784924,-1.4592653087371,-0.685501950534697));
#4304=CARTESIAN_POINT('Ctrl Pts',(1.39811215118257,-1.5092653087371,-0.768835283868031));
#4305=CARTESIAN_POINT('Ctrl Pts',(1.59914521224709,-1.61600143197752,-0.969868344932548));
#4306=CARTESIAN_POINT('Ctrl Pts',(1.71921440824409,-1.64695729783069,-1.0927877088612));
#4307=CARTESIAN_POINT('Ctrl Pts',(1.92112895629598,-1.74865420185317,-1.28953024979399));
#4308=CARTESIAN_POINT('Ctrl Pts',(2.00819206219161,-1.79831849781169,-1.37238007103593));
#4309=CARTESIAN_POINT('Ctrl Pts',(2.09167394589384,-1.85199288787558,-1.44975722461821));
#4310=CARTESIAN_POINT('Ctrl Pts',(1.24450959541048,-1.403,-0.601207760892405));
#4311=CARTESIAN_POINT('Ctrl Pts',(1.32880378505277,-1.4592653087371,-0.685501950534697));
#4312=CARTESIAN_POINT('Ctrl Pts',(1.4121371183861,-1.5092653087371,-0.768835283868031));
#4313=CARTESIAN_POINT('Ctrl Pts',(1.61317017945062,-1.61600143197752,-0.969868344932548));
#4314=CARTESIAN_POINT('Ctrl Pts',(1.73608954337927,-1.64695729783069,-1.0927877088612));
#4315=CARTESIAN_POINT('Ctrl Pts',(1.93283208431206,-1.74865420185317,-1.28953024979399));
#4316=CARTESIAN_POINT('Ctrl Pts',(2.015681905554,-1.79831849781169,-1.37238007103593));
#4317=CARTESIAN_POINT('Ctrl Pts',(2.09305905913628,-1.85199288787558,-1.44975722461821));
#4318=CARTESIAN_POINT('Ctrl Pts',(1.11950959541048,-1.403,-0.726207760892406));
#4319=CARTESIAN_POINT('Ctrl Pts',(1.11950959541048,-1.403,-0.716857782756722));
#4320=CARTESIAN_POINT('Ctrl Pts',(1.12161646211799,-1.403,-0.698158680384675));
#4321=CARTESIAN_POINT('Ctrl Pts',(1.13093815686471,-1.403,-0.671513999381488));
#4322=CARTESIAN_POINT('Ctrl Pts',(1.14595798506392,-1.403,-0.647616360058323));
#4323=CARTESIAN_POINT('Ctrl Pts',(1.16923820697984,-1.403,-0.624321974919222));
#4324=CARTESIAN_POINT('Ctrl Pts',(1.20243630299226,-1.403,-0.605973253100495));
#4325=CARTESIAN_POINT('Ctrl Pts',(1.23048462820695,-1.403,-0.601207760892405));
#4326=CARTESIAN_POINT('Ctrl Pts',(1.24450959541048,-1.403,-0.601207760892405));
#4327=CARTESIAN_POINT('Origin',(-0.0220000000000022,-1.604,2.458));
#4328=CARTESIAN_POINT('',(-0.522000000000002,-1.604,2.458));
#4329=CARTESIAN_POINT('Origin',(-0.0220000000000022,-1.604,2.458));
#4330=CARTESIAN_POINT('',(-0.722000000000002,-1.404,2.458));
#4331=CARTESIAN_POINT('Origin',(-0.722000000000002,-1.604,2.458));
#4332=CARTESIAN_POINT('Origin',(-0.0220000000000022,-1.404,2.458));
#4333=CARTESIAN_POINT('Origin',(-0.0220000000000022,-1.404,2.458));
#4334=CARTESIAN_POINT('',(-0.522000000000002,-1.854,2.458));
#4335=CARTESIAN_POINT('Origin',(-0.0220000000000022,-1.854,2.458));
#4336=CARTESIAN_POINT('',(-0.522000000000002,-1.404,2.458));
#4337=CARTESIAN_POINT('Origin',(-0.0220000000000022,-1.404,2.458));
#4338=CARTESIAN_POINT('',(-0.772000000000002,-1.404,2.458));
#4339=CARTESIAN_POINT('Origin',(-0.0220000000000022,-1.404,2.458));
#4340=CARTESIAN_POINT('Origin',(-0.0220000000000022,-2.054,-1.542));
#4341=CARTESIAN_POINT('',(-0.322000000000002,-2.054,-1.542));
#4342=CARTESIAN_POINT('Origin',(-0.0220000000000022,-2.054,-1.542));
#4343=CARTESIAN_POINT('',(-0.522000000000002,-1.854,-1.542));
#4344=CARTESIAN_POINT('Origin',(-0.522000000000002,-2.054,-1.542));
#4345=CARTESIAN_POINT('Origin',(-0.0220000000000022,-1.854,-1.542));
#4346=CARTESIAN_POINT('Origin',(-0.0220000000000022,-1.854,-1.542));
#4347=CARTESIAN_POINT('',(-0.322000000000002,-6.103,-1.542));
#4348=CARTESIAN_POINT('Origin',(-0.0220000000000022,-6.103,-1.542));
#4349=CARTESIAN_POINT('',(-0.322000000000002,-1.854,-1.542));
#4350=CARTESIAN_POINT('Origin',(-0.0220000000000022,-2.054,2.458));
#4351=CARTESIAN_POINT('',(-0.322000000000002,-2.054,2.458));
#4352=CARTESIAN_POINT('Origin',(-0.0220000000000022,-2.054,2.458));
#4353=CARTESIAN_POINT('Origin',(-0.522000000000002,-2.054,2.458));
#4354=CARTESIAN_POINT('Origin',(-0.0220000000000022,-1.854,2.458));
#4355=CARTESIAN_POINT('',(-0.322000000000002,-6.103,2.458));
#4356=CARTESIAN_POINT('Origin',(-0.0220000000000022,-6.103,2.458));
#4357=CARTESIAN_POINT('',(-0.322000000000002,-1.854,2.458));
#4358=CARTESIAN_POINT('Origin',(-0.0220000000000022,-1.604,-1.542));
#4359=CARTESIAN_POINT('',(-0.522000000000002,-1.604,-1.542));
#4360=CARTESIAN_POINT('Origin',(-0.0220000000000022,-1.604,-1.542));
#4361=CARTESIAN_POINT('',(-0.722000000000002,-1.404,-1.542));
#4362=CARTESIAN_POINT('Origin',(-0.722000000000002,-1.604,-1.542));
#4363=CARTESIAN_POINT('Origin',(-0.0220000000000022,-1.404,-1.542));
#4364=CARTESIAN_POINT('Origin',(-0.0220000000000022,-1.404,-1.542));
#4365=CARTESIAN_POINT('',(-0.522000000000002,-1.404,-1.542));
#4366=CARTESIAN_POINT('Origin',(-0.0220000000000022,-1.404,-1.542));
#4367=CARTESIAN_POINT('',(-0.772000000000002,-1.404,-1.542));
#4368=CARTESIAN_POINT('Origin',(-0.0220000000000022,-1.404,-1.542));
#4369=CARTESIAN_POINT('Origin',(-0.0220000000000022,-1.403,-1.542));
#4370=CARTESIAN_POINT('',(-0.772000000000002,-1.408,-1.542));
#4371=CARTESIAN_POINT('',(-0.772000000000002,-1.403,-1.542));
#4372=CARTESIAN_POINT('Origin',(-0.0220000000000022,-1.408,-1.542));
#4373=CARTESIAN_POINT('Origin',(-1.122,-1.403,-0.642));
#4374=CARTESIAN_POINT('',(-1.122,-1.408,-0.642));
#4375=CARTESIAN_POINT('',(0.877999999999998,-1.408,-0.641999999999999));
#4376=CARTESIAN_POINT('',(-1.122,-1.408,-0.642));
#4377=CARTESIAN_POINT('',(0.877999999999998,-1.403,-0.641999999999999));
#4378=CARTESIAN_POINT('',(0.877999999999998,-1.403,-0.641999999999999));
#4379=CARTESIAN_POINT('',(-1.122,-1.403,-0.642));
#4380=CARTESIAN_POINT('',(-0.572000000000001,-1.403,-0.642));
#4381=CARTESIAN_POINT('',(-1.122,-1.403,-0.642));
#4382=CARTESIAN_POINT('Origin',(0.877999999999998,-1.403,-0.641999999999999));
#4383=CARTESIAN_POINT('',(0.877999999999998,-1.408,-3.43943505398102));
#4384=CARTESIAN_POINT('',(0.877999999999998,-1.408,-0.641999999999999));
#4385=CARTESIAN_POINT('',(0.877999999999998,-1.403,-3.43943505398102));
#4386=CARTESIAN_POINT('',(0.877999999999998,-1.403,-3.43943505398102));
#4387=CARTESIAN_POINT('',(0.877999999999998,-1.403,-0.0919999999999995));
#4388=CARTESIAN_POINT('Origin',(-1.122,-1.403,-3.38777690460588));
#4389=CARTESIAN_POINT('',(-1.122,-1.408,-3.38777690460588));
#4390=CARTESIAN_POINT('',(-1.122,-1.408,-3.38777690460588));
#4391=CARTESIAN_POINT('',(-1.122,-1.403,-3.38777690460588));
#4392=CARTESIAN_POINT('',(-1.122,-1.403,-1.46488845230294));
#4393=CARTESIAN_POINT('',(-1.122,-1.403,-3.38777690460588));
#4394=CARTESIAN_POINT('Origin',(-0.117015293418716,-1.408,-2.04717897991665));
#4395=CARTESIAN_POINT('Origin',(-0.022,-1.408,0.458));
#4396=CARTESIAN_POINT('Origin',(-0.0220000000000022,-1.403,2.458));
#4397=CARTESIAN_POINT('',(-0.772000000000002,-1.408,2.458));
#4398=CARTESIAN_POINT('',(-0.772000000000002,-1.403,2.458));
#4399=CARTESIAN_POINT('Origin',(-0.0220000000000022,-1.408,2.458));
#4400=CARTESIAN_POINT('Origin',(0.877999999999997,-1.403,4.35543505398102));
#4401=CARTESIAN_POINT('',(0.877999999999997,-1.408,4.35543505398102));
#4402=CARTESIAN_POINT('',(0.877999999999999,-1.408,1.58180880801502));
#4403=CARTESIAN_POINT('',(0.877999999999999,-1.408,1.58180880801502));
#4404=CARTESIAN_POINT('',(0.877999999999999,-1.403,1.58180880801502));
#4405=CARTESIAN_POINT('',(0.877999999999999,-1.403,1.58180880801502));
#4406=CARTESIAN_POINT('',(0.877999999999997,-1.403,4.35543505398102));
#4407=CARTESIAN_POINT('',(0.877999999999999,-1.403,2.40671752699051));
#4408=CARTESIAN_POINT('',(0.877999999999997,-1.403,4.35543505398102));
#4409=CARTESIAN_POINT('Origin',(0.877999999999999,-1.403,1.58180880801502));
#4410=CARTESIAN_POINT('',(-1.122,-1.408,1.58180880801502));
#4411=CARTESIAN_POINT('',(-1.122,-1.408,1.58180880801502));
#4412=CARTESIAN_POINT('',(-1.122,-1.403,1.58180880801502));
#4413=CARTESIAN_POINT('',(-1.122,-1.403,1.58180880801502));
#4414=CARTESIAN_POINT('',(0.427999999999999,-1.403,1.58180880801502));
#4415=CARTESIAN_POINT('Origin',(-1.122,-1.403,1.58180880801502));
#4416=CARTESIAN_POINT('',(-1.122,-1.408,4.30377690460588));
#4417=CARTESIAN_POINT('',(-1.122,-1.408,4.30377690460588));
#4418=CARTESIAN_POINT('',(-1.122,-1.403,4.30377690460588));
#4419=CARTESIAN_POINT('',(-1.122,-1.403,4.30377690460588));
#4420=CARTESIAN_POINT('',(-1.122,-1.403,1.01990440400751));
#4421=CARTESIAN_POINT('Origin',(-0.116990354703151,-1.408,2.9751526423471));
#4422=CARTESIAN_POINT('Origin',(-0.022,-1.408,0.458));
#4423=CARTESIAN_POINT('Origin',(-2.38764419580169,-1.403,-2.60120776089241));
#4424=CARTESIAN_POINT('',(-2.38764419580169,-1.408,-2.60120776089241));
#4425=CARTESIAN_POINT('',(-2.38764419580169,-1.408,-1.7412077608924));
#4426=CARTESIAN_POINT('',(-2.38764419580169,-1.408,-2.60120776089241));
#4427=CARTESIAN_POINT('',(-2.38764419580169,-1.403,-1.7412077608924));
#4428=CARTESIAN_POINT('',(-2.38764419580169,-1.403,-1.7412077608924));
#4429=CARTESIAN_POINT('',(-2.38764419580169,-1.403,-2.60120776089241));
#4430=CARTESIAN_POINT('',(-2.38764419580169,-1.403,-1.0716038804462));
#4431=CARTESIAN_POINT('',(-2.38764419580169,-1.403,-2.60120776089241));
#4432=CARTESIAN_POINT('Origin',(-2.38764419580169,-1.403,-1.7412077608924));
#4433=CARTESIAN_POINT('',(-3.24764419580169,-1.408,-1.7412077608924));
#4434=CARTESIAN_POINT('',(-2.38764419580169,-1.408,-1.7412077608924));
#4435=CARTESIAN_POINT('',(-3.24764419580169,-1.403,-1.7412077608924));
#4436=CARTESIAN_POINT('',(-3.24764419580169,-1.403,-1.7412077608924));
#4437=CARTESIAN_POINT('',(-1.20482209790084,-1.403,-1.7412077608924));
#4438=CARTESIAN_POINT('Origin',(-3.24764419580169,-1.403,-1.7412077608924));
#4439=CARTESIAN_POINT('',(-3.24764419580169,-1.408,-1.4612077608924));
#4440=CARTESIAN_POINT('',(-3.24764419580169,-1.408,-1.7412077608924));
#4441=CARTESIAN_POINT('',(-3.24764419580169,-1.403,-1.4612077608924));
#4442=CARTESIAN_POINT('',(-3.24764419580169,-1.403,-1.4612077608924));
#4443=CARTESIAN_POINT('',(-3.24764419580169,-1.403,-0.641603880446202));
#4444=CARTESIAN_POINT('Origin',(-3.24764419580169,-1.403,-1.4612077608924));
#4445=CARTESIAN_POINT('',(-2.38764419580169,-1.408,-1.4612077608924));
#4446=CARTESIAN_POINT('',(-3.24764419580169,-1.408,-1.4612077608924));
#4447=CARTESIAN_POINT('',(-2.38764419580169,-1.403,-1.4612077608924));
#4448=CARTESIAN_POINT('',(-2.38764419580169,-1.403,-1.4612077608924));
#4449=CARTESIAN_POINT('',(-1.63482209790084,-1.403,-1.4612077608924));
#4450=CARTESIAN_POINT('Origin',(-2.38764419580169,-1.403,-1.4612077608924));
#4451=CARTESIAN_POINT('',(-2.38764419580169,-1.408,-0.601207760892405));
#4452=CARTESIAN_POINT('',(-2.38764419580169,-1.408,-1.4612077608924));
#4453=CARTESIAN_POINT('',(-2.38764419580169,-1.403,-0.601207760892405));
#4454=CARTESIAN_POINT('',(-2.38764419580169,-1.403,-0.601207760892405));
#4455=CARTESIAN_POINT('',(-2.38764419580169,-1.403,-0.501603880446202));
#4456=CARTESIAN_POINT('Origin',(-2.38764419580169,-1.403,-0.601207760892405));
#4457=CARTESIAN_POINT('',(-2.10764419580169,-1.408,-0.601207760892405));
#4458=CARTESIAN_POINT('',(-2.38764419580169,-1.408,-0.601207760892405));
#4459=CARTESIAN_POINT('',(-2.10764419580169,-1.403,-0.601207760892405));
#4460=CARTESIAN_POINT('',(-2.10764419580169,-1.403,-0.601207760892405));
#4461=CARTESIAN_POINT('',(-1.20482209790084,-1.403,-0.601207760892405));
#4462=CARTESIAN_POINT('Origin',(-2.10764419580169,-1.403,-0.601207760892405));
#4463=CARTESIAN_POINT('',(-2.10764419580169,-1.408,-1.4612077608924));
#4464=CARTESIAN_POINT('',(-2.10764419580169,-1.408,-0.601207760892405));
#4465=CARTESIAN_POINT('',(-2.10764419580169,-1.403,-1.4612077608924));
#4466=CARTESIAN_POINT('',(-2.10764419580169,-1.403,-1.4612077608924));
#4467=CARTESIAN_POINT('',(-2.10764419580169,-1.403,-0.0716038804462023));
#4468=CARTESIAN_POINT('Origin',(-2.10764419580169,-1.403,-1.4612077608924));
#4469=CARTESIAN_POINT('',(-1.24764419580169,-1.408,-1.46120776089241));
#4470=CARTESIAN_POINT('',(-2.10764419580169,-1.408,-1.4612077608924));
#4471=CARTESIAN_POINT('',(-1.24764419580169,-1.403,-1.46120776089241));
#4472=CARTESIAN_POINT('',(-1.24764419580169,-1.403,-1.46120776089241));
#4473=CARTESIAN_POINT('',(-1.06482209790084,-1.403,-1.46120776089241));
#4474=CARTESIAN_POINT('Origin',(-1.24764419580169,-1.403,-1.46120776089241));
#4475=CARTESIAN_POINT('',(-1.24764419580169,-1.408,-1.74120776089241));
#4476=CARTESIAN_POINT('',(-1.24764419580169,-1.408,-1.46120776089241));
#4477=CARTESIAN_POINT('',(-1.24764419580169,-1.403,-1.74120776089241));
#4478=CARTESIAN_POINT('',(-1.24764419580169,-1.403,-1.74120776089241));
#4479=CARTESIAN_POINT('',(-1.24764419580169,-1.403,-0.501603880446202));
#4480=CARTESIAN_POINT('Origin',(-1.24764419580169,-1.403,-1.74120776089241));
#4481=CARTESIAN_POINT('',(-2.10764419580169,-1.408,-1.74120776089241));
#4482=CARTESIAN_POINT('',(-1.24764419580169,-1.408,-1.74120776089241));
#4483=CARTESIAN_POINT('',(-2.10764419580169,-1.403,-1.74120776089241));
#4484=CARTESIAN_POINT('',(-2.10764419580169,-1.403,-1.74120776089241));
#4485=CARTESIAN_POINT('',(-0.634822097900843,-1.403,-1.74120776089241));
#4486=CARTESIAN_POINT('Origin',(-2.10764419580169,-1.403,-1.74120776089241));
#4487=CARTESIAN_POINT('',(-2.10764419580169,-1.408,-2.60120776089241));
#4488=CARTESIAN_POINT('',(-2.10764419580169,-1.408,-1.74120776089241));
#4489=CARTESIAN_POINT('',(-2.10764419580169,-1.403,-2.60120776089241));
#4490=CARTESIAN_POINT('',(-2.10764419580169,-1.403,-2.60120776089241));
#4491=CARTESIAN_POINT('',(-2.10764419580169,-1.403,-0.641603880446202));
#4492=CARTESIAN_POINT('Origin',(-2.10764419580169,-1.403,-2.60120776089241));
#4493=CARTESIAN_POINT('',(-2.10764419580169,-1.408,-2.60120776089241));
#4494=CARTESIAN_POINT('',(-1.06482209790084,-1.403,-2.60120776089241));
#4495=CARTESIAN_POINT('Origin',(-2.24764419580169,-1.408,-1.6012077608924));
#4496=CARTESIAN_POINT('Origin',(-2.38764419580169,-1.403,1.58180880801502));
#4497=CARTESIAN_POINT('',(-2.38764419580169,-1.408,1.58180880801502));
#4498=CARTESIAN_POINT('',(-2.38764419580169,-1.408,3.58180880801502));
#4499=CARTESIAN_POINT('',(-2.38764419580169,-1.408,1.58180880801502));
#4500=CARTESIAN_POINT('',(-2.38764419580169,-1.403,3.58180880801502));
#4501=CARTESIAN_POINT('',(-2.38764419580169,-1.403,3.58180880801502));
#4502=CARTESIAN_POINT('',(-2.38764419580169,-1.403,1.58180880801502));
#4503=CARTESIAN_POINT('',(-2.38764419580169,-1.403,1.01990440400751));
#4504=CARTESIAN_POINT('',(-2.38764419580169,-1.403,1.58180880801502));
#4505=CARTESIAN_POINT('Origin',(-2.38764419580169,-1.403,3.58180880801502));
#4506=CARTESIAN_POINT('',(-2.10764419580169,-1.408,3.58180880801502));
#4507=CARTESIAN_POINT('',(-2.38764419580169,-1.408,3.58180880801502));
#4508=CARTESIAN_POINT('',(-2.10764419580169,-1.403,3.58180880801502));
#4509=CARTESIAN_POINT('',(-2.10764419580169,-1.403,3.58180880801502));
#4510=CARTESIAN_POINT('',(-1.20482209790084,-1.403,3.58180880801502));
#4511=CARTESIAN_POINT('Origin',(-2.10764419580169,-1.403,3.58180880801502));
#4512=CARTESIAN_POINT('',(-2.10764419580169,-1.408,1.58180880801502));
#4513=CARTESIAN_POINT('',(-2.10764419580169,-1.408,3.58180880801502));
#4514=CARTESIAN_POINT('',(-2.10764419580169,-1.403,1.58180880801502));
#4515=CARTESIAN_POINT('',(-2.10764419580169,-1.403,1.58180880801502));
#4516=CARTESIAN_POINT('',(-2.10764419580169,-1.403,2.01990440400751));
#4517=CARTESIAN_POINT('Origin',(-2.10764419580169,-1.403,1.58180880801502));
#4518=CARTESIAN_POINT('',(-2.10764419580169,-1.408,1.58180880801502));
#4519=CARTESIAN_POINT('',(-1.06482209790084,-1.403,1.58180880801502));
#4520=CARTESIAN_POINT('Origin',(-2.24764419580169,-1.408,2.58180880801502));
#4521=CARTESIAN_POINT('Origin',(-0.022,0.557,0.458));
#4522=CARTESIAN_POINT('',(2.353,0.567,0.458));
#4523=CARTESIAN_POINT('Origin',(-0.022,0.567,0.458));
#4524=CARTESIAN_POINT('',(2.353,0.557,0.458));
#4525=CARTESIAN_POINT('',(2.353,0.557,0.458));
#4526=CARTESIAN_POINT('Origin',(-0.022,0.557,0.458));
#4527=CARTESIAN_POINT('Origin',(-0.022,0.567,0.458));
#4528=CARTESIAN_POINT('Origin',(-0.022,0.547,0.458));
#4529=CARTESIAN_POINT('',(-2.522,0.557,0.458));
#4530=CARTESIAN_POINT('Origin',(-0.022,0.557,0.458));
#4531=CARTESIAN_POINT('',(-2.522,0.547,0.458));
#4532=CARTESIAN_POINT('',(-2.522,0.547,0.458));
#4533=CARTESIAN_POINT('Origin',(-0.022,0.547,0.458));
#4534=CARTESIAN_POINT('Origin',(-0.022,0.557,0.458));
#4535=CARTESIAN_POINT('Origin',(-0.022,0.447,0.458));
#4536=CARTESIAN_POINT('',(-3.122,0.447,0.458));
#4537=CARTESIAN_POINT('Origin',(-0.022,0.447,0.458));
#4538=CARTESIAN_POINT('',(2.37205529079909,0.447,0.458));
#4539=CARTESIAN_POINT('Origin',(-0.022,0.447,0.458));
#4540=CARTESIAN_POINT('Origin',(-0.022,0.547,0.458));
#4541=CARTESIAN_POINT('',(-4.022,0.547,0.458000000000001));
#4542=CARTESIAN_POINT('Origin',(-0.022,0.547,0.458));
#4543=CARTESIAN_POINT('Origin',(-0.022,-0.303,0.458));
#4544=CARTESIAN_POINT('',(2.37205529079909,-0.303,0.458));
#4545=CARTESIAN_POINT('',(2.37205529079909,-0.303,0.458));
#4546=CARTESIAN_POINT('Origin',(-0.022,-0.303,0.458));
#4547=CARTESIAN_POINT('Origin',(-0.022,-0.303,0.458));
#4548=CARTESIAN_POINT('',(3.0405,-0.303,-0.022722113075735));
#4549=CARTESIAN_POINT('',(-3.0845,-0.303,-0.022722113075735));
#4550=CARTESIAN_POINT('Origin',(-0.022,-0.303,0.458));
#4551=CARTESIAN_POINT('',(-3.0845,-0.303,0.938722113075735));
#4552=CARTESIAN_POINT('Origin',(-3.222,-0.303,0.458));
#4553=CARTESIAN_POINT('',(3.0405,-0.303,0.938722113075735));
#4554=CARTESIAN_POINT('Origin',(-0.022,-0.303,0.458));
#4555=CARTESIAN_POINT('Origin',(3.178,-0.303,0.458));
#4556=CARTESIAN_POINT('Origin',(-0.0220000000000022,-6.103,-1.542));
#4557=CARTESIAN_POINT('Origin',(-0.0220000000000022,-6.103,2.458));
#4558=CARTESIAN_POINT('Origin',(-0.022,-0.903,0.458));
#4559=CARTESIAN_POINT('',(3.90954724147013,-0.903,1.19484210526316));
#4560=CARTESIAN_POINT('',(3.71296987939662,-0.903,0.958000000000001));
#4561=CARTESIAN_POINT('Origin',(3.71296987939662,-0.903,1.158));
#4562=CARTESIAN_POINT('',(3.90954724147013,-0.903,-0.278842105263158));
#4563=CARTESIAN_POINT('Origin',(-0.022,-0.903,0.458));
#4564=CARTESIAN_POINT('',(3.71296987939662,-0.903,-0.0419999999999997));
#4565=CARTESIAN_POINT('Origin',(3.71296987939662,-0.903,-0.242));
#4566=CARTESIAN_POINT('',(3.178,-0.903,-0.0419999999999997));
#4567=CARTESIAN_POINT('',(3.178,-0.903,-0.0419999999999997));
#4568=CARTESIAN_POINT('',(3.178,-0.903,0.958000000000001));
#4569=CARTESIAN_POINT('Origin',(3.178,-0.903,0.458));
#4570=CARTESIAN_POINT('',(3.71296987939662,-0.903,0.958000000000001));
#4571=CARTESIAN_POINT('Origin',(-0.022,-0.903,0.458));
#4572=CARTESIAN_POINT('',(-3.75696987939662,-0.903,0.958));
#4573=CARTESIAN_POINT('',(-3.95354724147013,-0.903,1.19484210526316));
#4574=CARTESIAN_POINT('Origin',(-3.75696987939662,-0.903,1.158));
#4575=CARTESIAN_POINT('',(-3.222,-0.903,0.958));
#4576=CARTESIAN_POINT('',(-3.222,-0.903,0.958));
#4577=CARTESIAN_POINT('',(-3.222,-0.903,-0.0419999999999996));
#4578=CARTESIAN_POINT('Origin',(-3.222,-0.903,0.458));
#4579=CARTESIAN_POINT('',(-3.75696987939662,-0.903,-0.0419999999999999));
#4580=CARTESIAN_POINT('',(-3.75696987939662,-0.903,-0.0419999999999999));
#4581=CARTESIAN_POINT('',(-3.95354724147013,-0.903,-0.278842105263158));
#4582=CARTESIAN_POINT('Origin',(-3.75696987939662,-0.903,-0.242));
#4583=CARTESIAN_POINT('',(-4.022,-0.903,0.458000000000001));
#4584=CARTESIAN_POINT('Origin',(-0.022,-0.903,0.458));
#4585=CARTESIAN_POINT('Origin',(-0.022,-0.903,0.458));
#4586=CARTESIAN_POINT('Origin',(-0.022,-1.403,0.458));
#4587=CARTESIAN_POINT('Origin',(-0.022,-1.403,0.458));
#4588=CARTESIAN_POINT('',(-4.022,-1.403,0.458000000000001));
#4589=CARTESIAN_POINT('Origin',(-0.022,-1.403,0.458));
#4590=CARTESIAN_POINT('Origin',(-0.022,-1.403,0.458));
#4591=CARTESIAN_POINT('Origin',(3.178,-0.303,-0.0419999999999998));
#4592=CARTESIAN_POINT('',(3.71296987939662,-0.303,-0.0419999999999998));
#4593=CARTESIAN_POINT('',(3.71296987939662,-0.303,-0.0419999999999998));
#4594=CARTESIAN_POINT('',(3.178,-0.303,-0.0419999999999998));
#4595=CARTESIAN_POINT('',(1.578,-0.303,-0.0419999999999998));
#4596=CARTESIAN_POINT('',(3.178,-0.303,-0.0419999999999998));
#4597=CARTESIAN_POINT('Origin',(3.71296987939662,-0.303,-0.242));
#4598=CARTESIAN_POINT('',(3.90954724147013,-0.303,-0.278842105263158));
#4599=CARTESIAN_POINT('',(3.90954724147013,-0.303,-0.278842105263158));
#4600=CARTESIAN_POINT('Origin',(3.71296987939662,-0.303,-0.242));
#4601=CARTESIAN_POINT('Origin',(-3.75696987939662,-0.303,-0.242));
#4602=CARTESIAN_POINT('',(-3.75696987939662,-0.303,-0.042));
#4603=CARTESIAN_POINT('',(-3.75696987939662,-0.303,-0.042));
#4604=CARTESIAN_POINT('',(-3.95354724147013,-0.303,-0.278842105263158));
#4605=CARTESIAN_POINT('Origin',(-3.75696987939662,-0.303,-0.242));
#4606=CARTESIAN_POINT('',(-3.95354724147013,-0.303,-0.278842105263158));
#4607=CARTESIAN_POINT('Origin',(-3.75696987939662,-0.303,-0.042));
#4608=CARTESIAN_POINT('',(-3.222,-0.303,-0.0419999999999997));
#4609=CARTESIAN_POINT('',(-3.222,-0.303,-0.0419999999999997));
#4610=CARTESIAN_POINT('',(-1.88948493969831,-0.303,-0.0419999999999991));
#4611=CARTESIAN_POINT('Origin',(-3.222,-0.303,0.458));
#4612=CARTESIAN_POINT('',(-3.222,-0.303,0.958));
#4613=CARTESIAN_POINT('',(-3.222,-0.303,0.958));
#4614=CARTESIAN_POINT('Origin',(-3.222,-0.303,0.458));
#4615=CARTESIAN_POINT('Origin',(-3.222,-0.303,0.458));
#4616=CARTESIAN_POINT('Origin',(-3.222,-0.303,0.958));
#4617=CARTESIAN_POINT('',(-3.75696987939662,-0.303,0.958));
#4618=CARTESIAN_POINT('',(-3.75696987939662,-0.303,0.958));
#4619=CARTESIAN_POINT('',(-1.622,-0.303,0.958000000000002));
#4620=CARTESIAN_POINT('Origin',(-3.75696987939662,-0.303,1.158));
#4621=CARTESIAN_POINT('',(-3.95354724147013,-0.303,1.19484210526316));
#4622=CARTESIAN_POINT('',(-3.95354724147013,-0.303,1.19484210526316));
#4623=CARTESIAN_POINT('Origin',(-3.75696987939662,-0.303,1.158));
#4624=CARTESIAN_POINT('Origin',(3.71296987939662,-0.303,1.158));
#4625=CARTESIAN_POINT('',(3.71296987939662,-0.303,0.958));
#4626=CARTESIAN_POINT('',(3.71296987939662,-0.303,0.958));
#4627=CARTESIAN_POINT('',(3.90954724147013,-0.303,1.19484210526316));
#4628=CARTESIAN_POINT('Origin',(3.71296987939662,-0.303,1.158));
#4629=CARTESIAN_POINT('',(3.90954724147013,-0.303,1.19484210526316));
#4630=CARTESIAN_POINT('Origin',(3.71296987939662,-0.303,0.958));
#4631=CARTESIAN_POINT('',(3.178,-0.303,0.958));
#4632=CARTESIAN_POINT('',(3.178,-0.303,0.958));
#4633=CARTESIAN_POINT('',(1.84548493969831,-0.303,0.958));
#4634=CARTESIAN_POINT('Origin',(3.178,-0.303,0.458));
#4635=CARTESIAN_POINT('Origin',(3.178,-0.303,0.458));
#4636=CARTESIAN_POINT('Origin',(3.178,-0.303,0.458));
#4637=CARTESIAN_POINT('Origin',(-0.022,-0.303,0.458));
#4638=CARTESIAN_POINT('Origin',(-0.022,-0.303,0.458));
#4639=CARTESIAN_POINT('Origin',(-0.022,-0.303,0.458));
#4640=CARTESIAN_POINT('Origin',(-0.022,-0.303,0.458));
#4641=CARTESIAN_POINT('',(-3.122,-0.303,0.458000000000001));
#4642=CARTESIAN_POINT('Origin',(-0.022,-0.303,0.458));
#4643=CARTESIAN_POINT('Origin',(-0.022,-0.303,0.458));
#4644=CARTESIAN_POINT('',(-4.022,-0.303,0.458000000000001));
#4645=CARTESIAN_POINT('Origin',(-0.022,-0.303,0.458));
#4646=CARTESIAN_POINT('Origin',(-0.022,-0.303,0.458));
#4647=CARTESIAN_POINT('Origin',(-0.022,-0.303,0.458));
#4648=CARTESIAN_POINT('',(-3.122,-0.303,0.458000000000001));
#4649=CARTESIAN_POINT('Origin',(-0.022,-0.303,0.458));
#4650=CARTESIAN_POINT('',(-4.022,-0.303,0.458000000000001));
#4651=CARTESIAN_POINT('',(-4.022,-0.303,0.458000000000001));
#4652=UNCERTAINTY_MEASURE_WITH_UNIT(LENGTH_MEASURE(0.01),#4656,
'DISTANCE_ACCURACY_VALUE',
'Maximum model space distance between geometric entities at asserted c
onnectivities');
#4653=UNCERTAINTY_MEASURE_WITH_UNIT(LENGTH_MEASURE(0.01),#4656,
'DISTANCE_ACCURACY_VALUE',
'Maximum model space distance between geometric entities at asserted c
onnectivities');
#4654=(
GEOMETRIC_REPRESENTATION_CONTEXT(3)
GLOBAL_UNCERTAINTY_ASSIGNED_CONTEXT((#4652))
GLOBAL_UNIT_ASSIGNED_CONTEXT((#4656,#4658,#4659))
REPRESENTATION_CONTEXT('','3D')
);
#4655=(
GEOMETRIC_REPRESENTATION_CONTEXT(3)
GLOBAL_UNCERTAINTY_ASSIGNED_CONTEXT((#4653))
GLOBAL_UNIT_ASSIGNED_CONTEXT((#4656,#4658,#4659))
REPRESENTATION_CONTEXT('','3D')
);
#4656=(
LENGTH_UNIT()
NAMED_UNIT(*)
SI_UNIT(.MILLI.,.METRE.)
);
#4657=(
LENGTH_UNIT()
NAMED_UNIT(*)
SI_UNIT(.CENTI.,.METRE.)
);
#4658=(
NAMED_UNIT(*)
PLANE_ANGLE_UNIT()
SI_UNIT($,.RADIAN.)
);
#4659=(
NAMED_UNIT(*)
SI_UNIT($,.STERADIAN.)
SOLID_ANGLE_UNIT()
);
#4660=SHAPE_DEFINITION_REPRESENTATION(#4661,#4662);
#4661=PRODUCT_DEFINITION_SHAPE('',$,#4664);
#4662=SHAPE_REPRESENTATION('',(#2008),#4654);
#4663=PRODUCT_DEFINITION_CONTEXT('part definition',#4668,'design');
#4664=PRODUCT_DEFINITION('AT-1127-ST-2-R RevB','AT-1127-ST-2-R',#4665,#4663);
#4665=PRODUCT_DEFINITION_FORMATION('',$,#4670);
#4666=PRODUCT_RELATED_PRODUCT_CATEGORY('AT-1127-ST-2-R',
'AT-1127-ST-2-R',(#4670));
#4667=APPLICATION_PROTOCOL_DEFINITION('international standard',
'automotive_design',2009,#4668);
#4668=APPLICATION_CONTEXT(
'Core Data for Automotive Mechanical Design Process');
#4669=PRODUCT_CONTEXT('part definition',#4668,'mechanical');
#4670=PRODUCT('AT-1127-ST-2-R RevB','AT-1127-ST-2-R',$,(#4669));
#4671=PRESENTATION_STYLE_ASSIGNMENT((#4680));
#4672=PRESENTATION_STYLE_ASSIGNMENT((#4681));
#4673=PRESENTATION_STYLE_ASSIGNMENT((#4682));
#4674=PRESENTATION_STYLE_ASSIGNMENT((#4683));
#4675=PRESENTATION_STYLE_ASSIGNMENT((#4684));
#4676=PRESENTATION_STYLE_ASSIGNMENT((#4685));
#4677=PRESENTATION_STYLE_ASSIGNMENT((#4686));
#4678=PRESENTATION_STYLE_ASSIGNMENT((#4687));
#4679=PRESENTATION_STYLE_ASSIGNMENT((#4688));
#4680=SURFACE_STYLE_USAGE(.BOTH.,#4705);
#4681=SURFACE_STYLE_USAGE(.BOTH.,#4706);
#4682=SURFACE_STYLE_USAGE(.BOTH.,#4707);
#4683=SURFACE_STYLE_USAGE(.BOTH.,#4708);
#4684=SURFACE_STYLE_USAGE(.BOTH.,#4709);
#4685=SURFACE_STYLE_USAGE(.BOTH.,#4710);
#4686=SURFACE_STYLE_USAGE(.BOTH.,#4711);
#4687=SURFACE_STYLE_USAGE(.BOTH.,#4712);
#4688=SURFACE_STYLE_USAGE(.BOTH.,#4713);
#4689=SURFACE_STYLE_RENDERING_WITH_PROPERTIES($,#4741,(#4697));
#4690=SURFACE_STYLE_RENDERING_WITH_PROPERTIES($,#4743,(#4698));
#4691=SURFACE_STYLE_RENDERING_WITH_PROPERTIES($,#4744,(#4699));
#4692=SURFACE_STYLE_RENDERING_WITH_PROPERTIES($,#4745,(#4700));
#4693=SURFACE_STYLE_RENDERING_WITH_PROPERTIES($,#4746,(#4701));
#4694=SURFACE_STYLE_RENDERING_WITH_PROPERTIES($,#4747,(#4702));
#4695=SURFACE_STYLE_RENDERING_WITH_PROPERTIES($,#4748,(#4703));
#4696=SURFACE_STYLE_RENDERING_WITH_PROPERTIES($,#4749,(#4704));
#4697=SURFACE_STYLE_TRANSPARENT(0.);
#4698=SURFACE_STYLE_TRANSPARENT(0.);
#4699=SURFACE_STYLE_TRANSPARENT(0.);
#4700=SURFACE_STYLE_TRANSPARENT(0.);
#4701=SURFACE_STYLE_TRANSPARENT(0.);
#4702=SURFACE_STYLE_TRANSPARENT(0.);
#4703=SURFACE_STYLE_TRANSPARENT(0.339999973773956);
#4704=SURFACE_STYLE_TRANSPARENT(0.);
#4705=SURFACE_SIDE_STYLE('',(#4714,#4689));
#4706=SURFACE_SIDE_STYLE('',(#4715));
#4707=SURFACE_SIDE_STYLE('',(#4716,#4690));
#4708=SURFACE_SIDE_STYLE('',(#4717,#4691));
#4709=SURFACE_SIDE_STYLE('',(#4718,#4692));
#4710=SURFACE_SIDE_STYLE('',(#4719,#4693));
#4711=SURFACE_SIDE_STYLE('',(#4720,#4694));
#4712=SURFACE_SIDE_STYLE('',(#4721,#4695));
#4713=SURFACE_SIDE_STYLE('',(#4722,#4696));
#4714=SURFACE_STYLE_FILL_AREA(#4723);
#4715=SURFACE_STYLE_FILL_AREA(#4724);
#4716=SURFACE_STYLE_FILL_AREA(#4725);
#4717=SURFACE_STYLE_FILL_AREA(#4726);
#4718=SURFACE_STYLE_FILL_AREA(#4727);
#4719=SURFACE_STYLE_FILL_AREA(#4728);
#4720=SURFACE_STYLE_FILL_AREA(#4729);
#4721=SURFACE_STYLE_FILL_AREA(#4730);
#4722=SURFACE_STYLE_FILL_AREA(#4731);
#4723=FILL_AREA_STYLE('',(#4732));
#4724=FILL_AREA_STYLE('',(#4733));
#4725=FILL_AREA_STYLE('',(#4734));
#4726=FILL_AREA_STYLE('',(#4735));
#4727=FILL_AREA_STYLE('',(#4736));
#4728=FILL_AREA_STYLE('',(#4737));
#4729=FILL_AREA_STYLE('',(#4738));
#4730=FILL_AREA_STYLE('',(#4739));
#4731=FILL_AREA_STYLE('',(#4740));
#4732=FILL_AREA_STYLE_COLOUR('',#4741);
#4733=FILL_AREA_STYLE_COLOUR('',#4742);
#4734=FILL_AREA_STYLE_COLOUR('',#4743);
#4735=FILL_AREA_STYLE_COLOUR('',#4744);
#4736=FILL_AREA_STYLE_COLOUR('',#4745);
#4737=FILL_AREA_STYLE_COLOUR('',#4746);
#4738=FILL_AREA_STYLE_COLOUR('',#4747);
#4739=FILL_AREA_STYLE_COLOUR('',#4748);
#4740=FILL_AREA_STYLE_COLOUR('',#4749);
#4741=COLOUR_RGB('',0.,0.,0.);
#4742=COLOUR_RGB('',0.0274509803921569,0.0274509803921569,0.0274509803921569);
#4743=COLOUR_RGB('',0.956862745098039,0.956862745098039,0.956862745098039);
#4744=COLOUR_RGB('',0.737254901960784,0.313725490196078,0.184313725490196);
#4745=COLOUR_RGB('',0.996078431372549,0.835294117647059,0.);
#4746=COLOUR_RGB('',0.776470588235294,0.776470588235294,0.776470588235294);
#4747=COLOUR_RGB('',0.937254901960784,0.941176470588235,0.8);
#4748=COLOUR_RGB('',0.0470588235294118,0.533333333333333,0.231372549019608);
#4749=COLOUR_RGB('',0.411764705882353,0.411764705882353,0.411764705882353);
ENDSEC;
END-ISO-10303-21;
