ISO-10303-21;
HEADER;
FILE_DESCRIPTION (( 'STEP AP214' ),
    '1' );
FILE_NAME ('Same_Sky_SLW-12689-4A-N-D.step',
    '2025-01-07T19:03:20',
    ( '' ),
    ( '' ),
    'SwSTEP 2.0',
    'SolidWorks 2024',
    '' );
FILE_SCHEMA (( 'AUTOMOTIVE_DESIGN' ));
ENDSEC;

DATA;
#1 = PLANE ( 'NONE',  #3927 ) ;
#2 = CARTESIAN_POINT ( 'NONE',  ( -0.03026557783878933150, 0.1902911818141436728, 0.01376286286649603535 ) ) ;
#3 = ORIENTED_EDGE ( 'NONE', *, *, #4477, .F. ) ;
#4 = CARTESIAN_POINT ( 'NONE',  ( 0.1751912329957316938, 0.03937007874017204451, 0.1417090301798399621 ) ) ;
#5 = PLANE ( 'NONE',  #5784 ) ;
#6 = ORIENTED_EDGE ( 'NONE', *, *, #520, .T. ) ;
#7 = CARTESIAN_POINT ( 'NONE',  ( -0.02559616857902342543, 0.1259842519685108464, 0.04525233726641984117 ) ) ;
#8 = EDGE_CURVE ( 'NONE', #579, #2072, #2111, .T. ) ;
#9 = LINE ( 'NONE', #69, #4485 ) ;
#10 = ORIENTED_EDGE ( 'NONE', *, *, #29, .F. ) ;
#11 = DIRECTION ( 'NONE',  ( 0.000000000000000000, -3.491481338843135327E-15, -1.000000000000000000 ) ) ;
#12 = VERTEX_POINT ( 'NONE', #3195 ) ;
#13 = DIRECTION ( 'NONE',  ( -1.000000000000000000, 1.431507348925684052E-28, 4.100000000000000200E-14 ) ) ;
#14 = CARTESIAN_POINT ( 'NONE',  ( -0.02609774249628226198, 0.1765116542550889400, 0.07953898098657292970 ) ) ;
#15 = VERTEX_POINT ( 'NONE', #5254 ) ;
#16 = LINE ( 'NONE', #1116, #3203 ) ;
#17 = CARTESIAN_POINT ( 'NONE',  ( -0.1758995891965433600, 0.1936205956005735418, 0.1485759942491733099 ) ) ;
#18 = ORIENTED_EDGE ( 'NONE', *, *, #6630, .T. ) ;
#19 = CARTESIAN_POINT ( 'NONE',  ( -0.0007417243760064197141, 0.2401599482183431333, 0.02840216675381440972 ) ) ;
#20 = ADVANCED_FACE ( 'NONE', ( #3230 ), #639, .F. ) ;
#21 = CYLINDRICAL_SURFACE ( 'NONE', #1800, 0.01377952755905360524 ) ;
#22 = CARTESIAN_POINT ( 'NONE',  ( -0.0007417243760064197141, 0.1850418379821227033, 0.02840216675381457972 ) ) ;
#23 = ORIENTED_EDGE ( 'NONE', *, *, #950, .F. ) ;
#24 = CARTESIAN_POINT ( 'NONE',  ( -0.0007417243760064197141, 0.1122071923128312165, 0.02840216675381485034 ) ) ;
#25 = DIRECTION ( 'NONE',  ( 3.200000000000000249E-14, 1.000000000000000000, -3.491481338843134933E-15 ) ) ;
#26 = DIRECTION ( 'NONE',  ( 1.000000000000000000, -5.566118461309930445E-15, -2.099999999999999887E-14 ) ) ;
#27 = CARTESIAN_POINT ( 'NONE',  ( -0.01550365110739785474, 0.1099106043863220528, 0.02108251481015554693 ) ) ;
#28 = ORIENTED_EDGE ( 'NONE', *, *, #6249, .T. ) ;
#29 = EDGE_CURVE ( 'NONE', #579, #4609, #1042, .T. ) ;
#30 = DIRECTION ( 'NONE',  ( 0.000000000000000000, -1.000000000000000000, 3.491481338843134933E-15 ) ) ;
#31 = VERTEX_POINT ( 'NONE', #6228 ) ;
#32 = LINE ( 'NONE', #564, #3199 ) ;
#33 = DIRECTION ( 'NONE',  ( 0.000000000000000000, 1.000000000000000000, -3.491481338843134933E-15 ) ) ;
#34 = EDGE_CURVE ( 'NONE', #1452, #831, #2176, .T. ) ;
#35 = LINE ( 'NONE', #2076, #2527 ) ;
#36 = CARTESIAN_POINT ( 'NONE',  ( 0.03345894953120917559, 0.04724409448819551216, -0.04333033989893748245 ) ) ;
#37 = ORIENTED_EDGE ( 'NONE', *, *, #1659, .F. ) ;
#38 = ORIENTED_EDGE ( 'NONE', *, *, #4180, .F. ) ;
#39 = EDGE_CURVE ( 'NONE', #1440, #1057, #3705, .T. ) ;
#40 = CARTESIAN_POINT ( 'NONE',  ( 0.1751912329957230618, -5.805176986536558994E-15, -0.05514136352094724941 ) ) ;
#41 = ORIENTED_EDGE ( 'NONE', *, *, #6586, .F. ) ;
#42 = CARTESIAN_POINT ( 'NONE',  ( 0.1692857211847043630, -5.395399787486921188E-15, 0.05115784907747802923 ) ) ;
#43 = EDGE_CURVE ( 'NONE', #1394, #3498, #1668, .T. ) ;
#44 = CARTESIAN_POINT ( 'NONE',  ( -0.03648728442924677184, 0.2339263524178185616, 0.06340131084578570775 ) ) ;
#45 = VERTEX_POINT ( 'NONE', #5158 ) ;
#46 = EDGE_CURVE ( 'NONE', #172, #6197, #683, .T. ) ;
#47 = CARTESIAN_POINT ( 'NONE',  ( -0.01401939056108515713, 0.03937007874020417159, 0.1338350144317690948 ) ) ;
#48 = DIRECTION ( 'NONE',  ( 2.537655020578940122E-13, 1.000000000000000000, -3.491481338843134933E-15 ) ) ;
#49 = ORIENTED_EDGE ( 'NONE', *, *, #3044, .T. ) ;
#50 = CARTESIAN_POINT ( 'NONE',  ( -0.05666355479469196987, 0.1735588983495767734, 0.04845564756923504551 ) ) ;
#51 = DIRECTION ( 'NONE',  ( -4.100000000000000200E-14, -3.491481338843134933E-15, -1.000000000000000000 ) ) ;
#52 = CARTESIAN_POINT ( 'NONE',  ( -0.04398554573455393940, 0.1781520742025952675, 0.02288724045285614461 ) ) ;
#53 =( BOUNDED_SURFACE ( )  B_SPLINE_SURFACE ( 3, 2, ( 
 ( #2951, #6019, #2920, #6559, #4979, #4473, #1400, #5012, #2444, #24, #6217, #2543, #4643, #6657, #3690, #1598, #2065, #2038, #5718, #4100, #584, #5175, #2138, #6274, #5653, #555, #1068, #3661, #2100, #1124, #1000, #3055, #4127, #2679, #6146, #2579, #5239, #625, #4199, #1032, #1095, #1528, #2637, #4743, #6176, #4164, #5747, #1560, #126, #4703, #3624, #3150, #5687, #3587, #94, #3120, #5206, #2608, #3087, #4668, #6248, #2165, #5146, #529, #4230, #55, #1626, #3183, #1655, #5111, #5620, #492, #4611 ),
 ( #5336, #2194, #2841, #4903, #721, #3220, #3248, #4870, #6346, #252, #5275, #2807, #5873, #1254, #3315, #5374, #758, #3820, #2294, #3724, #1722, #5303, #4367, #1159, #2736, #4838, #153, #4261, #1689, #5782, #6411, #686, #4335, #4803, #6308, #1791, #219, #187, #657, #2705, #3761, #2231, #5815, #289, #4301, #3788, #3860, #4769, #2329, #1190, #5841, #5912, #1290, #3349, #1755, #1218, #5406, #790, #4404, #3278, #2773, #2261, #6379, #6448, #4460, #350, #3414, #4430, #1321, #4500, #324, #3955, #3919 ),
 ( #2938, #825, #2433, #6510, #3988, #1960, #2364, #1892, #2393, #890, #1388, #923, #1824, #5940, #5478, #2468, #2877, #1354, #5038, #424, #6039, #1855, #5506, #6477, #6549, #4535, #862, #3445, #5538, #2908, #6579, #4020, #5971, #4999, #6008, #4969, #385, #1930, #1420, #4942, #3477, #3892, #3379, #2976, #5439, #1710, #3265, #210, #5862, #1778, #1243, #2251, #3239, #4860, #3781, #6436, #4289, #5833, #6469, #4323, #3845, #4790, #6368, #2217, #5931, #5900, #1744, #6335, #1281, #1209, #2829, #749, #4392 ),
 ( #3301, #3339, #4356, #3369, #5294, #675, #3808, #4929, #5323, #4829, #812, #2865, #1816, #708, #5397, #2759, #4891, #314, #5363, #6398, #1312, #2798, #780, #276, #241, #2283, #2317, #2355, #3883, #5428, #4423, #1845, #3911, #1182, #2725, #175, #2422, #3007, #1482, #1920, #108, #3200, #5187, #5258, #3571, #2049, #5632, #1045, #2791, #1670, #4348, #1307, #3366, #5423, #3741, #2178, #5287, #3017, #5074, #453, #2499, #5581, #4567, #5480, #1423, #389, #1997, #2911, #4504, #6581, #1894, #3959, #3447 ) ),
 .UNSPECIFIED., .F., .F., .F. ) 
 B_SPLINE_SURFACE_WITH_KNOTS ( ( 4, 4 ),
 ( 3, 2, 2, 2, 2, 2, 2, 2, 2, 2, 2, 2, 2, 2, 2, 2, 2, 2, 2, 2, 2, 2, 2, 2, 2, 2, 2, 2, 2, 2, 2, 2, 2, 2, 2, 2, 3 ),
 ( 0.000000000000000000, 0.5000000000000000000 ),
 ( 0.000000000000000000, 0.02777777777777780052, 0.05555555555555560104, 0.08333333333333330095, 0.1111111111111110078, 0.1388888888888890061, 0.1666666666666665186, 0.1944444444444445030, 0.2222222222222219878, 0.2500000000000000000, 0.2777777777777780122, 0.3055555555555554692, 0.3333333333333335369, 0.3611111111111109939, 0.3888888888888890061, 0.4166666666666665186, 0.4444444444444444753, 0.4722222222222220434, 0.5000000000000000000, 0.5277777777777779011, 0.5555555555555560243, 0.5833333333333330373, 0.6111111111111110494, 0.6388888888888889506, 0.6666666666666670737, 0.6944444444444440867, 0.7222222222222219878, 0.7500000000000000000, 0.7777777777777779011, 0.8055555555555560243, 0.8333333333333330373, 0.8611111111111110494, 0.8888888888888889506, 0.9166666666666670737, 0.9444444444444440867, 0.9722222222222219878, 1.000000000000000000 ),
 .UNSPECIFIED. ) 
 GEOMETRIC_REPRESENTATION_ITEM ( )  RATIONAL_B_SPLINE_SURFACE ( (
 ( 1.000000000000000000, 0.8660254037844389297, 1.000000000000000000, 0.8660254037844389297, 1.000000000000000000, 0.8660254037844389297, 1.000000000000000000, 0.8660254037844389297, 1.000000000000000000, 0.8660254037844389297, 1.000000000000000000, 0.8660254037844389297, 1.000000000000000000, 0.8660254037844389297, 1.000000000000000000, 0.8660254037844389297, 1.000000000000000000, 0.8660254037844389297, 1.000000000000000000, 0.8660254037844389297, 1.000000000000000000, 0.8660254037844389297, 1.000000000000000000, 0.8660254037844389297, 1.000000000000000000, 0.8660254037844389297, 1.000000000000000000, 0.8660254037844389297, 1.000000000000000000, 0.8660254037844389297, 1.000000000000000000, 0.8660254037844389297, 1.000000000000000000, 0.8660254037844389297, 1.000000000000000000, 0.8660254037844389297, 1.000000000000000000, 0.8660254037844389297, 1.000000000000000000, 0.8660254037844389297, 1.000000000000000000, 0.8660254037844389297, 1.000000000000000000, 0.8660254037844389297, 1.000000000000000000, 0.8660254037844389297, 1.000000000000000000, 0.8660254037844389297, 1.000000000000000000, 0.8660254037844389297, 1.000000000000000000, 0.8660254037844389297, 1.000000000000000000, 0.8660254037844389297, 1.000000000000000000, 0.8660254037844389297, 1.000000000000000000, 0.8660254037844389297, 1.000000000000000000, 0.8660254037844389297, 1.000000000000000000, 0.8660254037844389297, 1.000000000000000000, 0.8660254037844389297, 1.000000000000000000, 0.8660254037844389297, 1.000000000000000000, 0.8660254037844389297, 1.000000000000000000, 0.8660254037844389297, 1.000000000000000000, 0.8660254037844389297, 1.000000000000000000),
 ( 0.3333333333333335369, 0.2886751345948129766, 0.3333333333333335369, 0.2886751345948129766, 0.3333333333333335369, 0.2886751345948129766, 0.3333333333333335369, 0.2886751345948129766, 0.3333333333333335369, 0.2886751345948129766, 0.3333333333333335369, 0.2886751345948129766, 0.3333333333333335369, 0.2886751345948129766, 0.3333333333333335369, 0.2886751345948129766, 0.3333333333333335369, 0.2886751345948129766, 0.3333333333333335369, 0.2886751345948129766, 0.3333333333333335369, 0.2886751345948129766, 0.3333333333333335369, 0.2886751345948129766, 0.3333333333333335369, 0.2886751345948129766, 0.3333333333333335369, 0.2886751345948129766, 0.3333333333333335369, 0.2886751345948129766, 0.3333333333333335369, 0.2886751345948129766, 0.3333333333333335369, 0.2886751345948129766, 0.3333333333333335369, 0.2886751345948129766, 0.3333333333333335369, 0.2886751345948129766, 0.3333333333333335369, 0.2886751345948129766, 0.3333333333333335369, 0.2886751345948129766, 0.3333333333333335369, 0.2886751345948129766, 0.3333333333333335369, 0.2886751345948129766, 0.3333333333333335369, 0.2886751345948129766, 0.3333333333333335369, 0.2886751345948129766, 0.3333333333333335369, 0.2886751345948129766, 0.3333333333333335369, 0.2886751345948129766, 0.3333333333333335369, 0.2886751345948129766, 0.3333333333333335369, 0.2886751345948129766, 0.3333333333333335369, 0.2886751345948129766, 0.3333333333333335369, 0.2886751345948129766, 0.3333333333333335369, 0.2886751345948129766, 0.3333333333333335369, 0.2886751345948129766, 0.3333333333333335369, 0.2886751345948129766, 0.3333333333333335369, 0.2886751345948129766, 0.3333333333333335369, 0.2886751345948129766, 0.3333333333333335369),
 ( 0.3333333333333335369, 0.2886751345948129766, 0.3333333333333335369, 0.2886751345948129766, 0.3333333333333335369, 0.2886751345948129766, 0.3333333333333335369, 0.2886751345948129766, 0.3333333333333335369, 0.2886751345948129766, 0.3333333333333335369, 0.2886751345948129766, 0.3333333333333335369, 0.2886751345948129766, 0.3333333333333335369, 0.2886751345948129766, 0.3333333333333335369, 0.2886751345948129766, 0.3333333333333335369, 0.2886751345948129766, 0.3333333333333335369, 0.2886751345948129766, 0.3333333333333335369, 0.2886751345948129766, 0.3333333333333335369, 0.2886751345948129766, 0.3333333333333335369, 0.2886751345948129766, 0.3333333333333335369, 0.2886751345948129766, 0.3333333333333335369, 0.2886751345948129766, 0.3333333333333335369, 0.2886751345948129766, 0.3333333333333335369, 0.2886751345948129766, 0.3333333333333335369, 0.2886751345948129766, 0.3333333333333335369, 0.2886751345948129766, 0.3333333333333335369, 0.2886751345948129766, 0.3333333333333335369, 0.2886751345948129766, 0.3333333333333335369, 0.2886751345948129766, 0.3333333333333335369, 0.2886751345948129766, 0.3333333333333335369, 0.2886751345948129766, 0.3333333333333335369, 0.2886751345948129766, 0.3333333333333335369, 0.2886751345948129766, 0.3333333333333335369, 0.2886751345948129766, 0.3333333333333335369, 0.2886751345948129766, 0.3333333333333335369, 0.2886751345948129766, 0.3333333333333335369, 0.2886751345948129766, 0.3333333333333335369, 0.2886751345948129766, 0.3333333333333335369, 0.2886751345948129766, 0.3333333333333335369, 0.2886751345948129766, 0.3333333333333335369, 0.2886751345948129766, 0.3333333333333335369, 0.2886751345948129766, 0.3333333333333335369),
 ( 1.000000000000000000, 0.8660254037844389297, 1.000000000000000000, 0.8660254037844389297, 1.000000000000000000, 0.8660254037844389297, 1.000000000000000000, 0.8660254037844389297, 1.000000000000000000, 0.8660254037844389297, 1.000000000000000000, 0.8660254037844389297, 1.000000000000000000, 0.8660254037844389297, 1.000000000000000000, 0.8660254037844389297, 1.000000000000000000, 0.8660254037844389297, 1.000000000000000000, 0.8660254037844389297, 1.000000000000000000, 0.8660254037844389297, 1.000000000000000000, 0.8660254037844389297, 1.000000000000000000, 0.8660254037844389297, 1.000000000000000000, 0.8660254037844389297, 1.000000000000000000, 0.8660254037844389297, 1.000000000000000000, 0.8660254037844389297, 1.000000000000000000, 0.8660254037844389297, 1.000000000000000000, 0.8660254037844389297, 1.000000000000000000, 0.8660254037844389297, 1.000000000000000000, 0.8660254037844389297, 1.000000000000000000, 0.8660254037844389297, 1.000000000000000000, 0.8660254037844389297, 1.000000000000000000, 0.8660254037844389297, 1.000000000000000000, 0.8660254037844389297, 1.000000000000000000, 0.8660254037844389297, 1.000000000000000000, 0.8660254037844389297, 1.000000000000000000, 0.8660254037844389297, 1.000000000000000000, 0.8660254037844389297, 1.000000000000000000, 0.8660254037844389297, 1.000000000000000000, 0.8660254037844389297, 1.000000000000000000, 0.8660254037844389297, 1.000000000000000000, 0.8660254037844389297, 1.000000000000000000, 0.8660254037844389297, 1.000000000000000000, 0.8660254037844389297, 1.000000000000000000, 0.8660254037844389297, 1.000000000000000000, 0.8660254037844389297, 1.000000000000000000) ) ) 
 REPRESENTATION_ITEM ( '' )  SURFACE ( )  );
#54 = EDGE_LOOP ( 'NONE', ( #1426, #968, #2578, #6365 ) ) ;
#55 = CARTESIAN_POINT ( 'NONE',  ( -0.05770551363031868608, 0.2408161161973456921, 0.03201161803921569182 ) ) ;
#56 = AXIS2_PLACEMENT_3D ( 'NONE', #5898, #2315, #1279 ) ;
#57 = LINE ( 'NONE', #2582, #5901 ) ;
#58 = DIRECTION ( 'NONE',  ( -4.100000000000000200E-14, 4.626037607347360073E-13, -1.000000000000000000 ) ) ;
#59 = DIRECTION ( 'NONE',  ( 2.065531208604895267E-14, 3.491481338843134933E-15, 1.000000000000000000 ) ) ;
#60 = ORIENTED_EDGE ( 'NONE', *, *, #2921, .F. ) ;
#61 = CIRCLE ( 'NONE', #1769, 0.04282706631352100474 ) ;
#62 = FACE_OUTER_BOUND ( 'NONE', #3782, .T. ) ;
#63 = ORIENTED_EDGE ( 'NONE', *, *, #4351, .F. ) ;
#64 = DIRECTION ( 'NONE',  ( -1.000000000000000000, 0.000000000000000000, 0.000000000000000000 ) ) ;
#65 = EDGE_CURVE ( 'NONE', #31, #45, #2589, .T. ) ;
#66 = ORIENTED_EDGE ( 'NONE', *, *, #145, .T. ) ;
#67 = CARTESIAN_POINT ( 'NONE',  ( 0.2558998944131157249, 0.1574803149606765762, 0.1298980065638159487 ) ) ;
#68 = VECTOR ( 'NONE', #6241, 39.37007874015748143 ) ;
#69 = CARTESIAN_POINT ( 'NONE',  ( -0.08465128668926241717, 0.1614173228346527933, -0.01970829265484606505 ) ) ;
#70 = ADVANCED_FACE ( 'NONE', ( #4275 ), #1701, .F. ) ;
#71 = VERTEX_POINT ( 'NONE', #2075 ) ;
#72 = EDGE_CURVE ( 'NONE', #3169, #1925, #3799, .T. ) ;
#73 = VERTEX_POINT ( 'NONE', #5419 ) ;
#74 = LINE ( 'NONE', #5291, #6394 ) ;
#75 = VECTOR ( 'NONE', #4135, 39.37007874015748143 ) ;
#76 = CARTESIAN_POINT ( 'NONE',  ( 0.2558998944129232123, 0.1574803149606759933, -0.04333033989894229110 ) ) ;
#77 = VERTEX_POINT ( 'NONE', #3835 ) ;
#78 = CARTESIAN_POINT ( 'NONE',  ( 0.2986680109518988213, 0.1771653543307547263, -0.07651371076763781309 ) ) ;
#79 = VECTOR ( 'NONE', #6341, 39.37007874015748143 ) ;
#80 = ADVANCED_FACE ( 'NONE', ( #6426 ), #231, .F. ) ;
#81 = VECTOR ( 'NONE', #2961, 39.37007874015748143 ) ;
#82 = CARTESIAN_POINT ( 'NONE',  ( -0.04684073462573252328, 0.2109604731527260635, 0.04783323478122972205 ) ) ;
#83 = VERTEX_POINT ( 'NONE', #6358 ) ;
#84 = LINE ( 'NONE', #1618, #5467 ) ;
#85 = AXIS2_PLACEMENT_3D ( 'NONE', #3985, #2972, #3506 ) ;
#86 = LINE ( 'NONE', #1647, #6089 ) ;
#87 = VECTOR ( 'NONE', #3214, 39.37007874015748143 ) ;
#88 = VERTEX_POINT ( 'NONE', #336 ) ;
#89 = CARTESIAN_POINT ( 'NONE',  ( 0.0003002344596201086545, 0.2424565361448523526, 0.04484619628383316320 ) ) ;
#90 = EDGE_CURVE ( 'NONE', #4768, #4520, #1733, .T. ) ;
#91 = CARTESIAN_POINT ( 'NONE',  ( 0.0003002344596201086545, 0.2148974810267421376, 0.04484619628383322565 ) ) ;
#92 = ORIENTED_EDGE ( 'NONE', *, *, #4306, .T. ) ;
#93 = VECTOR ( 'NONE', #5979, 39.37007874015748143 ) ;
#94 = CARTESIAN_POINT ( 'NONE',  ( -0.04398554573455393940, 0.2155536490057448906, 0.02288724045285602665 ) ) ;
#95 = AXIS2_PLACEMENT_3D ( 'NONE', #5835, #3307, #3812 ) ;
#96 =( NAMED_UNIT ( * ) PLANE_ANGLE_UNIT ( ) SI_UNIT ( $, .RADIAN. ) );
#97 = FACE_OUTER_BOUND ( 'NONE', #3098, .T. ) ;
#98 = DIRECTION ( 'NONE',  ( -1.000000000000000000, 1.431507348925683827E-28, 4.100000000000000200E-14 ) ) ;
#99 = VERTEX_POINT ( 'NONE', #2854 ) ;
#100 = AXIS2_PLACEMENT_3D ( 'NONE', #5875, #4303, #1757 ) ;
#101 = STYLED_ITEM ( 'NONE', ( #1828 ), #4924 ) ;
#102 = DIRECTION ( 'NONE',  ( 0.000000000000000000, -1.000000000000000000, 3.491481338843134933E-15 ) ) ;
#103 = CARTESIAN_POINT ( 'NONE',  ( 0.03345894953121039683, 0.3425196850393791292, -0.01380278084381933272 ) ) ;
#104 = EDGE_LOOP ( 'NONE', ( #4575, #789, #2523, #6247 ) ) ;
#105 = CARTESIAN_POINT ( 'NONE',  ( -0.1098848266152797348, 0.2670760262973720933, 0.1043074553766754065 ) ) ;
#106 = ORIENTED_EDGE ( 'NONE', *, *, #1875, .T. ) ;
#107 = DIRECTION ( 'NONE',  ( 2.065531208604895267E-14, 3.491481338843134933E-15, 1.000000000000000000 ) ) ;
#108 = CARTESIAN_POINT ( 'NONE',  ( -0.05666355479469196987, 0.1735588983495767734, 0.04845564756923504551 ) ) ;
#109 = EDGE_CURVE ( 'NONE', #1082, #1496, #5387, .T. ) ;
#110 = DIRECTION ( 'NONE',  ( 0.000000000000000000, -1.000000000000000000, 3.491481338843134933E-15 ) ) ;
#111 = VERTEX_POINT ( 'NONE', #4917 ) ;
#112 = ORIENTED_EDGE ( 'NONE', *, *, #4103, .T. ) ;
#113 = CARTESIAN_POINT ( 'NONE',  ( -0.08465128668926202860, 0.1751968503936714439, -0.01380278084381876026 ) ) ;
#114 = EDGE_LOOP ( 'NONE', ( #3729, #5647, #5906, #5735 ) ) ;
#115 = FACE_BOUND ( 'NONE', #5559, .T. ) ;
#116 = EDGE_CURVE ( 'NONE', #6038, #6595, #856, .T. ) ;
#117 = CARTESIAN_POINT ( 'NONE',  ( -0.02609774249628226198, 0.2040707093731990440, 0.07953898098657269378 ) ) ;
#118 = ORIENTED_EDGE ( 'NONE', *, *, #116, .T. ) ;
#119 = LINE ( 'NONE', #4634, #1049 ) ;
#120 = CARTESIAN_POINT ( 'NONE',  ( 0.007868398350059016902, 1.161035397307311128E-15, 0.05115784907748141541 ) ) ;
#121 = ORIENTED_EDGE ( 'NONE', *, *, #2864, .F. ) ;
#122 = DIRECTION ( 'NONE',  ( -1.000000000000000000, 3.200000000000000249E-14, 2.099999999999999887E-14 ) ) ;
#123 = CARTESIAN_POINT ( 'NONE',  ( -0.1932060945040063038, 0.03937007874020354709, -0.04726734777295716478 ) ) ;
#124 = CARTESIAN_POINT ( 'NONE',  ( -0.04615812598080749896, 0.1161442001868471380, 0.05860605644249948509 ) ) ;
#125 = ORIENTED_EDGE ( 'NONE', *, *, #3264, .F. ) ;
#126 = CARTESIAN_POINT ( 'NONE',  ( -0.01237777460051775469, 0.2017741214466897692, 0.07041460340021239717 ) ) ;
#127 = DIRECTION ( 'NONE',  ( 2.899137802865913616E-14, -0.7071067811862835617, 0.7071067811868115838 ) ) ;
#128 = DIRECTION ( 'NONE',  ( 2.100000000000010931E-14, 3.491481338843135722E-15, 1.000000000000000000 ) ) ;
#129 = EDGE_CURVE ( 'NONE', #6007, #5697, #4920, .T. ) ;
#130 = DIRECTION ( 'NONE',  ( -2.065531208604895267E-14, -3.491481338843134933E-15, -1.000000000000000000 ) ) ;
#131 = DIRECTION ( 'NONE',  ( 1.000000000000000000, -1.431507348925684052E-28, -4.100000000000000200E-14 ) ) ;
#132 = ORIENTED_EDGE ( 'NONE', *, *, #845, .T. ) ;
#133 = CARTESIAN_POINT ( 'NONE',  ( 0.1141676109484856261, 0.03937007874017385556, 0.03540981758141606428 ) ) ;
#134 = CARTESIAN_POINT ( 'NONE',  ( -0.07166239195091358982, 0.3543307086614255752, 0.1043074553766574902 ) ) ;
#135 = ORIENTED_EDGE ( 'NONE', *, *, #1096, .T. ) ;
#136 = DIRECTION ( 'NONE',  ( -4.131062417209784855E-14, -3.491481338843134933E-15, -1.000000000000000000 ) ) ;
#137 = DIRECTION ( 'NONE',  ( 2.065531208604895267E-14, 3.491481338843134933E-15, 1.000000000000000000 ) ) ;
#138 = CARTESIAN_POINT ( 'NONE',  ( -0.01401939056108515713, 0.03937007874020338749, -0.07088939501700984580 ) ) ;
#139 = DIRECTION ( 'NONE',  ( 2.099999999999999887E-14, 3.491481338843134933E-15, 1.000000000000000000 ) ) ;
#140 = ORIENTED_EDGE ( 'NONE', *, *, #1432, .T. ) ;
#141 = DIRECTION ( 'NONE',  ( 0.000000000000000000, -1.000000000000000000, 3.491481338843134933E-15 ) ) ;
#142 = EDGE_CURVE ( 'NONE', #6373, #3206, #3292, .T. ) ;
#143 = ORIENTED_EDGE ( 'NONE', *, *, #65, .T. ) ;
#144 = LINE ( 'NONE', #5164, #723 ) ;
#145 = EDGE_CURVE ( 'NONE', #2568, #1007, #4417, .T. ) ;
#146 = CARTESIAN_POINT ( 'NONE',  ( 0.009060520035959390706, 0.3425196850393807391, 0.3798980065577472476 ) ) ;
#147 = FACE_OUTER_BOUND ( 'NONE', #737, .T. ) ;
#148 = ORIENTED_EDGE ( 'NONE', *, *, #4515, .F. ) ;
#149 = LINE ( 'NONE', #1650, #2551 ) ;
#150 = CARTESIAN_POINT ( 'NONE',  ( -0.04752334327065738107, 0.1207373760398653406, 0.03706041311996093046 ) ) ;
#151 = EDGE_CURVE ( 'NONE', #2072, #5602, #2820, .T. ) ;
#152 = ORIENTED_EDGE ( 'NONE', *, *, #6474, .F. ) ;
#153 = CARTESIAN_POINT ( 'NONE',  ( -0.04523205402610042808, 0.1512491870634878055, 0.08103734724004130197 ) ) ;
#154 = AXIS2_PLACEMENT_3D ( 'NONE', #658, #4669, #4231 ) ;
#155 = DIRECTION ( 'NONE',  ( -3.200000000000000249E-14, -1.000000000000000000, 3.491481338843134933E-15 ) ) ;
#156 = DIRECTION ( 'NONE',  ( -1.000000000000000000, 0.000000000000000000, 0.000000000000000000 ) ) ;
#157 = PLANE ( 'NONE',  #610 ) ;
#158 = VERTEX_POINT ( 'NONE', #771 ) ;
#159 = LINE ( 'NONE', #1263, #731 ) ;
#160 = CARTESIAN_POINT ( 'NONE',  ( -0.1974533285108968639, 0.1771653543307547263, -0.03368633418161787185 ) ) ;
#161 = CARTESIAN_POINT ( 'NONE',  ( 0.2925759952178397794, 0.1999753174074629936, 0.1338350144317685120 ) ) ;
#162 = VERTEX_POINT ( 'NONE', #698 ) ;
#163 = DIRECTION ( 'NONE',  ( -2.065531208604895267E-14, -3.491481338843134933E-15, -1.000000000000000000 ) ) ;
#164 = DIRECTION ( 'NONE',  ( -1.000000000000000000, 3.221629312528710885E-14, 2.106449935114926299E-14 ) ) ;
#165 = ADVANCED_FACE ( 'NONE', ( #2376 ), #2244, .F. ) ;
#166 = LINE ( 'NONE', #2618, #277 ) ;
#167 = VECTOR ( 'NONE', #4918, 39.37007874015748143 ) ;
#168 = CARTESIAN_POINT ( 'NONE',  ( -0.1877464901706461242, 0.1959568368186767329, -0.04152755507839304971 ) ) ;
#169 = VECTOR ( 'NONE', #2535, 39.37007874015748143 ) ;
#170 = ORIENTED_EDGE ( 'NONE', *, *, #1542, .T. ) ;
#171 = CARTESIAN_POINT ( 'NONE',  ( 0.1237758850294596452, -0.02952749408851901639, 0.1574570616759005948 ) ) ;
#172 = VERTEX_POINT ( 'NONE', #3257 ) ;
#173 = DIRECTION ( 'NONE',  ( 0.000000000000000000, 1.000000000000000000, -3.491481338843134933E-15 ) ) ;
#174 = VECTOR ( 'NONE', #617, 39.37007874015748143 ) ;
#175 = CARTESIAN_POINT ( 'NONE',  ( 0.001342193295246887907, 0.1620759587170309268, 0.06129022581385256546 ) ) ;
#176 = ORIENTED_EDGE ( 'NONE', *, *, #6202, .T. ) ;
#177 = VECTOR ( 'NONE', #1228, 39.37007874015748143 ) ;
#178 = FACE_BOUND ( 'NONE', #3374, .T. ) ;
#179 = ORIENTED_EDGE ( 'NONE', *, *, #2280, .F. ) ;
#180 = DIRECTION ( 'NONE',  ( 0.000000000000000000, 3.491481338843135327E-15, 1.000000000000000000 ) ) ;
#181 = EDGE_LOOP ( 'NONE', ( #5692, #4110, #5068, #5983 ) ) ;
#182 = CARTESIAN_POINT ( 'NONE',  ( -0.1220528614924594468, 0.03937007874016299619, 0.03540981758142102559 ) ) ;
#183 = AXIS2_PLACEMENT_3D ( 'NONE', #262, #4379, #2818 ) ;
#184 = EDGE_CURVE ( 'NONE', #3510, #2726, #2750, .T. ) ;
#185 = CARTESIAN_POINT ( 'NONE',  ( -0.008839977064414398025, 0.1620759587170307325, 0.05624143073310793051 ) ) ;
#186 = EDGE_LOOP ( 'NONE', ( #317, #1660, #483, #2057 ) ) ;
#187 = CARTESIAN_POINT ( 'NONE',  ( -0.02537904211487844452, 0.1765116542550886070, 0.09088139672407274938 ) ) ;
#188 = VECTOR ( 'NONE', #1385, 39.37007874015748143 ) ;
#189 = VECTOR ( 'NONE', #3872, 39.37007874015748143 ) ;
#190 = LINE ( 'NONE', #2882, #3180 ) ;
#191 = CARTESIAN_POINT ( 'NONE',  ( -0.1003993181853708727, 0.03937007874016110187, 0.1417090301798458740 ) ) ;
#192 = EDGE_CURVE ( 'NONE', #512, #5145, #4444, .T. ) ;
#193 = ORIENTED_EDGE ( 'NONE', *, *, #2291, .F. ) ;
#194 = DIRECTION ( 'NONE',  ( -1.000000000000000000, 2.981786901872154867E-28, 8.540177112503599090E-14 ) ) ;
#195 = LINE ( 'NONE', #2240, #6215 ) ;
#196 = VECTOR ( 'NONE', #1765, 39.37007874015748143 ) ;
#197 = ADVANCED_FACE ( 'NONE', ( #265 ), #2306, .F. ) ;
#198 = FACE_OUTER_BOUND ( 'NONE', #2963, .T. ) ;
#199 = ORIENTED_EDGE ( 'NONE', *, *, #1120, .T. ) ;
#200 = PLANE ( 'NONE',  #717 ) ;
#201 = CARTESIAN_POINT ( 'NONE',  ( 0.01070125054417460538, 0.2677165354330799385, 0.06887438451051122734 ) ) ;
#202 = VECTOR ( 'NONE', #5442, 39.37007874015748143 ) ;
#203 = DIRECTION ( 'NONE',  ( -1.000000000000000000, 1.844397018056374818E-16, 4.721656366220100076E-14 ) ) ;
#204 = DIRECTION ( 'NONE',  ( 0.000000000000000000, 1.000000000000000000, -3.491481338843134933E-15 ) ) ;
#205 = VECTOR ( 'NONE', #267, 39.37007874015748143 ) ;
#206 = FILL_AREA_STYLE_COLOUR ( '', #399 ) ;
#207 = ORIENTED_EDGE ( 'NONE', *, *, #4115, .T. ) ;
#208 = EDGE_CURVE ( 'NONE', #5697, #3384, #3874, .T. ) ;
#209 = VERTEX_POINT ( 'NONE', #4345 ) ;
#210 = CARTESIAN_POINT ( 'NONE',  ( 0.01152436365490823456, 0.1896350138351411696, 0.06633902089459743634 ) ) ;
#211 = DIRECTION ( 'NONE',  ( 1.000000000000000000, -1.442352733928416201E-28, -4.131062417209784855E-14 ) ) ;
#212 = VERTEX_POINT ( 'NONE', #2788 ) ;
#213 = DIRECTION ( 'NONE',  ( -4.100000000000000200E-14, -3.491481338843134933E-15, -1.000000000000000000 ) ) ;
#214 = ORIENTED_EDGE ( 'NONE', *, *, #5518, .F. ) ;
#215 = LINE ( 'NONE', #786, #5364 ) ;
#216 = ORIENTED_EDGE ( 'NONE', *, *, #2666, .T. ) ;
#217 = CARTESIAN_POINT ( 'NONE',  ( -0.01782820997105006786, 0.08169538128920936226, 0.06221899799109091578 ) ) ;
#218 = VERTEX_POINT ( 'NONE', #1941 ) ;
#219 = CARTESIAN_POINT ( 'NONE',  ( -0.006927339229985205599, 0.1742150663285795820, 0.07861020880933497490 ) ) ;
#220 = CARTESIAN_POINT ( 'NONE',  ( -0.2182525716154196660, 0.1999753174074625772, -0.04726734777291842493 ) ) ;
#221 = CARTESIAN_POINT ( 'NONE',  ( 0.2440888707910039424, 1.242990837117240149E-14, 0.1535200538018860195 ) ) ;
#222 = ADVANCED_FACE ( 'NONE', ( #4546 ), #5013, .T. ) ;
#223 = ORIENTED_EDGE ( 'NONE', *, *, #4146, .F. ) ;
#224 = CARTESIAN_POINT ( 'NONE',  ( -0.06007137677966673667, 0.4127664319153228067, 0.1043074553766572821 ) ) ;
#225 = CARTESIAN_POINT ( 'NONE',  ( -0.1594544362955578887, 0.1259842519685110407, 0.06887438451052933786 ) ) ;
#226 = DIRECTION ( 'NONE',  ( 1.000000000000000000, -3.200000000000000249E-14, -2.099999999999999887E-14 ) ) ;
#227 = VERTEX_POINT ( 'NONE', #400 ) ;
#228 = FACE_OUTER_BOUND ( 'NONE', #4560, .T. ) ;
#229 = ORIENTED_EDGE ( 'NONE', *, *, #6202, .F. ) ;
#230 = ADVANCED_FACE ( 'NONE', ( #5622 ), #5986, .T. ) ;
#231 = PLANE ( 'NONE',  #4129 ) ;
#232 = PLANE ( 'NONE',  #3069 ) ;
#233 = DIRECTION ( 'NONE',  ( 1.000000000000000000, 0.000000000000000000, -4.100255488672848136E-14 ) ) ;
#234 = EDGE_CURVE ( 'NONE', #5370, #5096, #6049, .T. ) ;
#235 = CARTESIAN_POINT ( 'NONE',  ( -0.1771868510961634169, 0.1874842158255950186, -0.05808366358774934290 ) ) ;
#236 = CARTESIAN_POINT ( 'NONE',  ( -0.0007417243760064197141, 0.2224434127852721876, 0.02840216675381444442 ) ) ;
#237 = EDGE_CURVE ( 'NONE', #2755, #1988, #5490, .T. ) ;
#238 = EDGE_LOOP ( 'NONE', ( #41, #6401, #1016, #5076, #261, #4549 ) ) ;
#239 = DIRECTION ( 'NONE',  ( -1.000000000000000000, 3.200000000000000249E-14, 2.099999999999999887E-14 ) ) ;
#240 = EDGE_LOOP ( 'NONE', ( #5163, #818, #4030, #3040 ) ) ;
#241 = CARTESIAN_POINT ( 'NONE',  ( -0.01237777460051775469, 0.1368134915254301531, 0.07041460340021260533 ) ) ;
#242 = VERTEX_POINT ( 'NONE', #2510 ) ;
#243 = ADVANCED_FACE ( 'NONE', ( #5554 ), #903, .F. ) ;
#244 = DIRECTION ( 'NONE',  ( 2.793421535665029918E-16, 1.000000000000000000, -3.491481338842465190E-15 ) ) ;
#245 = ORIENTED_EDGE ( 'NONE', *, *, #1347, .T. ) ;
#246 = EDGE_CURVE ( 'NONE', #906, #2884, #6591, .T. ) ;
#247 = LINE ( 'NONE', #1285, #3198 ) ;
#248 = ORIENTED_EDGE ( 'NONE', *, *, #1652, .F. ) ;
#249 = CARTESIAN_POINT ( 'NONE',  ( -0.03648728442924677184, 0.1965247776146686609, 0.06340131084578595755 ) ) ;
#250 = EDGE_LOOP ( 'NONE', ( #2150, #6171, #3538, #5516, #5037, #1359 ) ) ;
#251 = EDGE_CURVE ( 'NONE', #3510, #6578, #436, .T. ) ;
#252 = CARTESIAN_POINT ( 'NONE',  ( 0.008721745602250967344, 0.1122071923128312998, 0.02210854609705947826 ) ) ;
#253 = PLANE ( 'NONE',  #5540 ) ;
#254 = DIRECTION ( 'NONE',  ( -4.131062417209784855E-14, 3.491481338843134933E-15, 1.000000000000000000 ) ) ;
#255 = CARTESIAN_POINT ( 'NONE',  ( -0.08465128668925731015, 0.1751968503937112731, 0.1043074553766582813 ) ) ;
#256 = LINE ( 'NONE', #4974, #2351 ) ;
#257 = VERTEX_POINT ( 'NONE', #6560 ) ;
#258 = CARTESIAN_POINT ( 'NONE',  ( -0.06003881502189409997, 0.3425196850393791292, -0.01380278084381933272 ) ) ;
#259 = CARTESIAN_POINT ( 'NONE',  ( 0.2675295181064263894, 0.03937007874020354709, -0.04726734777295716478 ) ) ;
#260 = CARTESIAN_POINT ( 'NONE',  ( 0.2510447480242197216, 0.1890777094259441515, -0.06721367508615543052 ) ) ;
#261 = ORIENTED_EDGE ( 'NONE', *, *, #3044, .F. ) ;
#262 = CARTESIAN_POINT ( 'NONE',  ( -0.1932060945040063038, 0.03937007874020354709, -0.04726734777295716478 ) ) ;
#263 = CLOSED_SHELL ( 'NONE', ( #4216, #4075, #230, #5801, #2157, #2708, #2175, #4893, #4793, #1846, #1946, #3076, #2285, #2690, #3608, #6258, #4267, #5227, #1746, #1612, #5334, #6005, #1454, #1091, #2048, #473, #1917, #5586, #6400, #2591, #977, #375, #1466, #3238, #3871, #1058, #3618, #80, #3411, #6645, #4780, #6459, #4359, #4888, #1436, #3730, #5864, #5188, #778, #4986, #4278, #3652, #1009, #321, #5208, #275, #510, #1462, #1575, #6391, #5395, #5496, #2796, #589, #775, #3520, #6267, #2826, #335, #6610, #481, #1172, #1381, #5311, #1232, #222, #6236, #4532, #6658, #5135, #5422, #4192 ) ) ;
#264 = ORIENTED_EDGE ( 'NONE', *, *, #5009, .T. ) ;
#265 = FACE_OUTER_BOUND ( 'NONE', #429, .T. ) ;
#266 = LINE ( 'NONE', #3836, #1990 ) ;
#267 = DIRECTION ( 'NONE',  ( -1.000000000000000000, 1.431507348925684052E-28, 4.100000000000000200E-14 ) ) ;
#268 = AXIS2_PLACEMENT_3D ( 'NONE', #3458, #1502, #5519 ) ;
#269 = CARTESIAN_POINT ( 'NONE',  ( -0.02559616857902342543, 0.1259842519685108464, 0.04525233726641984117 ) ) ;
#270 = FACE_BOUND ( 'NONE', #3464, .T. ) ;
#271 = ADVANCED_FACE ( 'NONE', ( #2922 ), #937, .T. ) ;
#272 = AXIS2_PLACEMENT_3D ( 'NONE', #5580, #3989, #3016 ) ;
#273 = ORIENTED_EDGE ( 'NONE', *, *, #3264, .T. ) ;
#274 = CARTESIAN_POINT ( 'NONE',  ( -0.2182525716154196660, 0.1999753174074633544, 0.1574570616758997899 ) ) ;
#275 = ADVANCED_FACE ( 'NONE', ( #493 ), #3527, .F. ) ;
#276 = CARTESIAN_POINT ( 'NONE',  ( 0.001342193295246887907, 0.1345169035989208228, 0.06129022581385275975 ) ) ;
#277 = VECTOR ( 'NONE', #699, 39.37007874015748143 ) ;
#278 = EDGE_CURVE ( 'NONE', #6007, #4248, #5053, .T. ) ;
#279 = ORIENTED_EDGE ( 'NONE', *, *, #2077, .T. ) ;
#280 = VECTOR ( 'NONE', #3763, 39.37007874015748143 ) ;
#281 = LINE ( 'NONE', #678, #2762 ) ;
#282 = ORIENTED_EDGE ( 'NONE', *, *, #2035, .F. ) ;
#283 = DIRECTION ( 'NONE',  ( 0.000000000000000000, -1.000000000000000000, 3.491481338843134933E-15 ) ) ;
#284 = ORIENTED_EDGE ( 'NONE', *, *, #3686, .F. ) ;
#285 = EDGE_CURVE ( 'NONE', #1523, #6118, #5668, .T. ) ;
#286 = VECTOR ( 'NONE', #1619, 39.37007874015748143 ) ;
#287 = CARTESIAN_POINT ( 'NONE',  ( -0.02954687745738516017, 0.1351730715779230763, 0.02510527860399687505 ) ) ;
#288 = ORIENTED_EDGE ( 'NONE', *, *, #5606, .T. ) ;
#289 = CARTESIAN_POINT ( 'NONE',  ( -0.03098427822019291997, 0.1902911818141436173, 0.002420447128996349243 ) ) ;
#290 = FACE_OUTER_BOUND ( 'NONE', #2556, .T. ) ;
#291 = CYLINDRICAL_SURFACE ( 'NONE', #315, 0.05510791045490172346 ) ;
#292 = FACE_OUTER_BOUND ( 'NONE', #1407, .T. ) ;
#293 = VECTOR ( 'NONE', #6420, 39.37007874015748143 ) ;
#294 = EDGE_LOOP ( 'NONE', ( #714, #451, #3050, #5360 ) ) ;
#295 = CARTESIAN_POINT ( 'NONE',  ( 0.08834281416333052139, 0.03937007874020417159, 0.1338350144317690948 ) ) ;
#296 = EDGE_CURVE ( 'NONE', #6205, #218, #3027, .T. ) ;
#297 = CARTESIAN_POINT ( 'NONE',  ( -0.08465128668926241717, 0.1614173228346527933, -0.01970829265484606505 ) ) ;
#298 = CARTESIAN_POINT ( 'NONE',  ( 0.2502230127988692709, 0.1936205956006020190, -0.06200832759031768560 ) ) ;
#299 = ORIENTED_EDGE ( 'NONE', *, *, #5253, .F. ) ;
#300 = CARTESIAN_POINT ( 'NONE',  ( 0.2675295181064263894, 0.03937007874020354709, -0.04726734777295716478 ) ) ;
#301 = AXIS2_PLACEMENT_3D ( 'NONE', #5727, #666, #4716 ) ;
#302 = VERTEX_POINT ( 'NONE', #2953 ) ;
#303 = CARTESIAN_POINT ( 'NONE',  ( 0.003834820694032963547, 0.05042827280254339600, 0.07750122981839724368 ) ) ;
#304 = LINE ( 'NONE', #1838, #4586 ) ;
#305 = LINE ( 'NONE', #3332, #1059 ) ;
#306 = VECTOR ( 'NONE', #5534, 39.37007874015748143 ) ;
#307 = AXIS2_PLACEMENT_3D ( 'NONE', #4576, #4065, #935 ) ;
#308 = CARTESIAN_POINT ( 'NONE',  ( -0.09517371484296635598, 0.3782211850405614029, 0.1043074553766574902 ) ) ;
#309 = CARTESIAN_POINT ( 'NONE',  ( -0.03173592599414968435, -0.02952749408851968599, -0.04726734777295692885 ) ) ;
#310 = VECTOR ( 'NONE', #5919, 39.37007874015748143 ) ;
#311 = AXIS2_PLACEMENT_3D ( 'NONE', #5030, #2902, #3504 ) ;
#312 = CARTESIAN_POINT ( 'NONE',  ( 0.08935603980465453566, -0.03543300589955412916, 0.1338350144317694834 ) ) ;
#313 = EDGE_CURVE ( 'NONE', #6007, #670, #3166, .T. ) ;
#314 = CARTESIAN_POINT ( 'NONE',  ( -0.05770551363031868608, 0.1207373760398653961, 0.03201161803921610122 ) ) ;
#315 = AXIS2_PLACEMENT_3D ( 'NONE', #3893, #2776, #2333 ) ;
#316 = CIRCLE ( 'NONE', #961, 0.05510791045490172346 ) ;
#317 = ORIENTED_EDGE ( 'NONE', *, *, #5346, .T. ) ;
#318 = DIRECTION ( 'NONE',  ( -4.100000000000000200E-14, -3.491481338843134933E-15, -1.000000000000000000 ) ) ;
#319 = ORIENTED_EDGE ( 'NONE', *, *, #5288, .F. ) ;
#320 = CARTESIAN_POINT ( 'NONE',  ( 0.2558998944131157249, 0.1918580953367677588, 0.1729682980780299084 ) ) ;
#321 = ADVANCED_FACE ( 'NONE', ( #6523 ), #1401, .T. ) ;
#322 = CARTESIAN_POINT ( 'NONE',  ( -0.03853511036402124112, 0.1604355387695240720, 0.03108284586197874663 ) ) ;
#323 = ORIENTED_EDGE ( 'NONE', *, *, #2575, .T. ) ;
#324 = CARTESIAN_POINT ( 'NONE',  ( 0.01012305462857975707, 0.2522990558298914276, 0.04422378349582822832 ) ) ;
#325 = FACE_OUTER_BOUND ( 'NONE', #5101, .T. ) ;
#326 = DIRECTION ( 'NONE',  ( 2.065531208604895267E-14, 3.491481338843134933E-15, 1.000000000000000000 ) ) ;
#327 = SURFACE_STYLE_USAGE ( .BOTH. , #3353 ) ;
#328 = ORIENTED_EDGE ( 'NONE', *, *, #1213, .F. ) ;
#329 = CARTESIAN_POINT ( 'NONE',  ( -0.003942625271986937262, 0.07086614173230511293, 0.03540981758141843044 ) ) ;
#330 = CARTESIAN_POINT ( 'NONE',  ( 0.1751912329957273917, 1.461538676610380102E-14, 0.1535200538018874072 ) ) ;
#331 = DIRECTION ( 'NONE',  ( 1.000000000000000000, 0.000000000000000000, 0.000000000000000000 ) ) ;
#332 = ORIENTED_EDGE ( 'NONE', *, *, #3005, .T. ) ;
#333 = DIRECTION ( 'NONE',  ( 0.000000000000000000, 1.000000000000000000, -3.491481338843134933E-15 ) ) ;
#334 = VERTEX_POINT ( 'NONE', #5242 ) ;
#335 = ADVANCED_FACE ( 'NONE', ( #4130 ), #4744, .F. ) ;
#336 = CARTESIAN_POINT ( 'NONE',  ( -0.1758995891965400848, 0.1936205956005928042, -0.06200832759033173686 ) ) ;
#337 = LINE ( 'NONE', #2377, #6290 ) ;
#338 = CARTESIAN_POINT ( 'NONE',  ( -0.02559616857902342543, 0.04724409448819574114, 0.04525233726642015342 ) ) ;
#339 = DIRECTION ( 'NONE',  ( -1.000000000000000000, 3.200000000000000249E-14, 2.099999999999999887E-14 ) ) ;
#340 = DIRECTION ( 'NONE',  ( -3.200000000000000249E-14, -1.000000000000000000, 3.491481338843134933E-15 ) ) ;
#341 = VERTEX_POINT ( 'NONE', #4101 ) ;
#342 = CARTESIAN_POINT ( 'NONE',  ( 0.2555061936257114197, -0.03937007874011141939, -0.04333033989894158333 ) ) ;
#343 = VERTEX_POINT ( 'NONE', #1627 ) ;
#344 = EDGE_CURVE ( 'NONE', #3798, #6515, #530, .T. ) ;
#345 = DIRECTION ( 'NONE',  ( 0.7192253232526920614, -0.6947768954074831083, -2.706243768838580918E-14 ) ) ;
#346 = ORIENTED_EDGE ( 'NONE', *, *, #5272, .T. ) ;
#347 = DIRECTION ( 'NONE',  ( -0.8326735095668313935, 1.933457487894138696E-15, 0.5537642336461031656 ) ) ;
#348 = CARTESIAN_POINT ( 'NONE',  ( -0.01020519435426384819, 0.1122071923128312998, 0.03469578741057006283 ) ) ;
#349 = ORIENTED_EDGE ( 'NONE', *, *, #2675, .T. ) ;
#350 = CARTESIAN_POINT ( 'NONE',  ( -0.06788768398997997722, 0.2408161161973457198, 0.02696282295847095278 ) ) ;
#351 = EDGE_CURVE ( 'NONE', #2968, #1959, #2066, .T. ) ;
#352 = FACE_BOUND ( 'NONE', #3908, .T. ) ;
#353 = LENGTH_MEASURE_WITH_UNIT ( LENGTH_MEASURE( 0.02539999999999999897 ), #5305 );
#354 = CARTESIAN_POINT ( 'NONE',  ( 0.08935603980465453566, -0.03543300589955051400, 0.1574570616759005948 ) ) ;
#355 = CARTESIAN_POINT ( 'NONE',  ( 0.2986680109518988213, 0.1968503937008335147, -0.07651371076763781309 ) ) ;
#356 = VERTEX_POINT ( 'NONE', #5719 ) ;
#357 = DIRECTION ( 'NONE',  ( 1.000000000000000000, 0.000000000000000000, 0.000000000000000000 ) ) ;
#358 = EDGE_CURVE ( 'NONE', #6053, #2772, #2638, .T. ) ;
#359 = DIRECTION ( 'NONE',  ( 0.000000000000000000, 1.000000000000000000, -3.491481338843134933E-15 ) ) ;
#360 = ORIENTED_EDGE ( 'NONE', *, *, #5992, .T. ) ;
#361 = CARTESIAN_POINT ( 'NONE',  ( -0.08465128668926241717, 0.04724409448819559543, -0.01970829265484567300 ) ) ;
#362 = ORIENTED_EDGE ( 'NONE', *, *, #2603, .T. ) ;
#363 = CARTESIAN_POINT ( 'NONE',  ( 0.08660855583037402328, -2.936736593189082516E-15, 0.1417090301798419327 ) ) ;
#364 = DIRECTION ( 'NONE',  ( -1.000000000000000000, 0.000000000000000000, 0.000000000000000000 ) ) ;
#365 = CARTESIAN_POINT ( 'NONE',  ( 0.08660855583037833927, 0.03937007874017433434, 0.1535200538018891558 ) ) ;
#366 = DIRECTION ( 'NONE',  ( 0.000000000000000000, -3.491481338843134933E-15, -1.000000000000000000 ) ) ;
#367 = VERTEX_POINT ( 'NONE', #556 ) ;
#368 = EDGE_CURVE ( 'NONE', #4642, #3844, #3089, .T. ) ;
#369 = VECTOR ( 'NONE', #3361, 39.37007874015748143 ) ;
#370 = DIRECTION ( 'NONE',  ( 0.000000000000000000, 1.000000000000000000, -3.491481338843134933E-15 ) ) ;
#371 = PLANE ( 'NONE',  #2757 ) ;
#372 = VERTEX_POINT ( 'NONE', #3725 ) ;
#373 = DIRECTION ( 'NONE',  ( 1.000000000000000000, -1.431507348925684052E-28, -4.100000000000000200E-14 ) ) ;
#374 = VECTOR ( 'NONE', #2007, 39.37007874015748143 ) ;
#375 = ADVANCED_FACE ( 'NONE', ( #627 ), #2581, .T. ) ;
#376 = DIRECTION ( 'NONE',  ( 0.000000000000000000, 1.000000000000000000, -3.491481338843134933E-15 ) ) ;
#377 =( GEOMETRIC_REPRESENTATION_CONTEXT ( 3 ) GLOBAL_UNCERTAINTY_ASSIGNED_CONTEXT ( ( #2529 ) ) GLOBAL_UNIT_ASSIGNED_CONTEXT ( ( #3822, #759, #2262 ) ) REPRESENTATION_CONTEXT ( 'NONE', 'WORKASPACE' ) );
#378 = ORIENTED_EDGE ( 'NONE', *, *, #3105, .F. ) ;
#379 = FACE_OUTER_BOUND ( 'NONE', #2236, .T. ) ;
#380 = ORIENTED_EDGE ( 'NONE', *, *, #4306, .F. ) ;
#381 = LINE ( 'NONE', #2429, #3202 ) ;
#382 = VECTOR ( 'NONE', #3231, 39.37007874015748143 ) ;
#383 = CARTESIAN_POINT ( 'NONE',  ( -0.04615812598080749896, 0.2263804206592881507, 0.05860605644249913815 ) ) ;
#384 = ORIENTED_EDGE ( 'NONE', *, *, #46, .F. ) ;
#385 = CARTESIAN_POINT ( 'NONE',  ( -0.006927339229985205599, 0.1643725466435401739, 0.07861020880933497490 ) ) ;
#386 = VECTOR ( 'NONE', #58, 39.37007874015748143 ) ;
#387 = MANIFOLD_SOLID_BREP ( 'Imported2', #263 ) ;
#388 = DIRECTION ( 'NONE',  ( 0.000000000000000000, 1.000000000000000000, -3.491481338843134933E-15 ) ) ;
#389 = CARTESIAN_POINT ( 'NONE',  ( -0.05770551363031868608, 0.2309735965123063117, 0.03201161803921574039 ) ) ;
#390 = PRODUCT_CONTEXT ( 'NONE', #3526, 'mechanical' ) ;
#391 = DIRECTION ( 'NONE',  ( 1.000000000000000000, 0.000000000000000000, 0.000000000000000000 ) ) ;
#392 = CARTESIAN_POINT ( 'NONE',  ( -0.1811079796026980049, 0.03937007874016260761, -0.06695238714298720750 ) ) ;
#393 = ORIENTED_EDGE ( 'NONE', *, *, #4722, .T. ) ;
#394 = DIRECTION ( 'NONE',  ( -1.000000000000000000, 0.000000000000000000, 0.000000000000000000 ) ) ;
#395 = VECTOR ( 'NONE', #5355, 39.37007874015748143 ) ;
#396 = EDGE_CURVE ( 'NONE', #77, #3881, #3589, .T. ) ;
#397 = ORIENTED_EDGE ( 'NONE', *, *, #5709, .F. ) ;
#398 = LINE ( 'NONE', #6488, #4820 ) ;
#399 = COLOUR_RGB ( '',0.7921568627450980005, 0.8196078431372548767, 0.9333333333333333481 ) ;
#400 = CARTESIAN_POINT ( 'NONE',  ( 0.2751912329957968417, -0.1123849554454063038, 0.06886498602283327997 ) ) ;
#401 = CARTESIAN_POINT ( 'NONE',  ( -0.1594544362955578887, 0.1259842519685110407, 0.06887438451052933786 ) ) ;
#402 = EDGE_CURVE ( 'NONE', #5320, #3342, #2166, .T. ) ;
#403 = DIRECTION ( 'NONE',  ( -2.065531208604895267E-14, -3.491481338843134933E-15, -1.000000000000000000 ) ) ;
#404 = CARTESIAN_POINT ( 'NONE',  ( -0.04085966922767377690, 0.1512491870634875835, 0.07221932904291337996 ) ) ;
#405 = EDGE_LOOP ( 'NONE', ( #934, #6482, #1775, #1676, #6447, #1430, #4208, #1303, #112, #959, #2156, #1589, #5373, #199, #6397, #5899, #4528, #897, #4366, #4734, #4710, #3378 ) ) ;
#406 = MANIFOLD_SOLID_BREP ( 'Imported4', #6603 ) ;
#407 = EDGE_CURVE ( 'NONE', #4099, #209, #1794, .T. ) ;
#408 = VECTOR ( 'NONE', #5357, 39.37007874015748143 ) ;
#409 = DIRECTION ( 'NONE',  ( 0.000000000000000000, -3.491481338843135327E-15, -1.000000000000000000 ) ) ;
#410 = ORIENTED_EDGE ( 'NONE', *, *, #981, .T. ) ;
#411 = VECTOR ( 'NONE', #6315, 39.37007874015748143 ) ;
#412 = CARTESIAN_POINT ( 'NONE',  ( -0.2013363006014614320, 0.1791982665182235701, 0.1192927960578219759 ) ) ;
#413 = LINE ( 'NONE', #2489, #707 ) ;
#414 = VECTOR ( 'NONE', #1967, 39.37007874015748143 ) ;
#415 = VECTOR ( 'NONE', #1234, 39.37007874015748143 ) ;
#416 = ORIENTED_EDGE ( 'NONE', *, *, #3567, .F. ) ;
#417 = EDGE_CURVE ( 'NONE', #1447, #1486, #1161, .T. ) ;
#418 = DIRECTION ( 'NONE',  ( 1.000000000000000000, 0.000000000000000000, 0.000000000000000000 ) ) ;
#419 = ORIENTED_EDGE ( 'NONE', *, *, #2380, .T. ) ;
#420 = FACE_OUTER_BOUND ( 'NONE', #5045, .T. ) ;
#421 = VECTOR ( 'NONE', #2235, 39.37007874015748143 ) ;
#422 = CARTESIAN_POINT ( 'NONE',  ( -0.03648728442924677184, 0.2240838327327790147, 0.06340131084578583265 ) ) ;
#423 = ORIENTED_EDGE ( 'NONE', *, *, #4355, .F. ) ;
#424 = CARTESIAN_POINT ( 'NONE',  ( -0.03098427822019291997, 0.1253305518928836959, 0.002420447128996573889 ) ) ;
#425 = LINE ( 'NONE', #1856, #6067 ) ;
#426 = DIRECTION ( 'NONE',  ( 2.099999999999999887E-14, 3.491481338843134933E-15, 1.000000000000000000 ) ) ;
#427 = FACE_OUTER_BOUND ( 'NONE', #6421, .T. ) ;
#428 = CARTESIAN_POINT ( 'NONE',  ( 0.1082620991375155550, 0.04724409448819613666, 0.1338350144317777546 ) ) ;
#429 = EDGE_LOOP ( 'NONE', ( #264, #768, #1834, #3149, #5267 ) ) ;
#430 = DIRECTION ( 'NONE',  ( 1.000000000000000000, -1.844397018054724620E-16, 6.439677769955990650E-31 ) ) ;
#431 = PLANE ( 'NONE',  #2765 ) ;
#432 = LINE ( 'NONE', #970, #6203 ) ;
#433 = ORIENTED_EDGE ( 'NONE', *, *, #6015, .F. ) ;
#434 = CARTESIAN_POINT ( 'NONE',  ( -0.1820053207753774549, 0.1771653543307332157, 0.1574570616758798614 ) ) ;
#435 = ADVANCED_FACE ( 'NONE', ( #5441 ), #5874, .F. ) ;
#436 = LINE ( 'NONE', #363, #3061 ) ;
#437 = CARTESIAN_POINT ( 'NONE',  ( -0.04945246142723173227, 0.007874015748078170424, 0.1338350144317692891 ) ) ;
#438 = CARTESIAN_POINT ( 'NONE',  ( 0.001342193295246887907, 0.2270365886382908482, 0.06129022581385237117 ) ) ;
#439 = ORIENTED_EDGE ( 'NONE', *, *, #4482, .F. ) ;
#440 = DIRECTION ( 'NONE',  ( 3.200000000000000249E-14, 1.000000000000000000, -3.491481338843134933E-15 ) ) ;
#441 = ADVANCED_FACE ( 'NONE', ( #1258 ), #253, .F. ) ;
#442 = ORIENTED_EDGE ( 'NONE', *, *, #1326, .T. ) ;
#443 = DIRECTION ( 'NONE',  ( -3.200000000000000249E-14, -1.000000000000000000, 3.491481338843134933E-15 ) ) ;
#444 = DIRECTION ( 'NONE',  ( 1.000000000000000000, 0.000000000000000000, 0.000000000000000000 ) ) ;
#445 = EDGE_CURVE ( 'NONE', #5401, #3798, #2295, .T. ) ;
#446 = ORIENTED_EDGE ( 'NONE', *, *, #5475, .T. ) ;
#447 = FACE_OUTER_BOUND ( 'NONE', #2678, .T. ) ;
#448 = DIRECTION ( 'NONE',  ( 0.000000000000000000, -1.000000000000000000, 3.491481338843134933E-15 ) ) ;
#449 = EDGE_CURVE ( 'NONE', #3778, #5477, #4220, .T. ) ;
#450 = CARTESIAN_POINT ( 'NONE',  ( -0.04684073462573252328, 0.2385195282708365561, 0.04783323478122961103 ) ) ;
#451 = ORIENTED_EDGE ( 'NONE', *, *, #2921, .T. ) ;
#452 = CARTESIAN_POINT ( 'NONE',  ( 0.05117548496423188903, -1.024442997624098263E-15, 0.05115784907748047866 ) ) ;
#453 = CARTESIAN_POINT ( 'NONE',  ( 0.001342193295246887907, 0.2171940689532513846, 0.06129022581385237117 ) ) ;
#454 = LINE ( 'NONE', #5003, #1667 ) ;
#455 = DIRECTION ( 'NONE',  ( -3.200000000000000249E-14, -1.000000000000000000, 3.491481338843134933E-15 ) ) ;
#456 = ORIENTED_EDGE ( 'NONE', *, *, #3247, .T. ) ;
#457 = LINE ( 'NONE', #2916, #6099 ) ;
#458 = EDGE_CURVE ( 'NONE', #4493, #2901, #4805, .T. ) ;
#459 = DIRECTION ( 'NONE',  ( -0.7127399268793153109, -0.7014283973664513505, 3.167136116199153946E-14 ) ) ;
#460 = DIRECTION ( 'NONE',  ( -2.099999999999999887E-14, -3.491481338843134933E-15, -1.000000000000000000 ) ) ;
#461 = ORIENTED_EDGE ( 'NONE', *, *, #2984, .F. ) ;
#462 = CARTESIAN_POINT ( 'NONE',  ( -0.003942625271986937262, 0.07086614173230532110, 0.05115784907748141541 ) ) ;
#463 = CARTESIAN_POINT ( 'NONE',  ( 0.2440888707910039424, 0.03937007874016921344, -0.06695238714299607541 ) ) ;
#464 = CARTESIAN_POINT ( 'NONE',  ( -0.003942625271986937262, 0.07086614173230532110, 0.05115784907748141541 ) ) ;
#465 = CARTESIAN_POINT ( 'NONE',  ( -0.1816512612313759822, 0.1771653543307550871, 0.1198551626364519757 ) ) ;
#466 = CARTESIAN_POINT ( 'NONE',  ( -0.01550365110739785474, 0.2201468248587629961, 0.02108251481015515488 ) ) ;
#467 = VERTEX_POINT ( 'NONE', #5407 ) ;
#468 = PLANE ( 'NONE',  #3942 ) ;
#469 = ORIENTED_EDGE ( 'NONE', *, *, #3362, .F. ) ;
#470 = CARTESIAN_POINT ( 'NONE',  ( -0.01181664102002192955, 0.03937007874015827080, -0.05514136352094346077 ) ) ;
#471 = ORIENTED_EDGE ( 'NONE', *, *, #4286, .T. ) ;
#472 = PLANE ( 'NONE',  #1449 ) ;
#473 = ADVANCED_FACE ( 'NONE', ( #290 ), #5816, .F. ) ;
#474 = DIRECTION ( 'NONE',  ( 1.000000000000000000, -1.431507348925684052E-28, -4.100000000000000200E-14 ) ) ;
#475 = VERTEX_POINT ( 'NONE', #3479 ) ;
#476 = VECTOR ( 'NONE', #2347, 39.37007874015748143 ) ;
#477 = CARTESIAN_POINT ( 'NONE',  ( -0.02559616857902342543, 0.2677165354330795499, 0.04525233726641936932 ) ) ;
#478 = ADVANCED_FACE ( 'NONE', ( #3511, #6009, #863, #1389 ), #964, .F. ) ;
#479 = ORIENTED_EDGE ( 'NONE', *, *, #6446, .T. ) ;
#480 = FACE_OUTER_BOUND ( 'NONE', #5976, .T. ) ;
#481 = ADVANCED_FACE ( 'NONE', ( #4944 ), #4432, .F. ) ;
#482 = CARTESIAN_POINT ( 'NONE',  ( -0.05770551363031868608, 0.1030208406067946031, 0.03201161803921619142 ) ) ;
#483 = ORIENTED_EDGE ( 'NONE', *, *, #4844, .F. ) ;
#484 = CARTESIAN_POINT ( 'NONE',  ( 0.05117548496422748977, -0.1397637795275590566, 0.05115784907748093663 ) ) ;
#485 = CARTESIAN_POINT ( 'NONE',  ( -0.01401939056108515713, -0.02952749408851909271, 0.1338350144317692891 ) ) ;
#486 = ORIENTED_EDGE ( 'NONE', *, *, #4647, .F. ) ;
#487 = CARTESIAN_POINT ( 'NONE',  ( 0.001342193295246887907, 0.2171940689532513846, 0.06129022581385237117 ) ) ;
#488 = DIRECTION ( 'NONE',  ( 0.000000000000000000, -3.491481338843135327E-15, -1.000000000000000000 ) ) ;
#489 = AXIS2_PLACEMENT_3D ( 'NONE', #2436, #1998, #3450 ) ;
#490 = CARTESIAN_POINT ( 'NONE',  ( -0.01550365110739785474, 0.1827452500556134007, 0.02108251481015527978 ) ) ;
#491 = EDGE_LOOP ( 'NONE', ( #360, #3680, #5161, #4988 ) ) ;
#492 = CARTESIAN_POINT ( 'NONE',  ( 0.001342193295246887907, 0.2545956437564006469, 0.06129022581385230872 ) ) ;
#493 = FACE_OUTER_BOUND ( 'NONE', #3833, .T. ) ;
#494 = EDGE_CURVE ( 'NONE', #2507, #882, #425, .T. ) ;
#495 = LINE ( 'NONE', #2547, #5558 ) ;
#496 = CARTESIAN_POINT ( 'NONE',  ( -0.0007417243760064197141, 0.1948843576671620281, 0.02840216675381457972 ) ) ;
#497 = CIRCLE ( 'NONE', #6625, 0.05056999097458959175 ) ;
#498 = ORIENTED_EDGE ( 'NONE', *, *, #5674, .F. ) ;
#499 = LINE ( 'NONE', #4649, #5235 ) ;
#500 = VERTEX_POINT ( 'NONE', #4536 ) ;
#501 = FACE_OUTER_BOUND ( 'NONE', #240, .T. ) ;
#502 = VECTOR ( 'NONE', #6634, 39.37007874015748143 ) ;
#503 = ORIENTED_EDGE ( 'NONE', *, *, #2278, .F. ) ;
#504 = DIRECTION ( 'NONE',  ( 0.000000000000000000, -1.000000000000000000, 3.491481338843134933E-15 ) ) ;
#505 = CIRCLE ( 'NONE', #2214, 0.004921259842519680634 ) ;
#506 = CARTESIAN_POINT ( 'NONE',  ( -0.1792245384936414498, 0.1821082065291050878, 0.1401096574465307831 ) ) ;
#507 = EDGE_LOOP ( 'NONE', ( #5963, #4828, #3192, #4409, #4106, #1320, #3156, #2387 ) ) ;
#508 = VECTOR ( 'NONE', #5638, 39.37007874015748143 ) ;
#509 = AXIS2_PLACEMENT_3D ( 'NONE', #4312, #4879, #736 ) ;
#510 = ADVANCED_FACE ( 'NONE', ( #892 ), #6611, .F. ) ;
#511 = CARTESIAN_POINT ( 'NONE',  ( 0.2548871871754403995, 0.1968503937008324600, -0.05120435564695634961 ) ) ;
#512 = VERTEX_POINT ( 'NONE', #4971 ) ;
#513 = CYLINDRICAL_SURFACE ( 'NONE', #5891, 0.01377952755905360177 ) ;
#514 = VECTOR ( 'NONE', #2143, 39.37007874015748143 ) ;
#515 = VECTOR ( 'NONE', #713, 39.37007874015748143 ) ;
#516 = CARTESIAN_POINT ( 'NONE',  ( -0.05666355479469196987, 0.1558423629165059110, 0.04845564756923504551 ) ) ;
#517 = ORIENTED_EDGE ( 'NONE', *, *, #4188, .F. ) ;
#518 = AXIS2_PLACEMENT_3D ( 'NONE', #1826, #6347, #1795 ) ;
#519 = VECTOR ( 'NONE', #204, 39.37007874015748143 ) ;
#520 = EDGE_CURVE ( 'NONE', #71, #2772, #1455, .T. ) ;
#521 = CARTESIAN_POINT ( 'NONE',  ( 0.08660855583037402328, -2.868440393347476084E-15, 0.1535200538018891558 ) ) ;
#522 = CARTESIAN_POINT ( 'NONE',  ( 0.02047005479286551771, 0.3543307086614251866, -0.01380278084381937088 ) ) ;
#523 = DIRECTION ( 'NONE',  ( -2.099999999999999887E-14, -3.491481338843134933E-15, -1.000000000000000000 ) ) ;
#524 = ORIENTED_EDGE ( 'NONE', *, *, #4527, .T. ) ;
#525 = CARTESIAN_POINT ( 'NONE',  ( 0.1692857211847043630, -5.463695987328527226E-15, 0.03540981758141503732 ) ) ;
#526 = CARTESIAN_POINT ( 'NONE',  ( -0.05562159595906518428, 0.1988213655411778802, 0.06489967709925414940 ) ) ;
#527 =( BOUNDED_CURVE ( )  B_SPLINE_CURVE ( 3, ( #3678, #4150, #6201, #5736 ),
 .UNSPECIFIED., .F., .T. ) 
 B_SPLINE_CURVE_WITH_KNOTS ( ( 4, 4 ),
 ( 5.289320325621139851, 5.670630568840580032 ),
 .UNSPECIFIED. ) 
 CURVE ( )  GEOMETRIC_REPRESENTATION_ITEM ( )  RATIONAL_B_SPLINE_CURVE ( ( 1.000000000000000000, 0.9879201992349530004, 0.9879201992349530004, 1.000000000000000000 ) ) 
 REPRESENTATION_ITEM ( '' )  );
#528 = ORIENTED_EDGE ( 'NONE', *, *, #2421, .T. ) ;
#529 = CARTESIAN_POINT ( 'NONE',  ( -0.05562159595906518428, 0.2362229403443276143, 0.06489967709925396899 ) ) ;
#530 = LINE ( 'NONE', #6178, #1982 ) ;
#531 = CARTESIAN_POINT ( 'NONE',  ( -0.01181664102002192955, 1.502516396515344277E-15, 0.1535200538018913208 ) ) ;
#532 = CARTESIAN_POINT ( 'NONE',  ( -0.05666355479469196987, 0.1282833077983956682, 0.04845564756923512184 ) ) ;
#533 = ORIENTED_EDGE ( 'NONE', *, *, #4759, .T. ) ;
#534 = CARTESIAN_POINT ( 'NONE',  ( 0.1749569873916675400, 0.03937007874020354709, -0.04726734777295716478 ) ) ;
#535 = ORIENTED_EDGE ( 'NONE', *, *, #4425, .F. ) ;
#536 = EDGE_CURVE ( 'NONE', #1577, #2507, #2977, .T. ) ;
#537 = CARTESIAN_POINT ( 'NONE',  ( -0.1003993181853752026, 3.619698591605149208E-15, 0.1417090301798458740 ) ) ;
#538 = DIRECTION ( 'NONE',  ( 0.000000000000000000, -3.380096403429979145E-15, -1.000000000000000000 ) ) ;
#539 = DIRECTION ( 'NONE',  ( -1.844397018054724620E-16, 1.000000000000000000, -3.491481338843129805E-15 ) ) ;
#540 = CARTESIAN_POINT ( 'NONE',  ( -0.1758995891965433600, 0.1936205956005735418, 0.1485759942491733099 ) ) ;
#541 = CARTESIAN_POINT ( 'NONE',  ( -0.01181664102001756152, 0.03937007874015890224, 0.1417090301798439034 ) ) ;
#542 = ORIENTED_EDGE ( 'NONE', *, *, #3746, .F. ) ;
#543 = CARTESIAN_POINT ( 'NONE',  ( -26.03713589280827279, -16.03086094197740152, 0.1417090301804466435 ) ) ;
#544 = CARTESIAN_POINT ( 'NONE',  ( -0.05666355479469196987, 0.1282833077983956682, 0.04845564756923512184 ) ) ;
#545 = VERTEX_POINT ( 'NONE', #1355 ) ;
#546 = LINE ( 'NONE', #576, #4283 ) ;
#547 = DIRECTION ( 'NONE',  ( -2.899137802865916771E-14, 0.7071067811862835617, -0.7071067811868114728 ) ) ;
#548 = VERTEX_POINT ( 'NONE', #6511 ) ;
#549 = CARTESIAN_POINT ( 'NONE',  ( -0.03026557783878933150, 0.2355667723653249446, 0.01376286286649587055 ) ) ;
#550 = ADVANCED_FACE ( 'NONE', ( #5041 ), #5479, .F. ) ;
#551 = CARTESIAN_POINT ( 'NONE',  ( 0.1751912329957316938, 0.03937007874017213471, 0.1535200538018872130 ) ) ;
#552 = EDGE_CURVE ( 'NONE', #2892, #1593, #1961, .T. ) ;
#553 = CARTESIAN_POINT ( 'NONE',  ( -0.04398554573455393940, 0.1230339639663746154, 0.02288724045285634237 ) ) ;
#554 = VERTEX_POINT ( 'NONE', #1893 ) ;
#555 = CARTESIAN_POINT ( 'NONE',  ( -0.02609774249628226198, 0.1489525991369785307, 0.07953898098657292970 ) ) ;
#556 = CARTESIAN_POINT ( 'NONE',  ( -0.03937569613812913483, 0.07086614173230511293, 0.03540981758141917984 ) ) ;
#557 = LINE ( 'NONE', #659, #4794 ) ;
#558 = PLANE ( 'NONE',  #4182 ) ;
#559 = EDGE_CURVE ( 'NONE', #1902, #3891, #5073, .T. ) ;
#560 = VERTEX_POINT ( 'NONE', #2498 ) ;
#561 = ADVANCED_FACE ( 'NONE', ( #3645 ), #4053, .F. ) ;
#562 = DIRECTION ( 'NONE',  ( 0.000000000000000000, 1.000000000000000000, -3.491481338843134933E-15 ) ) ;
#563 = VERTEX_POINT ( 'NONE', #5702 ) ;
#564 = CARTESIAN_POINT ( 'NONE',  ( 0.03345894953120917559, 0.1614173228346527933, -0.04333033989893796123 ) ) ;
#565 = EDGE_LOOP ( 'NONE', ( #2385, #3277, #4755, #6266 ) ) ;
#566 = CARTESIAN_POINT ( 'NONE',  ( 0.08660855583037833927, 0.03937007874017425801, 0.1417090301798419327 ) ) ;
#567 = DIRECTION ( 'NONE',  ( -2.099999999999999887E-14, -3.491481338843134933E-15, -1.000000000000000000 ) ) ;
#568 = ORIENTED_EDGE ( 'NONE', *, *, #783, .T. ) ;
#569 = ORIENTED_EDGE ( 'NONE', *, *, #4761, .F. ) ;
#570 = CARTESIAN_POINT ( 'NONE',  ( -0.05049599267482197257, 0.04724409448819590768, 0.08068540813254924948 ) ) ;
#571 = CARTESIAN_POINT ( 'NONE',  ( -0.1820449620185704831, -0.03937007874011102387, 0.06886498602283307180 ) ) ;
#572 = ORIENTED_EDGE ( 'NONE', *, *, #4759, .F. ) ;
#573 = DIRECTION ( 'NONE',  ( -4.100000000000000200E-14, -3.491481338843134933E-15, -1.000000000000000000 ) ) ;
#574 = CARTESIAN_POINT ( 'NONE',  ( -0.02609774249628226198, 0.1489525991369785307, 0.07953898098657292970 ) ) ;
#575 = EDGE_LOOP ( 'NONE', ( #1929, #2270 ) ) ;
#576 = CARTESIAN_POINT ( 'NONE',  ( -0.002563056893081342574, 0.3543307086614251866, -0.01380278084381937088 ) ) ;
#577 = DIRECTION ( 'NONE',  ( -0.6947768954075176362, -0.7192253232526586437, 3.099701450626828712E-14 ) ) ;
#578 = VECTOR ( 'NONE', #5350, 39.37007874015748143 ) ;
#579 = VERTEX_POINT ( 'NONE', #5508 ) ;
#580 = CARTESIAN_POINT ( 'NONE',  ( -0.05770551363031844322, 0.2309735965123063395, 0.03201161803921615673 ) ) ;
#581 = LINE ( 'NONE', #5714, #4501 ) ;
#582 = CARTESIAN_POINT ( 'NONE',  ( -0.05770551363031868608, 0.09317832092175522274, 0.03201161803921624693 ) ) ;
#583 = VERTEX_POINT ( 'NONE', #2940 ) ;
#584 = CARTESIAN_POINT ( 'NONE',  ( -0.01550365110739785474, 0.1374696595044322955, 0.02108251481015543244 ) ) ;
#585 = VECTOR ( 'NONE', #1240, 39.37007874015748143 ) ;
#586 = LINE ( 'NONE', #4201, #632 ) ;
#587 = CARTESIAN_POINT ( 'NONE',  ( 0.1589747102916773680, 0.1771653543307547263, -0.02167679659181440815 ) ) ;
#588 = DIRECTION ( 'NONE',  ( 0.7398567853309250264, 0.6727643994741319133, -3.268307254476984897E-14 ) ) ;
#589 = ADVANCED_FACE ( 'NONE', ( #325 ), #6550, .F. ) ;
#590 = ORIENTED_EDGE ( 'NONE', *, *, #845, .F. ) ;
#591 = VECTOR ( 'NONE', #803, 39.37007874015748143 ) ;
#592 = DIRECTION ( 'NONE',  ( -1.138703706931244126E-13, 3.491481338843134933E-15, 1.000000000000000000 ) ) ;
#593 = LINE ( 'NONE', #2071, #6633 ) ;
#594 = ORIENTED_EDGE ( 'NONE', *, *, #2090, .F. ) ;
#595 = DIRECTION ( 'NONE',  ( -1.000000000000000000, 5.566118461305780248E-15, 2.099999999999999887E-14 ) ) ;
#596 = CIRCLE ( 'NONE', #1772, 0.01377952755905360177 ) ;
#597 = ORIENTED_EDGE ( 'NONE', *, *, #2899, .F. ) ;
#598 = CARTESIAN_POINT ( 'NONE',  ( 0.1082620991375084635, 0.04724409448819551216, -0.04333033989893748245 ) ) ;
#599 = EDGE_CURVE ( 'NONE', #2851, #2827, #5192, .T. ) ;
#600 = VECTOR ( 'NONE', #3501, 39.37007874015748143 ) ;
#601 = DIRECTION ( 'NONE',  ( 2.811398274583675040E-13, -1.000000000000000000, 3.491481338836560172E-15 ) ) ;
#602 = VERTEX_POINT ( 'NONE', #644 ) ;
#603 = EDGE_CURVE ( 'NONE', #1253, #1925, #5263, .T. ) ;
#604 = VERTEX_POINT ( 'NONE', #1141 ) ;
#605 = DIRECTION ( 'NONE',  ( -0.5537642336461033876, -3.469446951953617344E-15, -0.8326735095668311715 ) ) ;
#606 = AXIS2_PLACEMENT_3D ( 'NONE', #4714, #5659, #2106 ) ;
#607 = ORIENTED_EDGE ( 'NONE', *, *, #1715, .F. ) ;
#608 = DIRECTION ( 'NONE',  ( -1.000000000000000000, 0.000000000000000000, 0.000000000000000000 ) ) ;
#609 = B_SPLINE_CURVE_WITH_KNOTS ( 'NONE', 3,
 ( #4876, #3868, #5485, #6456, #6484, #4614 ),
 .UNSPECIFIED., .F., .F.,
 ( 4, 2, 4 ),
 ( 5.941662151583205777E-16, 0.0002610888779946355775, 0.0005221777559886770122 ),
 .UNSPECIFIED. ) ;
#610 = AXIS2_PLACEMENT_3D ( 'NONE', #5691, #4746, #588 ) ;
#611 = AXIS2_PLACEMENT_3D ( 'NONE', #5157, #1636, #6287 ) ;
#612 = CARTESIAN_POINT ( 'NONE',  ( -0.03937569613812913483, 0.07086614173230532110, 0.05115784907748212318 ) ) ;
#613 = VERTEX_POINT ( 'NONE', #1674 ) ;
#614 = EDGE_CURVE ( 'NONE', #5537, #5845, #1227, .T. ) ;
#615 = FACE_OUTER_BOUND ( 'NONE', #2164, .T. ) ;
#616 = CIRCLE ( 'NONE', #5137, 0.05056999097458962644 ) ;
#617 = DIRECTION ( 'NONE',  ( 1.000000000000000000, -1.431507348925684052E-28, -4.100000000000000200E-14 ) ) ;
#618 = AXIS2_PLACEMENT_3D ( 'NONE', #4762, #2570, #4253 ) ;
#619 = VERTEX_POINT ( 'NONE', #3262 ) ;
#620 = CARTESIAN_POINT ( 'NONE',  ( -0.08465128668925708810, 0.1614173228346534039, 0.1102129671876681122 ) ) ;
#621 = CARTESIAN_POINT ( 'NONE',  ( -0.1805637635731922319, 0.1968503937008331817, 0.1377720223058457594 ) ) ;
#622 = CARTESIAN_POINT ( 'NONE',  ( -0.04752334327065738107, 0.09317832092175512559, 0.03706041311996106924 ) ) ;
#623 = ORIENTED_EDGE ( 'NONE', *, *, #1600, .F. ) ;
#624 = VECTOR ( 'NONE', #653, 39.37007874015748143 ) ;
#625 = CARTESIAN_POINT ( 'NONE',  ( -0.02609774249628226198, 0.1765116542550889400, 0.07953898098657292970 ) ) ;
#626 = CIRCLE ( 'NONE', #5040, 0.02558115269038244155 ) ;
#627 = FACE_OUTER_BOUND ( 'NONE', #1079, .T. ) ;
#628 = DIRECTION ( 'NONE',  ( -2.793421535665029918E-16, -1.000000000000000000, 3.491481338842465190E-15 ) ) ;
#629 = CARTESIAN_POINT ( 'NONE',  ( -0.2013363006014440848, -0.03937007874011079489, 0.1298980065638165593 ) ) ;
#630 = CARTESIAN_POINT ( 'NONE',  ( -0.01237777460051775469, 0.2568922316829101993, 0.07041460340021220288 ) ) ;
#631 = ORIENTED_EDGE ( 'NONE', *, *, #888, .F. ) ;
#632 = VECTOR ( 'NONE', #5243, 39.37007874015748143 ) ;
#633 = AXIS2_PLACEMENT_3D ( 'NONE', #2397, #1797, #6453 ) ;
#634 = DIRECTION ( 'NONE',  ( 0.000000000000000000, 1.000000000000000000, -3.491481338843134933E-15 ) ) ;
#635 = CARTESIAN_POINT ( 'NONE',  ( 0.1082620991435576802, 0.1614173228351679368, 147.4997545267482337 ) ) ;
#636 = ORIENTED_EDGE ( 'NONE', *, *, #5503, .F. ) ;
#637 = CARTESIAN_POINT ( 'NONE',  ( -0.1220528614924594468, 0.07086614173228995839, 0.05115784907748385790 ) ) ;
#638 = ADVANCED_FACE ( 'NONE', ( #2756 ), #2721, .T. ) ;
#639 = PLANE ( 'NONE',  #1860 ) ;
#640 = DIRECTION ( 'NONE',  ( 0.000000000000000000, 3.491481338843135327E-15, 1.000000000000000000 ) ) ;
#641 = CARTESIAN_POINT ( 'NONE',  ( -0.1820053207754479541, 0.1771653543306950240, 0.1354279781213554301 ) ) ;
#642 = EDGE_CURVE ( 'NONE', #3940, #6073, #3205, .T. ) ;
#643 = ORIENTED_EDGE ( 'NONE', *, *, #4017, .T. ) ;
#644 = CARTESIAN_POINT ( 'NONE',  ( -0.07166239195091850256, 0.3543307086614251866, -0.01380278084381937088 ) ) ;
#645 = ORIENTED_EDGE ( 'NONE', *, *, #6465, .T. ) ;
#646 = LINE ( 'NONE', #4758, #4393 ) ;
#647 = EDGE_CURVE ( 'NONE', #1570, #5619, #74, .T. ) ;
#648 = ORIENTED_EDGE ( 'NONE', *, *, #992, .F. ) ;
#649 = CARTESIAN_POINT ( 'NONE',  ( 0.1555061936256812716, -0.1397637795275643857, 0.03540981758141583530 ) ) ;
#650 = FACE_OUTER_BOUND ( 'NONE', #1680, .T. ) ;
#651 = ORIENTED_EDGE ( 'NONE', *, *, #6033, .F. ) ;
#652 = LINE ( 'NONE', #3217, #5462 ) ;
#653 = DIRECTION ( 'NONE',  ( 0.000000000000000000, -1.000000000000000000, 3.491481338843134933E-15 ) ) ;
#654 = CARTESIAN_POINT ( 'NONE',  ( -0.03648728442924677184, 0.1414066673784480921, 0.06340131084578605469 ) ) ;
#655 = VERTEX_POINT ( 'NONE', #2693 ) ;
#656 = EDGE_CURVE ( 'NONE', #83, #3710, #4729, .T. ) ;
#657 = CARTESIAN_POINT ( 'NONE',  ( -0.04523205402610042808, 0.1788082421815977430, 0.08103734724004130197 ) ) ;
#658 = CARTESIAN_POINT ( 'NONE',  ( -0.03173592599414968435, -0.02952749408851968599, -0.04726734777295692885 ) ) ;
#659 = CARTESIAN_POINT ( 'NONE',  ( 0.03345894953121016091, 0.1614173228346527933, -0.01970829265484606505 ) ) ;
#660 = DIRECTION ( 'NONE',  ( 0.000000000000000000, -1.000000000000000000, 3.491481338843135327E-15 ) ) ;
#661 = VERTEX_POINT ( 'NONE', #171 ) ;
#662 = CARTESIAN_POINT ( 'NONE',  ( -0.1594544362955602756, 0.04724409448819574114, 0.009819266400291062555 ) ) ;
#663 = LINE ( 'NONE', #1662, #514 ) ;
#664 = DIRECTION ( 'NONE',  ( 1.000000000000000000, -5.566118461309930445E-15, -2.099999999999999887E-14 ) ) ;
#665 = VERTEX_POINT ( 'NONE', #6263 ) ;
#666 = DIRECTION ( 'NONE',  ( -1.000000000000000000, -2.811398274583674535E-13, 2.100000000000100230E-14 ) ) ;
#667 = ORIENTED_EDGE ( 'NONE', *, *, #1617, .F. ) ;
#668 = LINE ( 'NONE', #138, #382 ) ;
#669 = LINE ( 'NONE', #4885, #2316 ) ;
#670 = VERTEX_POINT ( 'NONE', #570 ) ;
#671 = CARTESIAN_POINT ( 'NONE',  ( -0.06693475125947087601, -16.03086094198265599, -0.07088939501694921375 ) ) ;
#672 = VERTEX_POINT ( 'NONE', #4321 ) ;
#673 = CARTESIAN_POINT ( 'NONE',  ( -0.2013363006014440848, -0.03937007874011121816, 0.01770268064204629996 ) ) ;
#674 = EDGE_CURVE ( 'NONE', #861, #1394, #3747, .T. ) ;
#675 = CARTESIAN_POINT ( 'NONE',  ( -0.05770551363031868608, 0.09317832092175522274, 0.03201161803921624693 ) ) ;
#676 = ORIENTED_EDGE ( 'NONE', *, *, #4654, .T. ) ;
#677 = EDGE_CURVE ( 'NONE', #3896, #906, #1707, .T. ) ;
#678 = CARTESIAN_POINT ( 'NONE',  ( 0.02361642984611590779, -0.1535433070866141780, 0.05115784907748158195 ) ) ;
#679 = VERTEX_POINT ( 'NONE', #2213 ) ;
#680 = EDGE_CURVE ( 'NONE', #3517, #2694, #3779, .T. ) ;
#681 = EDGE_LOOP ( 'NONE', ( #2344, #785, #5921, #37 ) ) ;
#682 = CARTESIAN_POINT ( 'NONE',  ( -0.06189358770221949774, 0.1259842519685110407, 0.06887438451051181021 ) ) ;
#683 = CIRCLE ( 'NONE', #4454, 0.06061619997492007778 ) ;
#684 = CARTESIAN_POINT ( 'NONE',  ( -0.03648728442924677184, 0.1689657224965584181, 0.06340131084578595755 ) ) ;
#685 = ORIENTED_EDGE ( 'NONE', *, *, #1739, .T. ) ;
#686 = CARTESIAN_POINT ( 'NONE',  ( -0.03098427822019291997, 0.1627321266960332635, 0.002420447128996444219 ) ) ;
#687 = CARTESIAN_POINT ( 'NONE',  ( -0.01181664102002630105, 7.512581982576732232E-16, -0.05514136352094338445 ) ) ;
#688 = CARTESIAN_POINT ( 'NONE',  ( -0.1816512612313759822, 0.1968503937008342641, 0.1630813774264923410 ) ) ;
#689 = LINE ( 'NONE', #3825, #2201 ) ;
#690 = CARTESIAN_POINT ( 'NONE',  ( -0.03700570333593212330, 0.3425196850393807391, 0.3798980065577472476 ) ) ;
#691 = ORIENTED_EDGE ( 'NONE', *, *, #5093, .T. ) ;
#692 = FACE_OUTER_BOUND ( 'NONE', #1516, .T. ) ;
#693 = LINE ( 'NONE', #6254, #2222 ) ;
#694 = VECTOR ( 'NONE', #4462, 39.37007874015748143 ) ;
#695 = LINE ( 'NONE', #797, #293 ) ;
#696 = ORIENTED_EDGE ( 'NONE', *, *, #2520, .T. ) ;
#697 = CARTESIAN_POINT ( 'NONE',  ( 0.1141676109484856261, 0.07086614173230078306, 0.03540981758141594632 ) ) ;
#698 = CARTESIAN_POINT ( 'NONE',  ( -0.03937569613812913483, 0.07086614173230532110, 0.05115784907748212318 ) ) ;
#699 = DIRECTION ( 'NONE',  ( 0.000000000000000000, 1.000000000000000000, -3.491481338843134933E-15 ) ) ;
#700 = DIRECTION ( 'NONE',  ( 1.000000000000000000, -1.442352733928416201E-28, -4.131062417209784855E-14 ) ) ;
#701 = VECTOR ( 'NONE', #1571, 39.37007874015748143 ) ;
#702 = LINE ( 'NONE', #2011, #5026 ) ;
#703 = VECTOR ( 'NONE', #4338, 39.37007874015748143 ) ;
#704 = ORIENTED_EDGE ( 'NONE', *, *, #3981, .F. ) ;
#705 = DIRECTION ( 'NONE',  ( -1.000000000000000000, 0.000000000000000000, 0.000000000000000000 ) ) ;
#706 = ORIENTED_EDGE ( 'NONE', *, *, #1831, .F. ) ;
#707 = VECTOR ( 'NONE', #1012, 39.37007874015748143 ) ;
#708 = CARTESIAN_POINT ( 'NONE',  ( -0.02609774249628226198, 0.1115510243338290464, 0.07953898098657313787 ) ) ;
#709 = DIRECTION ( 'NONE',  ( -3.200000000000000249E-14, -1.000000000000000000, 3.491481338843134933E-15 ) ) ;
#710 = ORIENTED_EDGE ( 'NONE', *, *, #722, .T. ) ;
#711 = CIRCLE ( 'NONE', #4597, 0.005905511811027342947 ) ;
#712 = EDGE_CURVE ( 'NONE', #2531, #5452, #5830, .T. ) ;
#713 = DIRECTION ( 'NONE',  ( 4.027719855167626086E-14, 3.491481338843134933E-15, 1.000000000000000000 ) ) ;
#714 = ORIENTED_EDGE ( 'NONE', *, *, #5064, .T. ) ;
#715 = CARTESIAN_POINT ( 'NONE',  ( -0.1932060945040063038, 0.03937007874020354709, -0.04726734777295716478 ) ) ;
#716 = ORIENTED_EDGE ( 'NONE', *, *, #5674, .T. ) ;
#717 = AXIS2_PLACEMENT_3D ( 'NONE', #5385, #1270, #1731 ) ;
#718 = B_SPLINE_CURVE_WITH_KNOTS ( 'NONE', 3,
 ( #4169, #3665, #3124, #3223, #3154, #3727 ),
 .UNSPECIFIED., .F., .F.,
 ( 4, 2, 4 ),
 ( 4.489200335619058788E-16, 0.0002606151175159572629, 0.0005212302350314662082 ),
 .UNSPECIFIED. ) ;
#719 = CARTESIAN_POINT ( 'NONE',  ( -0.04615812598080749896, 0.08858514506873692296, 0.05860605644249963081 ) ) ;
#720 = VERTEX_POINT ( 'NONE', #3676 ) ;
#721 = CARTESIAN_POINT ( 'NONE',  ( -0.06648637496365107646, 0.1007242526802854948, 0.04907806035724094490 ) ) ;
#722 = EDGE_CURVE ( 'NONE', #6367, #1459, #1179, .T. ) ;
#723 = VECTOR ( 'NONE', #4631, 39.37007874015748143 ) ;
#724 = VECTOR ( 'NONE', #4778, 39.37007874015748143 ) ;
#725 = CARTESIAN_POINT ( 'NONE',  ( 0.08935603980465453566, -0.03543300589955051400, 0.1574570616759005948 ) ) ;
#726 = CARTESIAN_POINT ( 'NONE',  ( -0.01401939056108515713, -0.02952749408851968599, -0.04726734777295692885 ) ) ;
#727 = ORIENTED_EDGE ( 'NONE', *, *, #2310, .F. ) ;
#728 = LINE ( 'NONE', #1297, #4397 ) ;
#729 = PRODUCT ( 'Same_Sky_SLW-12689-4A-N-D', 'Same_Sky_SLW-12689-4A-N-D', '', ( #390 ) ) ;
#730 = EDGE_CURVE ( 'NONE', #986, #1217, #4688, .T. ) ;
#731 = VECTOR ( 'NONE', #2814, 39.37007874015748143 ) ;
#732 = CARTESIAN_POINT ( 'NONE',  ( -0.08071427881530317261, -0.1397637795275556982, 0.05115784907748369831 ) ) ;
#733 = AXIS2_PLACEMENT_3D ( 'NONE', #5067, #2386, #915 ) ;
#734 = CARTESIAN_POINT ( 'NONE',  ( -0.1220528614924594468, 0.03937007874016299619, 0.05115784907748401056 ) ) ;
#735 = VERTEX_POINT ( 'NONE', #2119 ) ;
#736 = DIRECTION ( 'NONE',  ( -1.000000000000000000, 1.431507348925684052E-28, 4.100000000000000200E-14 ) ) ;
#737 = EDGE_LOOP ( 'NONE', ( #2060, #2629, #3819, #170 ) ) ;
#738 = DIRECTION ( 'NONE',  ( 0.000000000000000000, 1.000000000000000000, -3.491481338843134933E-15 ) ) ;
#739 = VECTOR ( 'NONE', #5178, 39.37007874015748143 ) ;
#740 = DIRECTION ( 'NONE',  ( 1.000000000000000000, -1.442352733928416201E-28, -4.131062417209784855E-14 ) ) ;
#741 = DIRECTION ( 'NONE',  ( 1.000000000000000000, 0.000000000000000000, 0.000000000000000000 ) ) ;
#742 = VECTOR ( 'NONE', #2640, 39.37007874015748143 ) ;
#743 = EDGE_CURVE ( 'NONE', #619, #3760, #6294, .T. ) ;
#744 = CARTESIAN_POINT ( 'NONE',  ( -0.1820053207754530888, 0.1771653543306865031, -0.04886031146247317436 ) ) ;
#745 = CARTESIAN_POINT ( 'NONE',  ( -0.05770551363031868608, 0.1856980059611252620, 0.03201161803921587223 ) ) ;
#746 = ORIENTED_EDGE ( 'NONE', *, *, #6029, .T. ) ;
#747 = CARTESIAN_POINT ( 'NONE',  ( -0.03173592599414968435, -0.02952749408851968599, -0.04726734777295692885 ) ) ;
#748 = ORIENTED_EDGE ( 'NONE', *, *, #2544, .T. ) ;
#749 = CARTESIAN_POINT ( 'NONE',  ( 0.01152436365490823456, 0.2447531240713612666, 0.06633902089459715878 ) ) ;
#750 = LINE ( 'NONE', #814, #1242 ) ;
#751 = VERTEX_POINT ( 'NONE', #5859 ) ;
#752 = CARTESIAN_POINT ( 'NONE',  ( 0.1082620991375134178, 0.04724409448819590768, 0.08068540813254924948 ) ) ;
#753 = ORIENTED_EDGE ( 'NONE', *, *, #3475, .F. ) ;
#754 = CARTESIAN_POINT ( 'NONE',  ( -0.1594544362955565286, 0.1751968503937112731, 0.1043074553766755869 ) ) ;
#755 = EDGE_LOOP ( 'NONE', ( #3125, #528, #2256, #3020 ) ) ;
#756 = CARTESIAN_POINT ( 'NONE',  ( -0.04752334327065738107, 0.2034145413941958747, 0.03706041311996065291 ) ) ;
#757 = EDGE_LOOP ( 'NONE', ( #6293, #3532, #1284, #4090 ) ) ;
#758 = CARTESIAN_POINT ( 'NONE',  ( -0.06648637496365107646, 0.1282833077983957792, 0.04907806035724085469 ) ) ;
#759 =( NAMED_UNIT ( * ) PLANE_ANGLE_UNIT ( ) SI_UNIT ( $, .RADIAN. ) );
#760 = CARTESIAN_POINT ( 'NONE',  ( -0.08465128668925708810, 0.1614173228346534039, 0.1102129671876681122 ) ) ;
#761 = FACE_OUTER_BOUND ( 'NONE', #1631, .T. ) ;
#762 =( NAMED_UNIT ( * ) SI_UNIT ( $, .STERADIAN. ) SOLID_ANGLE_UNIT ( ) );
#763 = ORIENTED_EDGE ( 'NONE', *, *, #1884, .T. ) ;
#764 = PLANE ( 'NONE',  #5686 ) ;
#765 = EDGE_CURVE ( 'NONE', #3873, #2258, #3136, .T. ) ;
#766 = LINE ( 'NONE', #2341, #2023 ) ;
#767 = CARTESIAN_POINT ( 'NONE',  ( 0.2530262677567337581, 0.1832594144725727126, -0.07020606461768345852 ) ) ;
#768 = ORIENTED_EDGE ( 'NONE', *, *, #4107, .T. ) ;
#769 = DIRECTION ( 'NONE',  ( 2.065531208604895267E-14, 3.491481338843134933E-15, 1.000000000000000000 ) ) ;
#770 = VERTEX_POINT ( 'NONE', #113 ) ;
#771 = CARTESIAN_POINT ( 'NONE',  ( 0.1692857211847043630, -5.395399787486921188E-15, 0.05115784907747802923 ) ) ;
#772 = EDGE_CURVE ( 'NONE', #1157, #560, #1984, .T. ) ;
#773 = CARTESIAN_POINT ( 'NONE',  ( 0.2555061936257114197, -0.03937007874011079489, 0.1298980065638165593 ) ) ;
#774 = DIRECTION ( 'NONE',  ( -2.099999999999999887E-14, -3.491481338843134933E-15, -1.000000000000000000 ) ) ;
#775 = ADVANCED_FACE ( 'NONE', ( #5361 ), #2795, .F. ) ;
#776 = LINE ( 'NONE', #2825, #408 ) ;
#777 = EDGE_LOOP ( 'NONE', ( #1262, #1642, #1583, #1178 ) ) ;
#778 = ADVANCED_FACE ( 'NONE', ( #5495 ), #4927, .T. ) ;
#779 = CARTESIAN_POINT ( 'NONE',  ( -0.1932060945040063038, 0.1652358356420011720, -0.04726734777295763662 ) ) ;
#780 = CARTESIAN_POINT ( 'NONE',  ( 0.0003002344596201086545, 0.1322203156724114093, 0.04484619628383346851 ) ) ;
#781 = DIRECTION ( 'NONE',  ( 1.000000000000000000, -1.431507348925684052E-28, -4.100000000000000200E-14 ) ) ;
#782 = ORIENTED_EDGE ( 'NONE', *, *, #5913, .T. ) ;
#783 = EDGE_CURVE ( 'NONE', #3517, #3134, #4036, .T. ) ;
#784 = CARTESIAN_POINT ( 'NONE',  ( -0.08465128668923979638, 0.1771653543307547263, -0.02167679659181440815 ) ) ;
#785 = ORIENTED_EDGE ( 'NONE', *, *, #4228, .T. ) ;
#786 = CARTESIAN_POINT ( 'NONE',  ( -0.01503261620223423495, -0.03543300589955646063, -0.07088939501700945722 ) ) ;
#787 = EDGE_LOOP ( 'NONE', ( #1506, #3784, #5911, #18, #3977, #1296, #4617, #1883, #4599, #4198, #6417, #1851, #2673, #3549, #433, #4218, #5262, #2758, #2293, #4415, #442, #4136 ) ) ;
#788 = CARTESIAN_POINT ( 'NONE',  ( -0.03648728442924677184, 0.1788082421815977430, 0.06340131084578595755 ) ) ;
#789 = ORIENTED_EDGE ( 'NONE', *, *, #1737, .T. ) ;
#790 = CARTESIAN_POINT ( 'NONE',  ( 0.008721745602250967344, 0.2224434127852719656, 0.02210854609705913826 ) ) ;
#791 = CARTESIAN_POINT ( 'NONE',  ( 0.2749581257352277097, 0.1806847312904921454, 0.1189760846734973371 ) ) ;
#792 = CARTESIAN_POINT ( 'NONE',  ( 0.2563287443777120256, 0.1771653543307773193, 0.1354279781212988087 ) ) ;
#793 = CARTESIAN_POINT ( 'NONE',  ( 0.1751912329957273917, 0.03937007874017133674, -0.05514136352094740900 ) ) ;
#794 = LINE ( 'NONE', #5943, #4704 ) ;
#795 = ORIENTED_EDGE ( 'NONE', *, *, #3889, .T. ) ;
#796 = CARTESIAN_POINT ( 'NONE',  ( 0.08660855583036969341, 1.604960696277754123E-14, -0.06695238714299271698 ) ) ;
#797 = CARTESIAN_POINT ( 'NONE',  ( -0.1816512612313759822, -0.03937007874011102387, 0.06886498602283307180 ) ) ;
#798 = ORIENTED_EDGE ( 'NONE', *, *, #4067, .T. ) ;
#799 = CARTESIAN_POINT ( 'NONE',  ( 0.2739002857465748231, 0.1806218145799527441, 0.1189870152989342539 ) ) ;
#800 = AXIS2_PLACEMENT_3D ( 'NONE', #2649, #1105, #164 ) ;
#801 = ORIENTED_EDGE ( 'NONE', *, *, #208, .T. ) ;
#802 = EDGE_CURVE ( 'NONE', #3856, #1346, #808, .T. ) ;
#803 = DIRECTION ( 'NONE',  ( 0.000000000000000000, 1.000000000000000000, -3.491481338843134933E-15 ) ) ;
#804 = DIRECTION ( 'NONE',  ( 1.000000000000000000, -1.431507348925684052E-28, -4.100000000000000200E-14 ) ) ;
#805 = AXIS2_PLACEMENT_3D ( 'NONE', #1334, #4882, #840 ) ;
#806 = CARTESIAN_POINT ( 'NONE',  ( -0.1006335637894395785, 0.03937007874020338749, -0.07088939501700984580 ) ) ;
#807 = CARTESIAN_POINT ( 'NONE',  ( 0.2558998944130543296, 0.03937007874016992121, 0.1535200538018856586 ) ) ;
#808 = CIRCLE ( 'NONE', #1762, 0.04282706631352100474 ) ;
#809 = EDGE_CURVE ( 'NONE', #6073, #4837, #2898, .T. ) ;
#810 = VERTEX_POINT ( 'NONE', #2828 ) ;
#811 = CARTESIAN_POINT ( 'NONE',  ( 0.2925759952178397794, 0.1999753174074622442, -0.07088939501704961954 ) ) ;
#812 = CARTESIAN_POINT ( 'NONE',  ( 0.0003002344596201086545, 0.1046612605543011804, 0.04484619628383362810 ) ) ;
#813 = CIRCLE ( 'NONE', #5118, 0.02558115269038244155 ) ;
#814 = CARTESIAN_POINT ( 'NONE',  ( -0.1594544362955612193, 0.1751968503937108290, -0.01380278084380127772 ) ) ;
#815 = ORIENTED_EDGE ( 'NONE', *, *, #1785, .F. ) ;
#816 = AXIS2_PLACEMENT_3D ( 'NONE', #1070, #3222, #2709 ) ;
#817 = DIRECTION ( 'NONE',  ( -2.065531208604895267E-14, -3.491481338843134933E-15, -1.000000000000000000 ) ) ;
#818 = ORIENTED_EDGE ( 'NONE', *, *, #2722, .T. ) ;
#819 = CARTESIAN_POINT ( 'NONE',  ( 0.2440888707909996402, 1.167865017291472482E-14, -0.06695238714299607541 ) ) ;
#820 = VERTEX_POINT ( 'NONE', #779 ) ;
#821 = EDGE_CURVE ( 'NONE', #4194, #2616, #5219, .T. ) ;
#822 = VECTOR ( 'NONE', #1412, 39.37007874015748143 ) ;
#823 = CARTESIAN_POINT ( 'NONE',  ( -0.009522585709339104892, 0.1145037802393405885, 0.04546860907183911116 ) ) ;
#824 = ORIENTED_EDGE ( 'NONE', *, *, #1299, .T. ) ;
#825 = CARTESIAN_POINT ( 'NONE',  ( -0.02537904211487844452, 0.08399196921571856767, 0.09088139672407304082 ) ) ;
#826 = SURFACE_STYLE_USAGE ( .BOTH. , #4262 ) ;
#827 = LINE ( 'NONE', #4871, #5587 ) ;
#828 = CARTESIAN_POINT ( 'NONE',  ( 0.03345894953121016091, 0.1614173228346527933, -0.01970829265484606505 ) ) ;
#829 = CARTESIAN_POINT ( 'NONE',  ( -0.1811079796027023625, 5.122214988120487569E-15, -0.06695238714298701321 ) ) ;
#830 = VECTOR ( 'NONE', #1267, 39.37007874015748143 ) ;
#831 = VERTEX_POINT ( 'NONE', #3978 ) ;
#832 = CARTESIAN_POINT ( 'NONE',  ( -0.05770551363031844322, 0.1482964311579755001, 0.03201161803921642041 ) ) ;
#833 = LINE ( 'NONE', #3997, #93 ) ;
#834 = CARTESIAN_POINT ( 'NONE',  ( 0.08660855583036969341, -3.619698591605149208E-15, -0.05514136352094543836 ) ) ;
#835 = ORIENTED_EDGE ( 'NONE', *, *, #6567, .F. ) ;
#836 = AXIS2_PLACEMENT_3D ( 'NONE', #1187, #1686, #3244 ) ;
#837 = CARTESIAN_POINT ( 'NONE',  ( 0.1060593495963950833, -0.02952749408851901639, 0.1574570616759005948 ) ) ;
#838 = VECTOR ( 'NONE', #2417, 39.37007874015748143 ) ;
#839 = ORIENTED_EDGE ( 'NONE', *, *, #4722, .F. ) ;
#840 = DIRECTION ( 'NONE',  ( -1.000000000000000000, 1.431507348925684052E-28, 4.100000000000000200E-14 ) ) ;
#841 = CARTESIAN_POINT ( 'NONE',  ( -0.05887281091739123007, 0.05441342046638292240, 0.01698859237853977619 ) ) ;
#842 = DIRECTION ( 'NONE',  ( 1.000000000000000000, 0.000000000000000000, 0.000000000000000000 ) ) ;
#843 = VECTOR ( 'NONE', #4196, 39.37007874015748143 ) ;
#844 = AXIS2_PLACEMENT_3D ( 'NONE', #6119, #6521, #1940 ) ;
#845 = EDGE_CURVE ( 'NONE', #3891, #4268, #3882, .T. ) ;
#846 = DIRECTION ( 'NONE',  ( -3.200000000000000249E-14, -1.000000000000000000, 3.491481338843134933E-15 ) ) ;
#847 = CARTESIAN_POINT ( 'NONE',  ( -0.0007417243760064197141, 0.1948843576671620281, 0.02840216675381457972 ) ) ;
#848 = AXIS2_PLACEMENT_3D ( 'NONE', #6114, #488, #2540 ) ;
#849 = VECTOR ( 'NONE', #1515, 39.37007874015748143 ) ;
#850 = ORIENTED_EDGE ( 'NONE', *, *, #5726, .T. ) ;
#851 = DIRECTION ( 'NONE',  ( -2.065531208604895267E-14, -3.491481338843134933E-15, -1.000000000000000000 ) ) ;
#852 = AXIS2_PLACEMENT_3D ( 'NONE', #1391, #3448, #5510 ) ;
#853 = EDGE_CURVE ( 'NONE', #1717, #1082, #2383, .T. ) ;
#854 = PLANE ( 'NONE',  #3612 ) ;
#855 = ORIENTED_EDGE ( 'NONE', *, *, #39, .F. ) ;
#856 = B_SPLINE_CURVE_WITH_KNOTS ( 'NONE', 3,
 ( #3330, #4850, #6388, #1766 ),
 .UNSPECIFIED., .F., .F.,
 ( 4, 4 ),
 ( 9.627602963763901455E-16, 0.0003128832506001768057 ),
 .UNSPECIFIED. ) ;
#857 = DIRECTION ( 'NONE',  ( -1.000000000000000000, 2.793421535665765038E-16, 2.099999999999999887E-14 ) ) ;
#858 = EDGE_CURVE ( 'NONE', #4453, #3545, #4388, .T. ) ;
#859 = EDGE_LOOP ( 'NONE', ( #517, #6382, #5611, #3769 ) ) ;
#860 = CARTESIAN_POINT ( 'NONE',  ( -0.01987603590582453367, 0.2378633602918339141, 0.02990053300728299709 ) ) ;
#861 = VERTEX_POINT ( 'NONE', #2281 ) ;
#862 = CARTESIAN_POINT ( 'NONE',  ( -0.04523205402610042808, 0.1414066673784483696, 0.08103734724004141299 ) ) ;
#863 = FACE_BOUND ( 'NONE', #6059, .T. ) ;
#864 = DIRECTION ( 'NONE',  ( 1.000000000000000000, -5.566118461305780248E-15, -2.099999999999999887E-14 ) ) ;
#865 = ADVANCED_FACE ( 'NONE', ( #1880 ), #3909, .T. ) ;
#866 = LINE ( 'NONE', #3481, #3500 ) ;
#867 = LINE ( 'NONE', #2914, #5783 ) ;
#868 = VERTEX_POINT ( 'NONE', #880 ) ;
#869 = DIRECTION ( 'NONE',  ( 0.000000000000000000, 3.380096403429978750E-15, 1.000000000000000000 ) ) ;
#870 = PLANE ( 'NONE',  #3208 ) ;
#871 = LINE ( 'NONE', #3928, #6304 ) ;
#872 = ORIENTED_EDGE ( 'NONE', *, *, #3540, .T. ) ;
#873 = ORIENTED_EDGE ( 'NONE', *, *, #4222, .T. ) ;
#874 = CARTESIAN_POINT ( 'NONE',  ( -0.03173592599414968435, 0.1771653543307555034, 0.1377720223057840587 ) ) ;
#875 = LINE ( 'NONE', #3363, #6399 ) ;
#876 = DIRECTION ( 'NONE',  ( -2.065531208604895267E-14, -3.491481338843134933E-15, -1.000000000000000000 ) ) ;
#877 = ORIENTED_EDGE ( 'NONE', *, *, #2867, .F. ) ;
#878 = PLANE ( 'NONE',  #3507 ) ;
#879 = DIRECTION ( 'NONE',  ( -1.000000000000000000, 2.793421535665763066E-16, 2.099999999999999887E-14 ) ) ;
#880 = CARTESIAN_POINT ( 'NONE',  ( 0.1237758850294596452, -0.02952749408851909271, 0.1338350144317692891 ) ) ;
#881 = PLANE ( 'NONE',  #2749 ) ;
#882 = VERTEX_POINT ( 'NONE', #312 ) ;
#883 = EDGE_CURVE ( 'NONE', #3134, #4933, #2420, .T. ) ;
#884 = DIRECTION ( 'NONE',  ( 2.065531208604895267E-14, 3.491481338843134933E-15, 1.000000000000000000 ) ) ;
#885 = EDGE_LOOP ( 'NONE', ( #5863, #2731, #4331, #4229 ) ) ;
#886 = CARTESIAN_POINT ( 'NONE',  ( -0.01237777460051775469, 0.08169538128920945941, 0.07041460340021279962 ) ) ;
#887 = CARTESIAN_POINT ( 'NONE',  ( -0.03648728442924677184, 0.09613107682726708403, 0.06340131084578630449 ) ) ;
#888 = EDGE_CURVE ( 'NONE', #5452, #810, #3279, .T. ) ;
#889 = VERTEX_POINT ( 'NONE', #2862 ) ;
#890 = CARTESIAN_POINT ( 'NONE',  ( 0.008721745602250967344, 0.1023646726277918362, 0.02210854609705954765 ) ) ;
#891 = EDGE_CURVE ( 'NONE', #6056, #356, #4422, .T. ) ;
#892 = FACE_OUTER_BOUND ( 'NONE', #3348, .T. ) ;
#893 = DIRECTION ( 'NONE',  ( 1.000000000000000000, -7.211763669642100061E-29, -2.065531208604895267E-14 ) ) ;
#894 = APPLICATION_PROTOCOL_DEFINITION ( 'draft international standard', 'automotive_design', 1998, #3526 ) ;
#895 = DIRECTION ( 'NONE',  ( 1.000000000000000000, -3.605881834821045546E-29, -1.032765604302446056E-14 ) ) ;
#896 = CARTESIAN_POINT ( 'NONE',  ( 0.03345894953121524018, 0.1751968503937112731, 0.1043074553766582813 ) ) ;
#897 = ORIENTED_EDGE ( 'NONE', *, *, #4881, .T. ) ;
#898 = CARTESIAN_POINT ( 'NONE',  ( 0.001342193295246887907, 0.1069578484808104551, 0.06129022581385276669 ) ) ;
#899 = FACE_OUTER_BOUND ( 'NONE', #4026, .T. ) ;
#900 = PLANE ( 'NONE',  #4389 ) ;
#901 = ORIENTED_EDGE ( 'NONE', *, *, #3508, .F. ) ;
#902 = FACE_OUTER_BOUND ( 'NONE', #5917, .T. ) ;
#903 = PLANE ( 'NONE',  #2515 ) ;
#904 = DIRECTION ( 'NONE',  ( -1.000000000000000000, 7.211763669642100061E-29, 2.065531208604895267E-14 ) ) ;
#905 = CARTESIAN_POINT ( 'NONE',  ( -0.04398554573455393940, 0.1604355387695241830, 0.02288724045285618278 ) ) ;
#906 = VERTEX_POINT ( 'NONE', #3402 ) ;
#907 = DIRECTION ( 'NONE',  ( 2.793421535665029918E-16, 1.000000000000000000, -3.491481338842465190E-15 ) ) ;
#908 = EDGE_CURVE ( 'NONE', #4413, #5789, #2519, .T. ) ;
#909 = DIRECTION ( 'NONE',  ( 0.000000000000000000, -1.000000000000000000, 3.491481338843134933E-15 ) ) ;
#910 = ORIENTED_EDGE ( 'NONE', *, *, #5337, .T. ) ;
#911 = CARTESIAN_POINT ( 'NONE',  ( 0.03345894953121547610, 0.1614173228346534039, 0.1102129671876681122 ) ) ;
#912 = LINE ( 'NONE', #1952, #3834 ) ;
#913 = AXIS2_PLACEMENT_3D ( 'NONE', #4858, #4487, #5394 ) ;
#914 = ORIENTED_EDGE ( 'NONE', *, *, #2318, .T. ) ;
#915 = DIRECTION ( 'NONE',  ( 0.000000000000000000, -3.380096403429979145E-15, -1.000000000000000000 ) ) ;
#916 = ORIENTED_EDGE ( 'NONE', *, *, #1107, .F. ) ;
#917 = PLANE ( 'NONE',  #947 ) ;
#918 = AXIS2_PLACEMENT_3D ( 'NONE', #2112, #4178, #1607 ) ;
#919 = EDGE_CURVE ( 'NONE', #1749, #5820, #4626, .T. ) ;
#920 = UNCERTAINTY_MEASURE_WITH_UNIT (LENGTH_MEASURE( 1.000000000000000082E-05 ), #1033, 'distance_accuracy_value', 'NONE');
#921 = CARTESIAN_POINT ( 'NONE',  ( -0.008839977064414398025, 0.1443594232839601199, 0.05624143073310793051 ) ) ;
#922 = VERTEX_POINT ( 'NONE', #6569 ) ;
#923 = CARTESIAN_POINT ( 'NONE',  ( 0.01152436365490823456, 0.1069578484808104551, 0.06633902089459770002 ) ) ;
#924 = AXIS2_PLACEMENT_3D ( 'NONE', #5338, #1293, #1827 ) ;
#925 = DIRECTION ( 'NONE',  ( -4.100000000000000200E-14, -3.491481338843134933E-15, -1.000000000000000000 ) ) ;
#926 = LINE ( 'NONE', #2943, #3721 ) ;
#927 = CARTESIAN_POINT ( 'NONE',  ( -0.01237777460051775469, 0.08661664113172913571, 0.07041460340021279962 ) ) ;
#928 = ORIENTED_EDGE ( 'NONE', *, *, #5956, .T. ) ;
#929 = FACE_OUTER_BOUND ( 'NONE', #3267, .T. ) ;
#930 = VECTOR ( 'NONE', #4142, 39.37007874015748143 ) ;
#931 = CARTESIAN_POINT ( 'NONE',  ( -0.08511977789730709731, 0.1771653543307550871, 0.1082444632507041371 ) ) ;
#932 = EDGE_CURVE ( 'NONE', #162, #367, #5663, .T. ) ;
#933 = FACE_OUTER_BOUND ( 'NONE', #3999, .T. ) ;
#934 = ORIENTED_EDGE ( 'NONE', *, *, #1213, .T. ) ;
#935 = DIRECTION ( 'NONE',  ( 0.000000000000000000, -1.000000000000000000, 3.491481338843134933E-15 ) ) ;
#936 = VECTOR ( 'NONE', #1169, 39.37007874015748143 ) ;
#937 = CYLINDRICAL_SURFACE ( 'NONE', #6277, 0.01377952755905360177 ) ;
#938 = FACE_OUTER_BOUND ( 'NONE', #3814, .T. ) ;
#939 = CARTESIAN_POINT ( 'NONE',  ( -0.0007417243760064197141, 0.2224434127852721876, 0.02840216675381443748 ) ) ;
#940 = EDGE_CURVE ( 'NONE', #1486, #583, #4390, .T. ) ;
#941 = VERTEX_POINT ( 'NONE', #1950 ) ;
#942 = VECTOR ( 'NONE', #3283, 39.37007874015748143 ) ;
#943 = AXIS2_PLACEMENT_3D ( 'NONE', #3063, #4552, #5120 ) ;
#944 = CARTESIAN_POINT ( 'NONE',  ( -0.1003993181853708727, 0.03937007874016110187, 0.1417090301798458740 ) ) ;
#945 = CARTESIAN_POINT ( 'NONE',  ( -0.08465128668925708810, 0.1614173228346534039, 0.1102129671876681122 ) ) ;
#946 = ORIENTED_EDGE ( 'NONE', *, *, #1587, .T. ) ;
#947 = AXIS2_PLACEMENT_3D ( 'NONE', #4994, #1956, #2526 ) ;
#948 = CARTESIAN_POINT ( 'NONE',  ( -0.01401939056108515713, -0.02952749408851968599, -0.04726734777295692885 ) ) ;
#949 = VECTOR ( 'NONE', #2698, 39.37007874015748143 ) ;
#950 = EDGE_CURVE ( 'NONE', #1007, #672, #4653, .T. ) ;
#951 = DIRECTION ( 'NONE',  ( -1.000000000000000000, 2.793421535665763066E-16, 2.099999999999999887E-14 ) ) ;
#952 = AXIS2_PLACEMENT_3D ( 'NONE', #5846, #1165, #5413 ) ;
#953 = EDGE_CURVE ( 'NONE', #227, #2766, #813, .T. ) ;
#954 = VECTOR ( 'NONE', #3259, 39.37007874015748143 ) ;
#955 = VERTEX_POINT ( 'NONE', #2459 ) ;
#956 = B_SPLINE_CURVE_WITH_KNOTS ( 'NONE', 3,
 ( #4088, #1489, #5099, #3546 ),
 .UNSPECIFIED., .F., .F.,
 ( 4, 4 ),
 ( 2.435596896332534207E-17, 0.0001847882957841489573 ),
 .UNSPECIFIED. ) ;
#957 = CARTESIAN_POINT ( 'NONE',  ( 0.03345894953121524018, 0.1751968503937112731, 0.1043074553766582813 ) ) ;
#958 = VECTOR ( 'NONE', #4263, 39.37007874015748143 ) ;
#959 = ORIENTED_EDGE ( 'NONE', *, *, #2939, .T. ) ;
#960 = FACE_OUTER_BOUND ( 'NONE', #6243, .T. ) ;
#961 = AXIS2_PLACEMENT_3D ( 'NONE', #1294, #2811, #6415 ) ;
#962 = CARTESIAN_POINT ( 'NONE',  ( 0.0003002344596201086545, 0.1420628353574507896, 0.04484619628383346851 ) ) ;
#963 = ORIENTED_EDGE ( 'NONE', *, *, #6567, .T. ) ;
#964 = PLANE ( 'NONE',  #5962 ) ;
#965 = PLANE ( 'NONE',  #3848 ) ;
#966 = CARTESIAN_POINT ( 'NONE',  ( -0.03173592599414968435, -0.02952749408851984905, -0.07088939501700945722 ) ) ;
#967 = CARTESIAN_POINT ( 'NONE',  ( -0.04945246142723173227, -0.02952749408851984905, -0.07088939501700945722 ) ) ;
#968 = ORIENTED_EDGE ( 'NONE', *, *, #129, .T. ) ;
#969 = CARTESIAN_POINT ( 'NONE',  ( -0.05666355479469196987, 0.1184407881133563017, 0.04845564756923519817 ) ) ;
#970 = CARTESIAN_POINT ( 'NONE',  ( -0.1594544362955624128, 0.04724409448819551216, -0.04333033989892008664 ) ) ;
#971 = ORIENTED_EDGE ( 'NONE', *, *, #4118, .F. ) ;
#972 = CARTESIAN_POINT ( 'NONE',  ( -0.08465128668925731015, 0.3425196850393794623, 0.1043074553766576706 ) ) ;
#973 = CARTESIAN_POINT ( 'NONE',  ( -0.1974533285108968639, 0.1771653543307547263, -0.03368633418161787185 ) ) ;
#974 = DIRECTION ( 'NONE',  ( 1.000000000000000000, -1.431507348925684052E-28, -4.100000000000000200E-14 ) ) ;
#975 = LINE ( 'NONE', #5595, #4791 ) ;
#976 = CARTESIAN_POINT ( 'NONE',  ( -0.04398554573455393940, 0.1053174285333037530, 0.02288724045285638053 ) ) ;
#977 = ADVANCED_FACE ( 'NONE', ( #4525 ), #5631, .F. ) ;
#978 = EDGE_LOOP ( 'NONE', ( #5867, #5183, #5105, #3962 ) ) ;
#979 = PLANE ( 'NONE',  #5989 ) ;
#980 = CARTESIAN_POINT ( 'NONE',  ( 0.2440888707910039424, 1.242990837117240149E-14, 0.1535200538018860195 ) ) ;
#981 = EDGE_CURVE ( 'NONE', #4925, #5335, #1011, .T. ) ;
#982 = ORIENTED_EDGE ( 'NONE', *, *, #5371, .F. ) ;
#983 = CARTESIAN_POINT ( 'NONE',  ( -0.1594544362955624128, 0.04724409448819551216, -0.04333033989892008664 ) ) ;
#984 = EDGE_CURVE ( 'NONE', #2482, #6425, #6057, .T. ) ;
#985 = CARTESIAN_POINT ( 'NONE',  ( -0.01397259164999757955, 0.3425196850393794623, 0.1043074553766576706 ) ) ;
#986 = VERTEX_POINT ( 'NONE', #6599 ) ;
#987 = CARTESIAN_POINT ( 'NONE',  ( 0.05117548496422748977, -0.1397637795275590566, 0.03540981758141799329 ) ) ;
#988 = ORIENTED_EDGE ( 'NONE', *, *, #3719, .F. ) ;
#989 = DIRECTION ( 'NONE',  ( 0.000000000000000000, -1.000000000000000000, 3.491481338843134933E-15 ) ) ;
#990 = CARTESIAN_POINT ( 'NONE',  ( -0.009522585709339104892, 0.2247400007117815457, 0.04546860907183870176 ) ) ;
#991 = ORIENTED_EDGE ( 'NONE', *, *, #1473, .T. ) ;
#992 = EDGE_CURVE ( 'NONE', #6027, #1452, #6028, .T. ) ;
#993 = FACE_BOUND ( 'NONE', #4741, .T. ) ;
#994 = DIRECTION ( 'NONE',  ( 2.099999999999999887E-14, 3.491481338843134933E-15, 1.000000000000000000 ) ) ;
#995 = ORIENTED_EDGE ( 'NONE', *, *, #5460, .T. ) ;
#996 = CARTESIAN_POINT ( 'NONE',  ( -0.04398554573455393940, 0.2332701844388157530, 0.02288724045285595032 ) ) ;
#997 = CYLINDRICAL_SURFACE ( 'NONE', #848, 0.04282706631352100474 ) ;
#998 = CARTESIAN_POINT ( 'NONE',  ( 0.0003002344596201086545, 0.1046612605543011804, 0.04484619628383362810 ) ) ;
#999 = ORIENTED_EDGE ( 'NONE', *, *, #1659, .T. ) ;
#1000 = CARTESIAN_POINT ( 'NONE',  ( -0.04398554573455393940, 0.1604355387695241830, 0.02288724045285618278 ) ) ;
#1001 = CARTESIAN_POINT ( 'NONE',  ( 0.2440888707910039424, 1.242990837117240149E-14, 0.1535200538018860195 ) ) ;
#1002 = DIRECTION ( 'NONE',  ( 1.000000000000000000, 0.000000000000000000, 0.000000000000000000 ) ) ;
#1003 = CARTESIAN_POINT ( 'NONE',  ( -0.06189358770221949774, 0.2677165354330799385, 0.06887438451051122734 ) ) ;
#1004 = CARTESIAN_POINT ( 'NONE',  ( -0.01237777460051775469, 0.1190969560923590687, 0.07041460340021279962 ) ) ;
#1005 = ORIENTED_EDGE ( 'NONE', *, *, #5202, .T. ) ;
#1006 = LINE ( 'NONE', #4, #6092 ) ;
#1007 = VERTEX_POINT ( 'NONE', #5024 ) ;
#1008 = CARTESIAN_POINT ( 'NONE',  ( -0.06890325519320059100, 0.1259842519685108464, 0.04525233726642154120 ) ) ;
#1009 = ADVANCED_FACE ( 'NONE', ( #3467 ), #3065, .T. ) ;
#1010 = ORIENTED_EDGE ( 'NONE', *, *, #3824, .T. ) ;
#1011 = LINE ( 'NONE', #6129, #6507 ) ;
#1012 = DIRECTION ( 'NONE',  ( 0.000000000000000000, -1.000000000000000000, 3.491481338843134933E-15 ) ) ;
#1013 = EDGE_CURVE ( 'NONE', #5141, #372, #6091, .T. ) ;
#1014 = VERTEX_POINT ( 'NONE', #2016 ) ;
#1015 = DIRECTION ( 'NONE',  ( 2.099999999999999887E-14, 3.491481338843134933E-15, 1.000000000000000000 ) ) ;
#1016 = ORIENTED_EDGE ( 'NONE', *, *, #5090, .F. ) ;
#1017 = FACE_OUTER_BOUND ( 'NONE', #3327, .T. ) ;
#1018 = VECTOR ( 'NONE', #127, 39.37007874015748143 ) ;
#1019 = CARTESIAN_POINT ( 'NONE',  ( -0.0007417243760064197141, 0.1673253025490517021, 0.02840216675381466646 ) ) ;
#1020 = ORIENTED_EDGE ( 'NONE', *, *, #4258, .F. ) ;
#1021 = VECTOR ( 'NONE', #2992, 39.37007874015748143 ) ;
#1022 = FACE_OUTER_BOUND ( 'NONE', #6547, .T. ) ;
#1023 = PLANE ( 'NONE',  #6517 ) ;
#1024 = DIRECTION ( 'NONE',  ( -3.200000000000000249E-14, -1.000000000000000000, 3.491481338843134933E-15 ) ) ;
#1025 = EDGE_LOOP ( 'NONE', ( #3073, #284, #2704, #3344, #5498, #4059, #3849, #3300, #6472, #2099 ) ) ;
#1026 = DIRECTION ( 'NONE',  ( 2.099999999999999887E-14, 3.491481338843134933E-15, 1.000000000000000000 ) ) ;
#1027 = ADVANCED_FACE ( 'NONE', ( #5092 ), #472, .F. ) ;
#1028 = CARTESIAN_POINT ( 'NONE',  ( -0.1594544362955565286, 0.3149606299212681093, 0.1043074553766751983 ) ) ;
#1029 = AXIS2_PLACEMENT_3D ( 'NONE', #6121, #4104, #3490 ) ;
#1030 = CARTESIAN_POINT ( 'NONE',  ( 0.001342193295246887907, 0.1345169035989208228, 0.06129022581385275975 ) ) ;
#1031 = ORIENTED_EDGE ( 'NONE', *, *, #1341, .F. ) ;
#1032 = CARTESIAN_POINT ( 'NONE',  ( -0.05562159595906518428, 0.1811048301081070455, 0.06489967709925414940 ) ) ;
#1033 =( CONVERSION_BASED_UNIT ( 'INCH', #4200 ) LENGTH_UNIT ( ) NAMED_UNIT ( #3880 ) );
#1034 = DIRECTION ( 'NONE',  ( -2.793421535665029918E-16, -1.000000000000000000, 3.491481338842465190E-15 ) ) ;
#1035 = CARTESIAN_POINT ( 'NONE',  ( -0.06693475125624508137, -0.1397637795275556982, 0.03540981758142047742 ) ) ;
#1036 = CARTESIAN_POINT ( 'NONE',  ( 0.0003002344596201086545, 0.1145037802393405607, 0.04484619628383354484 ) ) ;
#1037 = VECTOR ( 'NONE', #5199, 39.37007874015748143 ) ;
#1038 = ORIENTED_EDGE ( 'NONE', *, *, #4061, .F. ) ;
#1039 = CARTESIAN_POINT ( 'NONE',  ( 0.2717767521131244091, 0.1771653543307547263, -0.03368633418161787185 ) ) ;
#1040 = CARTESIAN_POINT ( 'NONE',  ( -0.1594544362955578887, 0.1259842519685110407, 0.06887438451052933786 ) ) ;
#1041 = VECTOR ( 'NONE', #4675, 39.37007874015748143 ) ;
#1042 = LINE ( 'NONE', #6259, #5640 ) ;
#1043 = CARTESIAN_POINT ( 'NONE',  ( -0.1932060945040063038, 0.03937007874020354709, -0.04726734777295716478 ) ) ;
#1044 = VECTOR ( 'NONE', #3521, 39.37007874015748143 ) ;
#1045 = CARTESIAN_POINT ( 'NONE',  ( 0.001342193295246887907, 0.1896350138351413084, 0.06129022581385256546 ) ) ;
#1046 = CARTESIAN_POINT ( 'NONE',  ( 0.1227626593883104217, -0.03543300589955290791, 0.1338350144317694834 ) ) ;
#1047 = ORIENTED_EDGE ( 'NONE', *, *, #536, .T. ) ;
#1048 = VECTOR ( 'NONE', #2732, 39.37007874015748143 ) ;
#1049 = VECTOR ( 'NONE', #2671, 39.37007874015748143 ) ;
#1050 = CARTESIAN_POINT ( 'NONE',  ( 0.1082620991375106423, 0.04724409448819574114, 0.009819266400273583481 ) ) ;
#1051 = ORIENTED_EDGE ( 'NONE', *, *, #3128, .T. ) ;
#1052 = DIRECTION ( 'NONE',  ( -1.000000000000000000, 5.566118461305780248E-15, 2.099999999999999887E-14 ) ) ;
#1053 = EDGE_CURVE ( 'NONE', #6644, #2851, #4470, .T. ) ;
#1054 = VECTOR ( 'NONE', #3620, 39.37007874015748143 ) ;
#1055 = AXIS2_PLACEMENT_3D ( 'NONE', #2092, #3613, #2058 ) ;
#1056 = CARTESIAN_POINT ( 'NONE',  ( 0.0003002344596201086545, 0.1696218904755610601, 0.04484619628383339218 ) ) ;
#1057 = VERTEX_POINT ( 'NONE', #6157 ) ;
#1058 = ADVANCED_FACE ( 'NONE', ( #3598 ), #2964, .F. ) ;
#1059 = VECTOR ( 'NONE', #3364, 39.37007874015748143 ) ;
#1060 = LINE ( 'NONE', #4156, #6430 ) ;
#1061 = CARTESIAN_POINT ( 'NONE',  ( -0.003942625271986937262, 0.07086614173230532110, 0.05115784907748141541 ) ) ;
#1062 = EDGE_CURVE ( 'NONE', #5619, #1215, #35, .T. ) ;
#1063 = ORIENTED_EDGE ( 'NONE', *, *, #809, .F. ) ;
#1064 = CARTESIAN_POINT ( 'NONE',  ( -0.03026557783878933150, 0.2080077172472146185, 0.01376286286649598851 ) ) ;
#1065 = PLANE ( 'NONE',  #4282 ) ;
#1066 = CARTESIAN_POINT ( 'NONE',  ( -0.01237777460051775469, 0.1643725466435401461, 0.07041460340021260533 ) ) ;
#1067 = VERTEX_POINT ( 'NONE', #5698 ) ;
#1068 = CARTESIAN_POINT ( 'NONE',  ( -0.04085966922767377690, 0.1512491870634875835, 0.07221932904291337996 ) ) ;
#1069 = SURFACE_SIDE_STYLE ('',( #6278 ) ) ;
#1070 = CARTESIAN_POINT ( 'NONE',  ( 0.1060593495963950833, -0.02952749408851968599, -0.04726734777295692885 ) ) ;
#1071 = FACE_OUTER_BOUND ( 'NONE', #3100, .T. ) ;
#1072 = VERTEX_POINT ( 'NONE', #3163 ) ;
#1073 = CARTESIAN_POINT ( 'NONE',  ( 0.1692857211847393906, -0.1397637795275446793, 0.03540981758141555080 ) ) ;
#1074 = EDGE_LOOP ( 'NONE', ( #4237, #4051, #2729, #3677 ) ) ;
#1075 = CARTESIAN_POINT ( 'NONE',  ( 0.03345894953120917559, 0.1614173228346527933, -0.04333033989893796123 ) ) ;
#1076 = VERTEX_POINT ( 'NONE', #4753 ) ;
#1077 = CARTESIAN_POINT ( 'NONE',  ( 0.2548871871754403995, 0.1968503937008324600, -0.05120435564695634961 ) ) ;
#1078 = LINE ( 'NONE', #1672, #1776 ) ;
#1079 = EDGE_LOOP ( 'NONE', ( #2683, #4760, #5450, #6496 ) ) ;
#1080 = ORIENTED_EDGE ( 'NONE', *, *, #3771, .T. ) ;
#1081 = LINE ( 'NONE', #40, #1912 ) ;
#1082 = VERTEX_POINT ( 'NONE', #566 ) ;
#1083 = DIRECTION ( 'NONE',  ( -1.000000000000000000, 0.000000000000000000, 0.000000000000000000 ) ) ;
#1084 = CARTESIAN_POINT ( 'NONE',  ( -0.05562159595906518428, 0.1259867198718866432, 0.06489967709925431594 ) ) ;
#1085 = EDGE_LOOP ( 'NONE', ( #2715, #835, #5166, #2813 ) ) ;
#1086 = EDGE_CURVE ( 'NONE', #5122, #3787, #166, .T. ) ;
#1087 = DIRECTION ( 'NONE',  ( -0.7014283973664512395, 0.7127399268793153109, 2.627004613787696002E-14 ) ) ;
#1088 = CARTESIAN_POINT ( 'NONE',  ( 0.1749569873916675400, 0.03937007874020417159, 0.1338350144317690948 ) ) ;
#1089 = ORIENTED_EDGE ( 'NONE', *, *, #2239, .F. ) ;
#1090 = CARTESIAN_POINT ( 'NONE',  ( -0.04398554573455393940, 0.1781520742025952675, 0.02288724045285614461 ) ) ;
#1091 = ADVANCED_FACE ( 'NONE', ( #5186 ), #4276, .T. ) ;
#1092 = DIRECTION ( 'NONE',  ( -1.000000000000000000, 0.000000000000000000, 0.000000000000000000 ) ) ;
#1093 = CARTESIAN_POINT ( 'NONE',  ( -0.05770551363031868608, 0.1482964311579755001, 0.03201161803921601101 ) ) ;
#1094 = VERTEX_POINT ( 'NONE', #4211 ) ;
#1095 = CARTESIAN_POINT ( 'NONE',  ( -0.05666355479469196987, 0.1834014180346161815, 0.04845564756923496225 ) ) ;
#1096 = EDGE_CURVE ( 'NONE', #162, #5386, #2751, .T. ) ;
#1097 = CARTESIAN_POINT ( 'NONE',  ( -0.1006335637894395785, 0.007874015748078231139, 0.1574570616759004282 ) ) ;
#1098 = DIRECTION ( 'NONE',  ( 0.000000000000000000, -1.000000000000000000, 3.491481338843134933E-15 ) ) ;
#1099 = LINE ( 'NONE', #2639, #6188 ) ;
#1100 = CARTESIAN_POINT ( 'NONE',  ( -0.1594544362955573336, 0.04724409448819590768, 0.08068540813256674937 ) ) ;
#1101 = ORIENTED_EDGE ( 'NONE', *, *, #3979, .F. ) ;
#1102 = FACE_OUTER_BOUND ( 'NONE', #5221, .T. ) ;
#1103 = EDGE_LOOP ( 'NONE', ( #4008, #4019, #648, #3785 ) ) ;
#1104 = CARTESIAN_POINT ( 'NONE',  ( 0.08660855583037402328, -2.936736593189082516E-15, 0.1417090301798419327 ) ) ;
#1105 = DIRECTION ( 'NONE',  ( -2.099999999999999887E-14, -3.491481338843135327E-15, -1.000000000000000000 ) ) ;
#1106 = DIRECTION ( 'NONE',  ( -1.000000000000000000, 2.793421535665765038E-16, 2.099999999999999887E-14 ) ) ;
#1107 = EDGE_CURVE ( 'NONE', #4798, #3167, #1128, .T. ) ;
#1108 = LINE ( 'NONE', #1175, #6192 ) ;
#1109 = ORIENTED_EDGE ( 'NONE', *, *, #919, .F. ) ;
#1110 = ORIENTED_EDGE ( 'NONE', *, *, #3602, .T. ) ;
#1111 = CARTESIAN_POINT ( 'NONE',  ( -0.01397259165000242290, 0.3425196850393791292, -0.01380278084381933272 ) ) ;
#1112 = VERTEX_POINT ( 'NONE', #1077 ) ;
#1113 = CARTESIAN_POINT ( 'NONE',  ( -0.01401939056108515713, 0.03937007874020417159, 0.1338350144317690948 ) ) ;
#1114 = FACE_OUTER_BOUND ( 'NONE', #4902, .T. ) ;
#1115 = ORIENTED_EDGE ( 'NONE', *, *, #449, .T. ) ;
#1116 = CARTESIAN_POINT ( 'NONE',  ( -0.06693475125620138022, 3.278217592397113890E-15, 0.03540981758142000557 ) ) ;
#1117 = DIRECTION ( 'NONE',  ( 1.000000000000000000, -5.566118461305780248E-15, -2.099999999999999887E-14 ) ) ;
#1118 = ORIENTED_EDGE ( 'NONE', *, *, #1555, .T. ) ;
#1119 = DIRECTION ( 'NONE',  ( -4.100255488672080101E-14, 9.738106785596190714E-14, -1.000000000000000000 ) ) ;
#1120 = EDGE_CURVE ( 'NONE', #604, #922, #668, .T. ) ;
#1121 = LINE ( 'NONE', #1651, #624 ) ;
#1122 = CARTESIAN_POINT ( 'NONE',  ( -0.04085966922767377690, 0.1965247776146688830, 0.07221932904291337996 ) ) ;
#1123 = ORIENTED_EDGE ( 'NONE', *, *, #3948, .F. ) ;
#1124 = CARTESIAN_POINT ( 'NONE',  ( -0.05770551363031868608, 0.1581389508430148805, 0.03201161803921601101 ) ) ;
#1125 = CARTESIAN_POINT ( 'NONE',  ( 0.2555061936257114197, -0.03937007874011079489, 0.1298980065638165593 ) ) ;
#1126 = CARTESIAN_POINT ( 'NONE',  ( -0.1594544362955555294, 0.1751968503937112731, 0.1244571954898610194 ) ) ;
#1127 = VERTEX_POINT ( 'NONE', #3132 ) ;
#1128 = CIRCLE ( 'NONE', #2195, 0.005905511811027342947 ) ;
#1129 = EDGE_CURVE ( 'NONE', #15, #5513, #5317, .T. ) ;
#1130 = CARTESIAN_POINT ( 'NONE',  ( -0.1816512612313759822, 0.1771653543307547263, -0.03368633418161787185 ) ) ;
#1131 = DIRECTION ( 'NONE',  ( 4.484155085839414627E-44, 1.000000000000000000, -3.491481338843134933E-15 ) ) ;
#1132 = ORIENTED_EDGE ( 'NONE', *, *, #368, .T. ) ;
#1133 = PLANE ( 'NONE',  #2326 ) ;
#1134 = AXIS2_PLACEMENT_3D ( 'NONE', #1963, #5543, #4505 ) ;
#1135 = VERTEX_POINT ( 'NONE', #4241 ) ;
#1136 = EDGE_CURVE ( 'NONE', #2772, #2711, #6190, .T. ) ;
#1137 = LINE ( 'NONE', #6229, #4684 ) ;
#1138 = VECTOR ( 'NONE', #1117, 39.37007874015748143 ) ;
#1139 = LINE ( 'NONE', #3232, #3291 ) ;
#1140 = ORIENTED_EDGE ( 'NONE', *, *, #5266, .T. ) ;
#1141 = CARTESIAN_POINT ( 'NONE',  ( -0.01401939056108515713, 0.03937007874020338749, -0.07088939501700984580 ) ) ;
#1142 = VECTOR ( 'NONE', #5391, 39.37007874015748143 ) ;
#1143 = EDGE_LOOP ( 'NONE', ( #4674, #4730, #1206, #4284, #2260, #5811 ) ) ;
#1144 = DIRECTION ( 'NONE',  ( 1.000000000000000000, -3.221629312528710885E-14, -2.106449935114926299E-14 ) ) ;
#1145 = EDGE_CURVE ( 'NONE', #1135, #83, #1137, .T. ) ;
#1146 = VECTOR ( 'NONE', #3482, 39.37007874015748143 ) ;
#1147 = AXIS2_PLACEMENT_3D ( 'NONE', #1075, #2108, #6186 ) ;
#1148 = ORIENTED_EDGE ( 'NONE', *, *, #3229, .T. ) ;
#1149 = CARTESIAN_POINT ( 'NONE',  ( -0.1820449620185704831, 0.1574803149606765762, 0.1298980065638159487 ) ) ;
#1150 = CIRCLE ( 'NONE', #6641, 0.04330708661417716904 ) ;
#1151 = LINE ( 'NONE', #1552, #1461 ) ;
#1152 = VECTOR ( 'NONE', #3550, 39.37007874015748143 ) ;
#1153 = ORIENTED_EDGE ( 'NONE', *, *, #5621, .F. ) ;
#1154 = LINE ( 'NONE', #4766, #6534 ) ;
#1155 = DIRECTION ( 'NONE',  ( 2.100000000000010931E-14, 3.491481338843135722E-15, 1.000000000000000000 ) ) ;
#1156 = CARTESIAN_POINT ( 'NONE',  ( -0.0007417243760064197141, 0.2401599482183431333, 0.02840216675381440625 ) ) ;
#1157 = VERTEX_POINT ( 'NONE', #2650 ) ;
#1158 = VECTOR ( 'NONE', #5343, 39.37007874015748143 ) ;
#1159 = CARTESIAN_POINT ( 'NONE',  ( 0.01152436365490823456, 0.1443594232839601199, 0.06633902089459757512 ) ) ;
#1160 = AXIS2_PLACEMENT_3D ( 'NONE', #5500, #4492, #418 ) ;
#1161 = B_SPLINE_CURVE_WITH_KNOTS ( 'NONE', 3,
 ( #5276, #2775, #2808, #4839, #5304, #3863, #3318, #6380 ),
 .UNSPECIFIED., .F., .F.,
 ( 4, 2, 2, 4 ),
 ( 2.569924183340360303E-16, 0.0001977159433449504134, 0.0003954318866896438709, 0.0007908637733790300269 ),
 .UNSPECIFIED. ) ;
#1162 = LINE ( 'NONE', #3628, #280 ) ;
#1163 = CARTESIAN_POINT ( 'NONE',  ( -0.01181664102002192955, 1.434220196673738042E-15, 0.1417090301798440977 ) ) ;
#1164 = ORIENTED_EDGE ( 'NONE', *, *, #2867, .T. ) ;
#1165 = DIRECTION ( 'NONE',  ( -1.000000000000000000, 1.431507348925683827E-28, 4.100000000000000200E-14 ) ) ;
#1166 = VECTOR ( 'NONE', #254, 39.37007874015748143 ) ;
#1167 = VECTOR ( 'NONE', #131, 39.37007874015748143 ) ;
#1168 = CARTESIAN_POINT ( 'NONE',  ( 0.2440888707910039424, 0.03937007874016921344, -0.06695238714299607541 ) ) ;
#1169 = DIRECTION ( 'NONE',  ( 1.000000000000000000, -3.200000000000000249E-14, -2.099999999999999887E-14 ) ) ;
#1170 = ORIENTED_EDGE ( 'NONE', *, *, #6036, .F. ) ;
#1171 = CARTESIAN_POINT ( 'NONE',  ( 0.03345894953120917559, 0.1614173228346527933, -0.04333033989893796123 ) ) ;
#1172 = ADVANCED_FACE ( 'NONE', ( #3773 ), #4782, .T. ) ;
#1173 = CARTESIAN_POINT ( 'NONE',  ( -0.1816512612313759822, 0.1935516124725102372, -0.09204568856043759961 ) ) ;
#1174 = PLANE ( 'NONE',  #5549 ) ;
#1175 = CARTESIAN_POINT ( 'NONE',  ( -0.08465128668923979638, 0.1968503937008338478, 0.1082444632507039289 ) ) ;
#1176 = EDGE_CURVE ( 'NONE', #1610, #3359, #3196, .T. ) ;
#1177 = ADVANCED_FACE ( 'NONE', ( #5286 ), #5256, .T. ) ;
#1178 = ORIENTED_EDGE ( 'NONE', *, *, #1922, .F. ) ;
#1179 = LINE ( 'NONE', #4247, #3066 ) ;
#1180 = ORIENTED_EDGE ( 'NONE', *, *, #6216, .F. ) ;
#1181 = CARTESIAN_POINT ( 'NONE',  ( -0.1594544362955624128, 0.1751968503937108290, -0.04333033989892047522 ) ) ;
#1182 = CARTESIAN_POINT ( 'NONE',  ( -0.0007417243760064197141, 0.1574827828640122662, 0.02840216675381466646 ) ) ;
#1183 = ORIENTED_EDGE ( 'NONE', *, *, #5346, .F. ) ;
#1184 = LINE ( 'NONE', #1246, #5147 ) ;
#1185 = EDGE_LOOP ( 'NONE', ( #2945, #5205, #2105, #6605 ) ) ;
#1186 = EDGE_LOOP ( 'NONE', ( #5882, #2266, #2356, #2925 ) ) ;
#1187 = CARTESIAN_POINT ( 'NONE',  ( 0.03739595740513453059, -0.09125785776261988169, 0.05115784907748110316 ) ) ;
#1188 = CARTESIAN_POINT ( 'NONE',  ( -0.03853511036402124112, 0.1505930190844848859, 0.03108284586197874663 ) ) ;
#1189 = ORIENTED_EDGE ( 'NONE', *, *, #39, .T. ) ;
#1190 = CARTESIAN_POINT ( 'NONE',  ( -0.02537904211487844452, 0.2040707093731989608, 0.09088139672407265224 ) ) ;
#1191 = LENGTH_MEASURE_WITH_UNIT ( LENGTH_MEASURE( 0.02539999999999999897 ), #2880 );
#1192 = CARTESIAN_POINT ( 'NONE',  ( -0.2182525716154196660, 0.1999753174074625772, -0.04726734777291842493 ) ) ;
#1193 = DIRECTION ( 'NONE',  ( 1.000000000000000000, 0.000000000000000000, 0.000000000000000000 ) ) ;
#1194 = CARTESIAN_POINT ( 'NONE',  ( -0.04945246142723173227, -0.02952749408851984905, -0.07088939501700945722 ) ) ;
#1195 = ORIENTED_EDGE ( 'NONE', *, *, #6324, .T. ) ;
#1196 = DIRECTION ( 'NONE',  ( 2.793421535665029918E-16, 1.000000000000000000, -3.491481338842465190E-15 ) ) ;
#1197 = CARTESIAN_POINT ( 'NONE',  ( -0.1816512612313759822, 0.1771653543307547263, -0.03368633418161787185 ) ) ;
#1198 = DIRECTION ( 'NONE',  ( 1.000000000000000000, -1.442352733928416201E-28, -4.131062417209784855E-14 ) ) ;
#1199 = ORIENTED_EDGE ( 'NONE', *, *, #1624, .T. ) ;
#1200 = FACE_OUTER_BOUND ( 'NONE', #1309, .T. ) ;
#1201 = CARTESIAN_POINT ( 'NONE',  ( 0.007680473759338926967, 0.05441342046635690849, 0.07351608215459248807 ) ) ;
#1202 = LINE ( 'NONE', #4140, #2962 ) ;
#1203 = LINE ( 'NONE', #2120, #4291 ) ;
#1204 = EDGE_CURVE ( 'NONE', #5776, #5804, #6260, .T. ) ;
#1205 = CARTESIAN_POINT ( 'NONE',  ( 0.2555061936256709521, 0.1968503937008374283, 0.1367302576728749164 ) ) ;
#1206 = ORIENTED_EDGE ( 'NONE', *, *, #5484, .F. ) ;
#1207 = CARTESIAN_POINT ( 'NONE',  ( -0.03173592599414968435, 0.1771653543307547263, -0.07088939501701024826 ) ) ;
#1208 = EDGE_LOOP ( 'NONE', ( #3831, #1720, #3924, #5322 ) ) ;
#1209 = CARTESIAN_POINT ( 'NONE',  ( 0.008721745602250967344, 0.2401599482183433831, 0.02210854609705907234 ) ) ;
#1210 = EDGE_CURVE ( 'NONE', #5605, #5959, #1202, .T. ) ;
#1211 = ORIENTED_EDGE ( 'NONE', *, *, #772, .F. ) ;
#1212 = LINE ( 'NONE', #3755, #3639 ) ;
#1213 = EDGE_CURVE ( 'NONE', #831, #2531, #61, .T. ) ;
#1214 = ORIENTED_EDGE ( 'NONE', *, *, #2528, .F. ) ;
#1215 = VERTEX_POINT ( 'NONE', #3704 ) ;
#1216 = CARTESIAN_POINT ( 'NONE',  ( -0.03853511036402124112, 0.1230339639663746015, 0.03108284586197885419 ) ) ;
#1217 = VERTEX_POINT ( 'NONE', #2148 ) ;
#1218 = CARTESIAN_POINT ( 'NONE',  ( -0.03098427822019291997, 0.2178502369322539989, 0.002420447128996253399 ) ) ;
#1219 = PLANE ( 'NONE',  #3212 ) ;
#1220 = EDGE_CURVE ( 'NONE', #3643, #111, #1638, .T. ) ;
#1221 = LINE ( 'NONE', #3282, #5017 ) ;
#1222 = FACE_OUTER_BOUND ( 'NONE', #4913, .T. ) ;
#1223 = ORIENTED_EDGE ( 'NONE', *, *, #6116, .F. ) ;
#1224 = DIRECTION ( 'NONE',  ( 0.000000000000000000, -3.491481338843135327E-15, -1.000000000000000000 ) ) ;
#1225 = ADVANCED_FACE ( 'NONE', ( #2689 ), #1174, .T. ) ;
#1226 = DIRECTION ( 'NONE',  ( -4.100000000000000200E-14, -3.491481338843134933E-15, -1.000000000000000000 ) ) ;
#1227 = CIRCLE ( 'NONE', #1338, 0.004921259842519680634 ) ;
#1228 = DIRECTION ( 'NONE',  ( -0.7014283973664507954, 0.7127399268793157550, 2.627004613787693793E-14 ) ) ;
#1229 = ORIENTED_EDGE ( 'NONE', *, *, #4527, .F. ) ;
#1230 = CARTESIAN_POINT ( 'NONE',  ( -0.2182525716154196660, 0.1999753174074629936, 0.1338350144318078694 ) ) ;
#1231 = CARTESIAN_POINT ( 'NONE',  ( -0.01181664102001756152, 0.03937007874015890224, 0.1417090301798439034 ) ) ;
#1232 = ADVANCED_FACE ( 'NONE', ( #3394 ), #3430, .T. ) ;
#1233 = DIRECTION ( 'NONE',  ( 1.000000000000000000, -3.200000000000000249E-14, -2.099999999999999887E-14 ) ) ;
#1234 = DIRECTION ( 'NONE',  ( -1.000000000000000000, -1.442352733928416201E-28, -4.131062417209784855E-14 ) ) ;
#1235 = VECTOR ( 'NONE', #107, 39.37007874015748143 ) ;
#1236 = CARTESIAN_POINT ( 'NONE',  ( -0.1816512612313657682, 0.1968503937008368454, -0.04941013365822066739 ) ) ;
#1237 = CARTESIAN_POINT ( 'NONE',  ( -0.1594544362955618577, 0.1751968503937108290, -0.02514910372273834738 ) ) ;
#1238 = VECTOR ( 'NONE', #5377, 39.37007874015748854 ) ;
#1239 = EDGE_LOOP ( 'NONE', ( #1350, #2806, #3582, #3603 ) ) ;
#1240 = DIRECTION ( 'NONE',  ( 0.000000000000000000, 3.491481338843134933E-15, 1.000000000000000000 ) ) ;
#1241 = ORIENTED_EDGE ( 'NONE', *, *, #2947, .T. ) ;
#1242 = VECTOR ( 'NONE', #4357, 39.37007874015748143 ) ;
#1243 = CARTESIAN_POINT ( 'NONE',  ( -0.04523205402610042808, 0.1965247776146686609, 0.08103734724004116319 ) ) ;
#1244 = ORIENTED_EDGE ( 'NONE', *, *, #4930, .F. ) ;
#1245 = EDGE_CURVE ( 'NONE', #2477, #1988, #1368, .T. ) ;
#1246 = CARTESIAN_POINT ( 'NONE',  ( 0.1749569873916675400, 0.007874015748077540719, -0.04726734777295708151 ) ) ;
#1247 = ORIENTED_EDGE ( 'NONE', *, *, #6305, .F. ) ;
#1248 = CYLINDRICAL_SURFACE ( 'NONE', #3537, 0.05510791045490172346 ) ;
#1249 = VERTEX_POINT ( 'NONE', #4314 ) ;
#1250 = AXIS2_PLACEMENT_3D ( 'NONE', #309, #2353, #4421 ) ;
#1251 = CARTESIAN_POINT ( 'NONE',  ( -0.01782820997105006786, 0.1643725466435399241, 0.06221899799109056189 ) ) ;
#1252 = EDGE_CURVE ( 'NONE', #5200, #3967, #4713, .T. ) ;
#1253 = VERTEX_POINT ( 'NONE', #6427 ) ;
#1254 = CARTESIAN_POINT ( 'NONE',  ( -0.02537904211487844452, 0.1213935440188682602, 0.09088139672407290204 ) ) ;
#1255 = VECTOR ( 'NONE', #6003, 39.37007874015748143 ) ;
#1256 = VECTOR ( 'NONE', #1332, 39.37007874015748143 ) ;
#1257 = EDGE_CURVE ( 'NONE', #467, #889, #3800, .T. ) ;
#1258 = FACE_OUTER_BOUND ( 'NONE', #4354, .T. ) ;
#1259 = DIRECTION ( 'NONE',  ( -2.065531208604895267E-14, -3.491481338843134933E-15, -1.000000000000000000 ) ) ;
#1260 = CARTESIAN_POINT ( 'NONE',  ( 0.1555061936256812716, -0.1397637795275643857, 0.05115784907747881333 ) ) ;
#1261 = LINE ( 'NONE', #1859, #2979 ) ;
#1262 = ORIENTED_EDGE ( 'NONE', *, *, #4678, .T. ) ;
#1263 = CARTESIAN_POINT ( 'NONE',  ( -0.1816512612313759822, -0.1123849554454065119, 0.01770268064204655670 ) ) ;
#1264 = AXIS2_PLACEMENT_3D ( 'NONE', #732, #5880, #2713 ) ;
#1265 = DIRECTION ( 'NONE',  ( 4.100000000000000200E-14, 8.573022390369890434E-14, 1.000000000000000000 ) ) ;
#1266 = VECTOR ( 'NONE', #2378, 39.37007874015748143 ) ;
#1267 = DIRECTION ( 'NONE',  ( -1.000000000000000000, -1.442352733928416201E-28, -4.131062417209784855E-14 ) ) ;
#1268 = ORIENTED_EDGE ( 'NONE', *, *, #853, .T. ) ;
#1269 = EDGE_CURVE ( 'NONE', #4837, #563, #266, .T. ) ;
#1270 = DIRECTION ( 'NONE',  ( 3.793262000803034842E-27, 1.000000000000000000, 8.902710404659680619E-14 ) ) ;
#1271 = ORIENTED_EDGE ( 'NONE', *, *, #1818, .F. ) ;
#1272 = CARTESIAN_POINT ( 'NONE',  ( 0.01070125054417460538, 0.05905511811024627411, 0.06887438451051200450 ) ) ;
#1273 = LINE ( 'NONE', #4982, #4368 ) ;
#1274 = CARTESIAN_POINT ( 'NONE',  ( -0.02609774249628226545, 0.09383448890075804516, 0.07953898098657313787 ) ) ;
#1275 = CIRCLE ( 'NONE', #633, 0.05510791045489740053 ) ;
#1276 = FILL_AREA_STYLE ('',( #206 ) ) ;
#1277 = CARTESIAN_POINT ( 'NONE',  ( -0.05770551363031868608, 0.2132570610792353383, 0.03201161803921578203 ) ) ;
#1278 = ORIENTED_EDGE ( 'NONE', *, *, #3878, .F. ) ;
#1279 = DIRECTION ( 'NONE',  ( -1.000000000000000000, -1.442352733928416201E-28, -4.131062417209784855E-14 ) ) ;
#1280 = VERTEX_POINT ( 'NONE', #2246 ) ;
#1281 = CARTESIAN_POINT ( 'NONE',  ( -0.01113126630897090172, 0.2378633602918339141, 0.01226449661302770992 ) ) ;
#1282 = ORIENTED_EDGE ( 'NONE', *, *, #5503, .T. ) ;
#1283 = PLANE ( 'NONE',  #3951 ) ;
#1284 = ORIENTED_EDGE ( 'NONE', *, *, #3602, .F. ) ;
#1285 = CARTESIAN_POINT ( 'NONE',  ( 0.2555061936257114197, -0.03937007874011102387, 0.06886498602283307180 ) ) ;
#1286 = ORIENTED_EDGE ( 'NONE', *, *, #1743, .F. ) ;
#1287 = ADVANCED_FACE ( 'NONE', ( #2789 ), #5420, .T. ) ;
#1288 = CARTESIAN_POINT ( 'NONE',  ( -0.02681644287768620433, 0.1666691345700491156, 0.06819656524907254103 ) ) ;
#1289 = EDGE_LOOP ( 'NONE', ( #4246, #2212, #3492, #3886 ) ) ;
#1290 = CARTESIAN_POINT ( 'NONE',  ( -0.06648637496365107646, 0.2109604731527260635, 0.04907806035724054244 ) ) ;
#1291 = DIRECTION ( 'NONE',  ( -0.6947768954075180803, -0.7192253232526580886, 3.099701450626830605E-14 ) ) ;
#1292 = CARTESIAN_POINT ( 'NONE',  ( 0.2515021437894478518, 0.1875111845510863406, 0.1446724823055279829 ) ) ;
#1293 = DIRECTION ( 'NONE',  ( -1.910990492501675021E-26, -1.000000000000000000, -4.626037607347360073E-13 ) ) ;
#1294 = CARTESIAN_POINT ( 'NONE',  ( 0.2555061936257114197, 0.1918580953367677588, 0.1729682980780299084 ) ) ;
#1295 = EDGE_CURVE ( 'NONE', #1415, #1280, #2894, .T. ) ;
#1296 = ORIENTED_EDGE ( 'NONE', *, *, #1311, .F. ) ;
#1297 = CARTESIAN_POINT ( 'NONE',  ( 0.1749569873916675400, 0.03937007874020425485, 0.1574570616758610431 ) ) ;
#1298 = LINE ( 'NONE', #1864, #310 ) ;
#1299 = EDGE_CURVE ( 'NONE', #4757, #4015, #875, .T. ) ;
#1300 = CARTESIAN_POINT ( 'NONE',  ( 0.2741625808647490392, 0.1834454809368737116, -0.03227788949785367900 ) ) ;
#1301 = VERTEX_POINT ( 'NONE', #3293 ) ;
#1302 = LINE ( 'NONE', #5824, #1574 ) ;
#1303 = ORIENTED_EDGE ( 'NONE', *, *, #6499, .T. ) ;
#1304 = CARTESIAN_POINT ( 'NONE',  ( 0.08660855583037833927, 0.03937007874017425801, 0.1417090301798419327 ) ) ;
#1305 = DIRECTION ( 'NONE',  ( -4.100000000000000200E-14, -3.491481338843134933E-15, -1.000000000000000000 ) ) ;
#1306 = CARTESIAN_POINT ( 'NONE',  ( 0.03345894953120917559, 0.1614173228346527933, -0.04333033989893796123 ) ) ;
#1307 = CARTESIAN_POINT ( 'NONE',  ( -0.05562159595906518428, 0.1988213655411778802, 0.06489967709925414940 ) ) ;
#1308 = DIRECTION ( 'NONE',  ( 0.000000000000000000, 1.000000000000000000, -3.491481338843134933E-15 ) ) ;
#1309 = EDGE_LOOP ( 'NONE', ( #5461, #4702, #5567, #2425 ) ) ;
#1310 = CARTESIAN_POINT ( 'NONE',  ( -0.01237777460051775469, 0.2519709718403905230, 0.07041460340021220288 ) ) ;
#1311 = EDGE_CURVE ( 'NONE', #5211, #512, #2307, .T. ) ;
#1312 = CARTESIAN_POINT ( 'NONE',  ( -0.01550365110739785474, 0.1276271398193929429, 0.02108251481015547060 ) ) ;
#1313 = DIRECTION ( 'NONE',  ( 1.000000000000000000, 1.442352733928416201E-28, 4.131062417209784855E-14 ) ) ;
#1314 = ORIENTED_EDGE ( 'NONE', *, *, #3440, .F. ) ;
#1315 = FACE_OUTER_BOUND ( 'NONE', #3135, .T. ) ;
#1316 = VERTEX_POINT ( 'NONE', #2923 ) ;
#1317 = FACE_OUTER_BOUND ( 'NONE', #5152, .T. ) ;
#1318 = ORIENTED_EDGE ( 'NONE', *, *, #2278, .T. ) ;
#1319 = CARTESIAN_POINT ( 'NONE',  ( -0.008839977064414398025, 0.2447531240713612666, 0.05624143073310759744 ) ) ;
#1320 = ORIENTED_EDGE ( 'NONE', *, *, #358, .T. ) ;
#1321 = CARTESIAN_POINT ( 'NONE',  ( -0.01113126630897090172, 0.2477058799768734887, 0.01226449661302766656 ) ) ;
#1322 = DIRECTION ( 'NONE',  ( 4.100000000000000200E-14, 3.491481338843134933E-15, 1.000000000000000000 ) ) ;
#1323 = PLANE ( 'NONE',  #4079 ) ;
#1324 = LINE ( 'NONE', #3383, #2744 ) ;
#1325 = DIRECTION ( 'NONE',  ( 0.000000000000000000, 1.000000000000000000, -3.491481338843134933E-15 ) ) ;
#1326 = EDGE_CURVE ( 'NONE', #545, #5051, #1273, .T. ) ;
#1327 = VERTEX_POINT ( 'NONE', #773 ) ;
#1328 = CARTESIAN_POINT ( 'NONE',  ( -0.1805637635731896229, 0.1968503937008324600, -0.05120435564699572090 ) ) ;
#1329 = DIRECTION ( 'NONE',  ( -2.065531208604895267E-14, -3.491481338843134933E-15, -1.000000000000000000 ) ) ;
#1330 = CARTESIAN_POINT ( 'NONE',  ( -0.08465128668926202860, 0.03539148894044291671, -0.01380278084381826760 ) ) ;
#1331 = ORIENTED_EDGE ( 'NONE', *, *, #3436, .T. ) ;
#1332 = DIRECTION ( 'NONE',  ( 0.000000000000000000, -1.000000000000000000, 3.491481338843134933E-15 ) ) ;
#1333 = ORIENTED_EDGE ( 'NONE', *, *, #1842, .T. ) ;
#1334 = CARTESIAN_POINT ( 'NONE',  ( -0.1594544362955598593, 0.1259842519685108464, 0.02163029002234547263 ) ) ;
#1335 = DIRECTION ( 'NONE',  ( -3.200000000000000249E-14, -1.000000000000000000, 3.491481338843134933E-15 ) ) ;
#1336 = LINE ( 'NONE', #1306, #2664 ) ;
#1337 = ADVANCED_FACE ( 'NONE', ( #4851 ), #232, .F. ) ;
#1338 = AXIS2_PLACEMENT_3D ( 'NONE', #6332, #3806, #605 ) ;
#1339 = SURFACE_STYLE_USAGE ( .BOTH. , #3803 ) ;
#1340 = CARTESIAN_POINT ( 'NONE',  ( -0.02609774249628226198, 0.2316297644913093701, 0.07953898098657269378 ) ) ;
#1341 = EDGE_CURVE ( 'NONE', #1854, #4126, #2275, .T. ) ;
#1342 = AXIS2_PLACEMENT_3D ( 'NONE', #811, #1919, #4353 ) ;
#1343 = ORIENTED_EDGE ( 'NONE', *, *, #5172, .F. ) ;
#1344 = DIRECTION ( 'NONE',  ( -2.099999999999999887E-14, -3.491481338843134933E-15, -1.000000000000000000 ) ) ;
#1345 = VECTOR ( 'NONE', #3049, 39.37007874015748143 ) ;
#1346 = VERTEX_POINT ( 'NONE', #3875 ) ;
#1347 = EDGE_CURVE ( 'NONE', #1415, #2636, #2855, .T. ) ;
#1348 = AXIS2_PLACEMENT_3D ( 'NONE', #1779, #1313, #5398 ) ;
#1349 = FACE_OUTER_BOUND ( 'NONE', #2010, .T. ) ;
#1350 = ORIENTED_EDGE ( 'NONE', *, *, #6123, .T. ) ;
#1351 = AXIS2_PLACEMENT_3D ( 'NONE', #5365, #1848, #709 ) ;
#1352 = CARTESIAN_POINT ( 'NONE',  ( -0.04752334327065738107, 0.1305798957249048320, 0.03706041311996093046 ) ) ;
#1353 = ORIENTED_EDGE ( 'NONE', *, *, #4052, .T. ) ;
#1354 = CARTESIAN_POINT ( 'NONE',  ( -0.06788768398997997722, 0.1207373760398653406, 0.02696282295847136912 ) ) ;
#1355 = CARTESIAN_POINT ( 'NONE',  ( -0.1006335637894395785, 0.007874015748077540719, -0.04726734777295708151 ) ) ;
#1356 =( NAMED_UNIT ( * ) SI_UNIT ( $, .STERADIAN. ) SOLID_ANGLE_UNIT ( ) );
#1357 = DIRECTION ( 'NONE',  ( -2.065531208604895267E-14, -3.491481338843134933E-15, -1.000000000000000000 ) ) ;
#1358 = AXIS2_PLACEMENT_3D ( 'NONE', #635, #1131, #5119 ) ;
#1359 = ORIENTED_EDGE ( 'NONE', *, *, #4886, .F. ) ;
#1360 = CARTESIAN_POINT ( 'NONE',  ( 0.1141676109484856261, 0.03937007874017401515, 0.05115784907747904925 ) ) ;
#1361 = DIRECTION ( 'NONE',  ( 0.5537642336461033876, 0.000000000000000000, 0.8326735095668311715 ) ) ;
#1362 = ORIENTED_EDGE ( 'NONE', *, *, #494, .F. ) ;
#1363 = VECTOR ( 'NONE', #1614, 39.37007874015748143 ) ;
#1364 = CARTESIAN_POINT ( 'NONE',  ( -26.03713589280827279, -16.03086094197740152, -0.05514136352034086641 ) ) ;
#1365 = AXIS2_PLACEMENT_3D ( 'NONE', #1040, #5252, #3161 ) ;
#1366 = ORIENTED_EDGE ( 'NONE', *, *, #2504, .T. ) ;
#1367 = DIRECTION ( 'NONE',  ( 0.000000000000000000, 1.000000000000000000, -3.491481338843134933E-15 ) ) ;
#1368 = LINE ( 'NONE', #5388, #2856 ) ;
#1369 = DIRECTION ( 'NONE',  ( -2.065531208604895267E-14, -3.491481338843134933E-15, -1.000000000000000000 ) ) ;
#1370 = VECTOR ( 'NONE', #4775, 39.37007874015748143 ) ;
#1371 = VECTOR ( 'NONE', #4294, 39.37007874015748143 ) ;
#1372 = CARTESIAN_POINT ( 'NONE',  ( 0.1141676109484856261, 0.07086614173230078306, 0.05115784907747889659 ) ) ;
#1373 = LINE ( 'NONE', #1408, #6637 ) ;
#1374 = EDGE_CURVE ( 'NONE', #2190, #334, #304, .T. ) ;
#1375 = VECTOR ( 'NONE', #2954, 39.37007874015748143 ) ;
#1376 = VECTOR ( 'NONE', #1369, 39.37007874015748143 ) ;
#1377 = VERTEX_POINT ( 'NONE', #5954 ) ;
#1378 = DIRECTION ( 'NONE',  ( 1.345246525751824388E-43, -1.000000000000000000, 3.491481338843134933E-15 ) ) ;
#1379 = EDGE_CURVE ( 'NONE', #5031, #4856, #337, .T. ) ;
#1380 = CARTESIAN_POINT ( 'NONE',  ( -0.01503261620223423495, -0.03543300589955562796, 0.1574570616759005948 ) ) ;
#1381 = ADVANCED_FACE ( 'NONE', ( #6593 ), #1, .T. ) ;
#1382 = ORIENTED_EDGE ( 'NONE', *, *, #2734, .F. ) ;
#1383 = DIRECTION ( 'NONE',  ( -1.000000000000000000, 7.211763669642100061E-29, 2.065531208604895267E-14 ) ) ;
#1384 = VERTEX_POINT ( 'NONE', #465 ) ;
#1385 = DIRECTION ( 'NONE',  ( -4.100000000000000200E-14, -3.491481338843134933E-15, -1.000000000000000000 ) ) ;
#1386 = CARTESIAN_POINT ( 'NONE',  ( -0.04752334327065738107, 0.1856980059611252620, 0.03706041311996072229 ) ) ;
#1387 = ORIENTED_EDGE ( 'NONE', *, *, #5634, .T. ) ;
#1388 = CARTESIAN_POINT ( 'NONE',  ( 0.01012305462857975707, 0.1046612605543012775, 0.04422378349582876955 ) ) ;
#1389 = FACE_OUTER_BOUND ( 'NONE', #3578, .T. ) ;
#1390 = DIRECTION ( 'NONE',  ( 5.566118461305706884E-15, 1.000000000000000000, -3.491481338842580364E-15 ) ) ;
#1391 = CARTESIAN_POINT ( 'NONE',  ( 0.000000000000000000, 0.000000000000000000, 0.000000000000000000 ) ) ;
#1392 = CARTESIAN_POINT ( 'NONE',  ( -0.01401939056108515713, 0.03937007874020425485, 0.1574570616759004282 ) ) ;
#1393 = PLANE ( 'NONE',  #6094 ) ;
#1394 = VERTEX_POINT ( 'NONE', #6562 ) ;
#1395 = CARTESIAN_POINT ( 'NONE',  ( 0.2675295181064263894, 0.03937007874020417159, 0.1338350144317690948 ) ) ;
#1396 = EDGE_CURVE ( 'NONE', #367, #751, #4070, .T. ) ;
#1397 = PLANE ( 'NONE',  #3422 ) ;
#1398 = DIRECTION ( 'NONE',  ( -0.7127399268793167542, -0.7014283973664497962, 3.167136116199159626E-14 ) ) ;
#1399 = ORIENTED_EDGE ( 'NONE', *, *, #6275, .T. ) ;
#1400 = CARTESIAN_POINT ( 'NONE',  ( -0.04398554573455393940, 0.1053174285333037530, 0.02288724045285638053 ) ) ;
#1401 = PLANE ( 'NONE',  #268 ) ;
#1402 = CYLINDRICAL_SURFACE ( 'NONE', #4624, 0.01771653543306454456 ) ;
#1403 = DIRECTION ( 'NONE',  ( 0.000000000000000000, 3.380096403430220536E-15, 1.000000000000000000 ) ) ;
#1404 = DIRECTION ( 'NONE',  ( -3.200000000000000249E-14, -1.000000000000000000, 3.491481338843134933E-15 ) ) ;
#1405 = VERTEX_POINT ( 'NONE', #1943 ) ;
#1406 = FACE_OUTER_BOUND ( 'NONE', #1208, .T. ) ;
#1407 = EDGE_LOOP ( 'NONE', ( #872, #2070, #5023, #4386 ) ) ;
#1408 = CARTESIAN_POINT ( 'NONE',  ( -0.08465128668926320821, 0.1614173228346527933, -0.04333033989893796123 ) ) ;
#1409 = EDGE_LOOP ( 'NONE', ( #855, #594, #1180, #5098 ) ) ;
#1410 = DIRECTION ( 'NONE',  ( 1.000000000000000000, -5.566118461305780248E-15, -2.099999999999999887E-14 ) ) ;
#1411 = EDGE_CURVE ( 'NONE', #1478, #1419, #975, .T. ) ;
#1412 = DIRECTION ( 'NONE',  ( 2.099999999999999887E-14, 3.491481338843134933E-15, 1.000000000000000000 ) ) ;
#1413 = EDGE_LOOP ( 'NONE', ( #1567, #1836, #3290, #6371 ) ) ;
#1414 = DIRECTION ( 'NONE',  ( 0.000000000000000000, -1.000000000000000000, 3.491481338843135327E-15 ) ) ;
#1415 = VERTEX_POINT ( 'NONE', #6623 ) ;
#1416 = CARTESIAN_POINT ( 'NONE',  ( 0.08834281416333052139, -0.02952749408851968599, -0.04726734777295692885 ) ) ;
#1417 = EDGE_CURVE ( 'NONE', #1597, #1094, #5521, .T. ) ;
#1418 = CARTESIAN_POINT ( 'NONE',  ( -0.03853511036402124112, 0.1053174285333037113, 0.03108284586197892704 ) ) ;
#1419 = VERTEX_POINT ( 'NONE', #5055 ) ;
#1420 = CARTESIAN_POINT ( 'NONE',  ( -0.04523205402610042808, 0.1689657224965586679, 0.08103734724004130197 ) ) ;
#1421 =( BOUNDED_CURVE ( )  B_SPLINE_CURVE ( 2, ( #5890, #1274, #2822, #4884, #2308, #2956, #976, #2068, #27, #1505, #1036, #5016, #1004, #5596, #2993, #4581, #532, #4004, #6149, #3491, #4105, #4133, #3530, #6122, #1944, #4616, #404, #1533, #6624, #2041, #905, #2448, #3059, #6052, #6181, #4034, #3093, #2548, #6594, #3030, #1434, #3592, #4519, #2, #5116, #496, #5656, #5151, #2584, #4646, #1563, #6563, #5085, #2481, #3629, #5557, #466, #939, #5056, #438, #4548, #2513, #3562, #1976, #6083, #1470, #2009, #4071, #5624, #1693, #3186, #2710, #630 ),
 .UNSPECIFIED., .F., .T. ) 
 B_SPLINE_CURVE_WITH_KNOTS ( ( 3, 2, 2, 2, 2, 2, 2, 2, 2, 2, 2, 2, 2, 2, 2, 2, 2, 2, 2, 2, 2, 2, 2, 2, 2, 2, 2, 2, 2, 2, 2, 2, 2, 2, 2, 2, 3 ),
 ( 0.000000000000000000, 0.02777777777777780052, 0.05555555555555560104, 0.08333333333333330095, 0.1111111111111110078, 0.1388888888888890061, 0.1666666666666665186, 0.1944444444444445030, 0.2222222222222219878, 0.2500000000000000000, 0.2777777777777780122, 0.3055555555555554692, 0.3333333333333335369, 0.3611111111111109939, 0.3888888888888890061, 0.4166666666666665186, 0.4444444444444444753, 0.4722222222222220434, 0.5000000000000000000, 0.5277777777777779011, 0.5555555555555560243, 0.5833333333333330373, 0.6111111111111110494, 0.6388888888888889506, 0.6666666666666670737, 0.6944444444444440867, 0.7222222222222219878, 0.7500000000000000000, 0.7777777777777779011, 0.8055555555555560243, 0.8333333333333330373, 0.8611111111111110494, 0.8888888888888889506, 0.9166666666666670737, 0.9444444444444440867, 0.9722222222222219878, 1.000000000000000000 ),
 .UNSPECIFIED. ) 
 CURVE ( )  GEOMETRIC_REPRESENTATION_ITEM ( )  RATIONAL_B_SPLINE_CURVE ( ( 1.000000000000000000, 0.8660254037844389297, 1.000000000000000000, 0.8660254037844389297, 1.000000000000000000, 0.8660254037844389297, 1.000000000000000000, 0.8660254037844389297, 1.000000000000000000, 0.8660254037844389297, 1.000000000000000000, 0.8660254037844389297, 1.000000000000000000, 0.8660254037844389297, 1.000000000000000000, 0.8660254037844389297, 1.000000000000000000, 0.8660254037844389297, 1.000000000000000000, 0.8660254037844389297, 1.000000000000000000, 0.8660254037844389297, 1.000000000000000000, 0.8660254037844389297, 1.000000000000000000, 0.8660254037844389297, 1.000000000000000000, 0.8660254037844389297, 1.000000000000000000, 0.8660254037844389297, 1.000000000000000000, 0.8660254037844389297, 1.000000000000000000, 0.8660254037844389297, 1.000000000000000000, 0.8660254037844389297, 1.000000000000000000, 0.8660254037844389297, 1.000000000000000000, 0.8660254037844389297, 1.000000000000000000, 0.8660254037844389297, 1.000000000000000000, 0.8660254037844389297, 1.000000000000000000, 0.8660254037844389297, 1.000000000000000000, 0.8660254037844389297, 1.000000000000000000, 0.8660254037844389297, 1.000000000000000000, 0.8660254037844389297, 1.000000000000000000, 0.8660254037844389297, 1.000000000000000000, 0.8660254037844389297, 1.000000000000000000, 0.8660254037844389297, 1.000000000000000000, 0.8660254037844389297, 1.000000000000000000, 0.8660254037844389297, 1.000000000000000000, 0.8660254037844389297, 1.000000000000000000, 0.8660254037844389297, 1.000000000000000000, 0.8660254037844389297, 1.000000000000000000, 0.8660254037844389297, 1.000000000000000000, 0.8660254037844389297, 1.000000000000000000 ) ) 
 REPRESENTATION_ITEM ( '' )  );
#1422 = EDGE_CURVE ( 'NONE', #5682, #4813, #3029, .T. ) ;
#1423 = CARTESIAN_POINT ( 'NONE',  ( -0.05666355479469196987, 0.2286770085857972590, 0.04845564756923481653 ) ) ;
#1424 = CARTESIAN_POINT ( 'NONE',  ( -0.1594544362955598593, 0.1259842519685108464, 0.02163029002234547263 ) ) ;
#1425 = DIRECTION ( 'NONE',  ( 1.000000000000000000, 0.000000000000000000, 0.000000000000000000 ) ) ;
#1426 = ORIENTED_EDGE ( 'NONE', *, *, #278, .F. ) ;
#1427 = DIRECTION ( 'NONE',  ( 4.047688110609999447E-14, 5.782411586585713496E-15, 1.000000000000000000 ) ) ;
#1428 = CARTESIAN_POINT ( 'NONE',  ( -0.003942625271986937262, 0.07086614173230511293, 0.03540981758141843044 ) ) ;
#1429 = CARTESIAN_POINT ( 'NONE',  ( -0.2013363006014440848, -0.1123849554454065119, 0.04328383333244213704 ) ) ;
#1430 = ORIENTED_EDGE ( 'NONE', *, *, #3719, .T. ) ;
#1431 = FACE_OUTER_BOUND ( 'NONE', #6458, .T. ) ;
#1432 = EDGE_CURVE ( 'NONE', #2258, #3844, #2040, .T. ) ;
#1433 = DIRECTION ( 'NONE',  ( 3.200000000000000249E-14, 1.000000000000000000, -3.491481338843134933E-15 ) ) ;
#1434 = CARTESIAN_POINT ( 'NONE',  ( -0.05666355479469196987, 0.1834014180346161815, 0.04845564756923496225 ) ) ;
#1435 = ORIENTED_EDGE ( 'NONE', *, *, #4863, .T. ) ;
#1436 = ADVANCED_FACE ( 'NONE', ( #6082 ), #6051, .T. ) ;
#1437 = CARTESIAN_POINT ( 'NONE',  ( 0.1082620991375106423, 0.04724409448819574114, 0.009819266400273583481 ) ) ;
#1438 = DIRECTION ( 'NONE',  ( 3.200000000000000249E-14, 1.000000000000000000, -3.491481338843134933E-15 ) ) ;
#1439 = ADVANCED_FACE ( 'NONE', ( #2008 ), #2447, .F. ) ;
#1440 = VERTEX_POINT ( 'NONE', #1035 ) ;
#1441 = DIRECTION ( 'NONE',  ( -1.000000000000000000, -1.442352733928416201E-28, -4.131062417209784855E-14 ) ) ;
#1442 = AXIS2_PLACEMENT_3D ( 'NONE', #874, #5593, #5082 ) ;
#1443 = CARTESIAN_POINT ( 'NONE',  ( 0.08935603980465453566, -0.03543300589955346303, 0.3267484002585417935 ) ) ;
#1444 = MECHANICAL_DESIGN_GEOMETRIC_PRESENTATION_REPRESENTATION (  '', ( #4785 ), #377 ) ;
#1445 = EDGE_LOOP ( 'NONE', ( #1051, #3033, #5685, #1109 ) ) ;
#1446 = LINE ( 'NONE', #1487, #6328 ) ;
#1447 = VERTEX_POINT ( 'NONE', #1975 ) ;
#1448 = CARTESIAN_POINT ( 'NONE',  ( 0.08834281416333052139, -0.02952749408851909271, 0.1338350144317692891 ) ) ;
#1449 = AXIS2_PLACEMENT_3D ( 'NONE', #911, #4082, #504 ) ;
#1450 = UNCERTAINTY_MEASURE_WITH_UNIT (LENGTH_MEASURE( 1.000000000000000082E-05 ), #5856, 'distance_accuracy_value', 'NONE');
#1451 = CARTESIAN_POINT ( 'NONE',  ( -0.01987603590582453367, 0.1925877697406526423, 0.02990053300728316710 ) ) ;
#1452 = VERTEX_POINT ( 'NONE', #5115 ) ;
#1453 = AXIS2_PLACEMENT_3D ( 'NONE', #2410, #6022, #1403 ) ;
#1454 = ADVANCED_FACE ( 'NONE', ( #6525 ), #2480, .F. ) ;
#1455 = LINE ( 'NONE', #5973, #694 ) ;
#1456 = CARTESIAN_POINT ( 'NONE',  ( -26.03713589280814844, 0.07086614173244684678, -0.07088939501646004948 ) ) ;
#1457 = DIRECTION ( 'NONE',  ( 0.000000000000000000, 1.000000000000000000, -3.491481338843134933E-15 ) ) ;
#1458 = DIRECTION ( 'NONE',  ( -1.000000000000000000, 0.000000000000000000, 0.000000000000000000 ) ) ;
#1459 = VERTEX_POINT ( 'NONE', #1504 ) ;
#1460 = CARTESIAN_POINT ( 'NONE',  ( -0.01237777460051775469, 0.08169538128920945941, 0.07041460340021279962 ) ) ;
#1461 = VECTOR ( 'NONE', #3654, 39.37007874015748143 ) ;
#1462 = ADVANCED_FACE ( 'NONE', ( #4033 ), #6148, .F. ) ;
#1463 = DIRECTION ( 'NONE',  ( 1.000000000000000000, -1.431507348925684052E-28, -4.100000000000000200E-14 ) ) ;
#1464 = ORIENTED_EDGE ( 'NONE', *, *, #2273, .F. ) ;
#1465 = DIRECTION ( 'NONE',  ( -4.047688110609999447E-14, -5.782411586585713496E-15, -1.000000000000000000 ) ) ;
#1466 = ADVANCED_FACE ( 'NONE', ( #938 ), #3561, .F. ) ;
#1467 = VECTOR ( 'NONE', #2044, 39.37007874015748143 ) ;
#1468 = DIRECTION ( 'NONE',  ( -1.000000000000000000, 0.000000000000000000, 0.000000000000000000 ) ) ;
#1469 = CARTESIAN_POINT ( 'NONE',  ( -0.1006335637894395785, 0.007874015748078170424, 0.1338350144318086743 ) ) ;
#1470 = CARTESIAN_POINT ( 'NONE',  ( -0.05770551363031844322, 0.2408161161973457476, 0.03201161803921610816 ) ) ;
#1471 = ORIENTED_EDGE ( 'NONE', *, *, #396, .F. ) ;
#1472 = CIRCLE ( 'NONE', #1590, 0.05056999097458959175 ) ;
#1473 = EDGE_CURVE ( 'NONE', #2314, #941, #495, .T. ) ;
#1474 = CIRCLE ( 'NONE', #943, 0.01771653543308205139 ) ;
#1475 = DIRECTION ( 'NONE',  ( 4.027719855167626086E-14, 3.491481338843134933E-15, 1.000000000000000000 ) ) ;
#1476 = ORIENTED_EDGE ( 'NONE', *, *, #3392, .F. ) ;
#1477 = PLANE ( 'NONE',  #6529 ) ;
#1478 = VERTEX_POINT ( 'NONE', #3092 ) ;
#1479 = CIRCLE ( 'NONE', #2218, 0.05056999097458962644 ) ;
#1480 = DIRECTION ( 'NONE',  ( 0.000000000000000000, 1.000000000000000000, -3.491481338843134933E-15 ) ) ;
#1481 = VECTOR ( 'NONE', #6138, 39.37007874015748143 ) ;
#1482 = CARTESIAN_POINT ( 'NONE',  ( -0.04085966922767377690, 0.1689657224965586402, 0.07221932904291337996 ) ) ;
#1483 = CARTESIAN_POINT ( 'NONE',  ( -0.01401939056108515713, 0.03937007874020354709, -0.04726734777295716478 ) ) ;
#1484 = VECTOR ( 'NONE', #3766, 39.37007874015748143 ) ;
#1485 = VECTOR ( 'NONE', #6574, 39.37007874015748143 ) ;
#1486 = VERTEX_POINT ( 'NONE', #1532 ) ;
#1487 = CARTESIAN_POINT ( 'NONE',  ( -0.09449380637435238206, 3.278217592397113890E-15, 0.03540981758142059538 ) ) ;
#1488 = VERTEX_POINT ( 'NONE', #3591 ) ;
#1489 = CARTESIAN_POINT ( 'NONE',  ( -0.2013363006014607659, 0.1795415687353210943, -0.03301913587130646949 ) ) ;
#1490 = CARTESIAN_POINT ( 'NONE',  ( -0.03026557783878931415, 0.1351730715779231873, 0.01376286286649618974 ) ) ;
#1491 = ORIENTED_EDGE ( 'NONE', *, *, #445, .T. ) ;
#1492 = DIRECTION ( 'NONE',  ( -2.793421535665029918E-16, -1.000000000000000000, 3.491481338843140849E-15 ) ) ;
#1493 = CARTESIAN_POINT ( 'NONE',  ( -0.06189358770222146144, 0.1259842519685108464, 0.02163029002232799008 ) ) ;
#1494 = DIRECTION ( 'NONE',  ( 1.000000000000000000, 0.000000000000000000, 0.000000000000000000 ) ) ;
#1495 = CARTESIAN_POINT ( 'NONE',  ( 0.02361642984611153628, -0.1397637795275590566, -0.07088939501700669554 ) ) ;
#1496 = VERTEX_POINT ( 'NONE', #365 ) ;
#1497 = FACE_OUTER_BOUND ( 'NONE', #757, .T. ) ;
#1498 = EDGE_CURVE ( 'NONE', #5705, #665, #5326, .T. ) ;
#1499 = CARTESIAN_POINT ( 'NONE',  ( -0.04398554573455393940, 0.2332701844388157530, 0.02288724045285595032 ) ) ;
#1500 = VERTEX_POINT ( 'NONE', #2067 ) ;
#1501 = DIRECTION ( 'NONE',  ( -1.138703706931244126E-13, -3.491481338843134933E-15, -1.000000000000000000 ) ) ;
#1502 = DIRECTION ( 'NONE',  ( 0.000000000000000000, 3.491481338843134933E-15, 1.000000000000000000 ) ) ;
#1503 = CARTESIAN_POINT ( 'NONE',  ( 0.2555061936257114197, -0.1123849554454065119, 0.04328383333244213704 ) ) ;
#1504 = CARTESIAN_POINT ( 'NONE',  ( 0.2563287443777119701, 0.1771653543307768475, -0.04886031146248352025 ) ) ;
#1505 = CARTESIAN_POINT ( 'NONE',  ( -0.0007417243760064197141, 0.1122071923128312165, 0.02840216675381484687 ) ) ;
#1506 = ORIENTED_EDGE ( 'NONE', *, *, #821, .T. ) ;
#1507 = EDGE_CURVE ( 'NONE', #4015, #5386, #1601, .T. ) ;
#1508 = FACE_OUTER_BOUND ( 'NONE', #4865, .T. ) ;
#1509 = CARTESIAN_POINT ( 'NONE',  ( -0.2003893505532716446, 0.1831973344008874238, 0.1185452054176800579 ) ) ;
#1510 = VERTEX_POINT ( 'NONE', #3153 ) ;
#1511 = DIRECTION ( 'NONE',  ( -2.065531208604895267E-14, -3.491481338843134933E-15, -1.000000000000000000 ) ) ;
#1512 = DIRECTION ( 'NONE',  ( -1.000000000000000000, 1.431507348925683827E-28, 4.100000000000000200E-14 ) ) ;
#1513 = VERTEX_POINT ( 'NONE', #3664 ) ;
#1514 = EDGE_CURVE ( 'NONE', #4540, #3206, #5721, .T. ) ;
#1515 = DIRECTION ( 'NONE',  ( 0.000000000000000000, -1.000000000000000000, 3.491481338843134933E-15 ) ) ;
#1516 = EDGE_LOOP ( 'NONE', ( #5224, #4565, #4186, #6018, #2132, #4145 ) ) ;
#1517 = PLANE ( 'NONE',  #3095 ) ;
#1518 = CARTESIAN_POINT ( 'NONE',  ( 0.001342193295246887907, 0.1443594232839599534, 0.06129022581385265567 ) ) ;
#1519 = EDGE_LOOP ( 'NONE', ( #2987, #5717, #1183, #1910 ) ) ;
#1520 = FACE_OUTER_BOUND ( 'NONE', #6034, .T. ) ;
#1521 = FACE_OUTER_BOUND ( 'NONE', #1185, .T. ) ;
#1522 = DIRECTION ( 'NONE',  ( 0.000000000000000000, -3.491481338843135327E-15, -1.000000000000000000 ) ) ;
#1523 = VERTEX_POINT ( 'NONE', #1629 ) ;
#1524 = CARTESIAN_POINT ( 'NONE',  ( -0.01550365110739785474, 0.2103043051737236713, 0.02108251481015519305 ) ) ;
#1525 = DIRECTION ( 'NONE',  ( 3.200000000000000249E-14, 1.000000000000000000, -3.491481338843134933E-15 ) ) ;
#1526 = CARTESIAN_POINT ( 'NONE',  ( -0.03026557783878931415, 0.1804486621291042370, 0.01376286286649603535 ) ) ;
#1527 = VERTEX_POINT ( 'NONE', #531 ) ;
#1528 = CARTESIAN_POINT ( 'NONE',  ( -0.05770551363031868608, 0.1856980059611252620, 0.03201161803921587223 ) ) ;
#1529 = EDGE_CURVE ( 'NONE', #2170, #2207, #1099, .T. ) ;
#1530 = FILL_AREA_STYLE ('',( #6250 ) ) ;
#1531 = CARTESIAN_POINT ( 'NONE',  ( -0.1594544362955578887, 0.05905511811024627411, 0.06887438451052953214 ) ) ;
#1532 = CARTESIAN_POINT ( 'NONE',  ( -0.2003893505532716446, 0.1831973344008874238, 0.1185452054176800579 ) ) ;
#1533 = CARTESIAN_POINT ( 'NONE',  ( -0.05562159595906518428, 0.1535457749899966917, 0.06489967709925431594 ) ) ;
#1534 = ORIENTED_EDGE ( 'NONE', *, *, #4732, .F. ) ;
#1535 = CARTESIAN_POINT ( 'NONE',  ( -0.1816512612313759822, -0.03937007874011102387, 0.06886498602283307180 ) ) ;
#1536 = ORIENTED_EDGE ( 'NONE', *, *, #1957, .F. ) ;
#1537 = CARTESIAN_POINT ( 'NONE',  ( -26.03713589280814844, 0.07086614173244684678, -0.07088939501646004948 ) ) ;
#1538 = EDGE_CURVE ( 'NONE', #4012, #1488, #1657, .T. ) ;
#1539 = ORIENTED_EDGE ( 'NONE', *, *, #656, .F. ) ;
#1540 = DIRECTION ( 'NONE',  ( 2.065531208604895267E-14, 3.491481338843134933E-15, 1.000000000000000000 ) ) ;
#1541 = CARTESIAN_POINT ( 'NONE',  ( -0.1763927360809139366, 0.1903338677215518082, 0.1469289850245612539 ) ) ;
#1542 = EDGE_CURVE ( 'NONE', #212, #1593, #3726, .T. ) ;
#1543 = VERTEX_POINT ( 'NONE', #4232 ) ;
#1544 = CARTESIAN_POINT ( 'NONE',  ( 0.2528047068973333089, 0.1968503937008382887, -0.05480668773479170641 ) ) ;
#1545 = ORIENTED_EDGE ( 'NONE', *, *, #5306, .T. ) ;
#1546 = DIRECTION ( 'NONE',  ( 1.388035422500259982E-13, -1.000000000000000000, 3.491481338839545221E-15 ) ) ;
#1547 = CARTESIAN_POINT ( 'NONE',  ( -0.04615812598080749896, 0.2362229403443271147, 0.05860605644249907570 ) ) ;
#1548 = ORIENTED_EDGE ( 'NONE', *, *, #1341, .T. ) ;
#1549 = EDGE_CURVE ( 'NONE', #1730, #5238, #4645, .T. ) ;
#1550 = VECTOR ( 'NONE', #5564, 39.37007874015748143 ) ;
#1551 = LINE ( 'NONE', #1149, #1793 ) ;
#1552 = CARTESIAN_POINT ( 'NONE',  ( -0.04843923578590779433, -0.03543300589955562796, 0.1574570616759005948 ) ) ;
#1553 = ORIENTED_EDGE ( 'NONE', *, *, #5411, .T. ) ;
#1554 = CARTESIAN_POINT ( 'NONE',  ( -0.03026557783878933150, 0.1804486621291042647, 0.01376286286649607872 ) ) ;
#1555 = EDGE_CURVE ( 'NONE', #679, #4099, #1162, .T. ) ;
#1556 = LINE ( 'NONE', #3116, #1054 ) ;
#1557 = AXIS2_PLACEMENT_3D ( 'NONE', #1908, #3529, #4580 ) ;
#1558 = CARTESIAN_POINT ( 'NONE',  ( -0.0007417243760064197141, 0.2126008931002328350, 0.02840216675381449646 ) ) ;
#1559 = ORIENTED_EDGE ( 'NONE', *, *, #5018, .T. ) ;
#1560 = CARTESIAN_POINT ( 'NONE',  ( 0.001342193295246887907, 0.1994775335201804667, 0.06129022581385256546 ) ) ;
#1561 =( LENGTH_UNIT ( ) NAMED_UNIT ( * ) SI_UNIT ( $, .METRE. ) );
#1562 = CARTESIAN_POINT ( 'NONE',  ( -0.1816512612313759822, -0.03937007874011079489, 0.1298980065638165593 ) ) ;
#1563 = CARTESIAN_POINT ( 'NONE',  ( -0.04085966922767377690, 0.2063672972997082911, 0.07221932904291318567 ) ) ;
#1564 = AXIS2_PLACEMENT_3D ( 'NONE', #4243, #6291, #5764 ) ;
#1565 = ORIENTED_EDGE ( 'NONE', *, *, #4726, .T. ) ;
#1566 = CARTESIAN_POINT ( 'NONE',  ( -0.1006335637894395785, 0.03937007874020338749, -0.07088939501700984580 ) ) ;
#1567 = ORIENTED_EDGE ( 'NONE', *, *, #3878, .T. ) ;
#1568 = PLANE ( 'NONE',  #1365 ) ;
#1569 = AXIS2_PLACEMENT_3D ( 'NONE', #3485, #4029, #331 ) ;
#1570 = VERTEX_POINT ( 'NONE', #4132 ) ;
#1571 = DIRECTION ( 'NONE',  ( 0.000000000000000000, 3.491481338843134933E-15, 1.000000000000000000 ) ) ;
#1572 = B_SPLINE_CURVE_WITH_KNOTS ( 'NONE', 3,
 ( #3179, #2702, #5236, #621 ),
 .UNSPECIFIED., .F., .F.,
 ( 4, 4 ),
 ( 3.731903884783952739E-16, 0.0003126524636013797934 ),
 .UNSPECIFIED. ) ;
#1573 = CARTESIAN_POINT ( 'NONE',  ( 0.1749569873916675400, 0.007874015748077540719, -0.04726734777295708151 ) ) ;
#1574 = VECTOR ( 'NONE', #4848, 39.37007874015748143 ) ;
#1575 = ADVANCED_FACE ( 'NONE', ( #6180 ), #5786, .T. ) ;
#1576 = CARTESIAN_POINT ( 'NONE',  ( 0.01771091803514563204, 0.2677165354330795499, 0.04525233726641759296 ) ) ;
#1577 = VERTEX_POINT ( 'NONE', #5690 ) ;
#1578 = VECTOR ( 'NONE', #2602, 39.37007874015748143 ) ;
#1579 = VECTOR ( 'NONE', #6372, 39.37007874015748143 ) ;
#1580 = ORIENTED_EDGE ( 'NONE', *, *, #1863, .F. ) ;
#1581 = PLANE ( 'NONE',  #2562 ) ;
#1582 = EDGE_CURVE ( 'NONE', #1751, #2024, #557, .T. ) ;
#1583 = ORIENTED_EDGE ( 'NONE', *, *, #5009, .F. ) ;
#1584 = DIRECTION ( 'NONE',  ( -3.200000000000000249E-14, -1.000000000000000000, 3.491481338843134933E-15 ) ) ;
#1585 = AXIS2_PLACEMENT_3D ( 'NONE', #3584, #6587, #5143 ) ;
#1586 = VECTOR ( 'NONE', #4148, 39.37007874015748143 ) ;
#1587 = EDGE_CURVE ( 'NONE', #4933, #6053, #4671, .T. ) ;
#1588 = CARTESIAN_POINT ( 'NONE',  ( -0.02681644287768620433, 0.2316297644913091758, 0.06819656524907238837 ) ) ;
#1589 = ORIENTED_EDGE ( 'NONE', *, *, #2035, .T. ) ;
#1590 = AXIS2_PLACEMENT_3D ( 'NONE', #6012, #1999, #6583 ) ;
#1591 = DIRECTION ( 'NONE',  ( 1.000000000000000000, 0.000000000000000000, 0.000000000000000000 ) ) ;
#1592 = DIRECTION ( 'NONE',  ( -1.000000000000000000, 1.431507348925684052E-28, 4.100000000000000200E-14 ) ) ;
#1593 = VERTEX_POINT ( 'NONE', #4745 ) ;
#1594 = CARTESIAN_POINT ( 'NONE',  ( -0.04085966922767377690, 0.1689657224965586402, 0.07221932904291337996 ) ) ;
#1595 = DIRECTION ( 'NONE',  ( 0.000000000000000000, 3.491481338843135327E-15, 1.000000000000000000 ) ) ;
#1596 = CARTESIAN_POINT ( 'NONE',  ( -0.05666355479469196987, 0.1735588983495767734, 0.04845564756923504551 ) ) ;
#1597 = VERTEX_POINT ( 'NONE', #587 ) ;
#1598 = CARTESIAN_POINT ( 'NONE',  ( -0.05562159595906518428, 0.1259867198718866432, 0.06489967709925431594 ) ) ;
#1599 = CARTESIAN_POINT ( 'NONE',  ( -0.1003993181853752026, 0.03937007874016047043, -0.05514136352094165666 ) ) ;
#1600 = EDGE_CURVE ( 'NONE', #1817, #583, #4480, .T. ) ;
#1601 = LINE ( 'NONE', #6221, #2634 ) ;
#1602 = CARTESIAN_POINT ( 'NONE',  ( 0.03345894953121524018, 0.03539148894044334692, 0.1043074553766586698 ) ) ;
#1603 = ORIENTED_EDGE ( 'NONE', *, *, #2160, .T. ) ;
#1604 = CARTESIAN_POINT ( 'NONE',  ( 0.2751912329957968417, -0.03937007874011141939, -0.04333033989894158333 ) ) ;
#1605 = DIRECTION ( 'NONE',  ( -2.065531208604895267E-14, -3.491481338843134933E-15, -1.000000000000000000 ) ) ;
#1606 = CARTESIAN_POINT ( 'NONE',  ( -0.1932060945040063038, 0.03937007874020338749, -0.07088939501700984580 ) ) ;
#1607 = DIRECTION ( 'NONE',  ( 3.200000000000000249E-14, 1.000000000000000000, -3.491481338843134933E-15 ) ) ;
#1608 = CARTESIAN_POINT ( 'NONE',  ( -0.1594544362955598593, 0.05905511811024606594, 0.02163029002234571202 ) ) ;
#1609 = ORIENTED_EDGE ( 'NONE', *, *, #5524, .F. ) ;
#1610 = VERTEX_POINT ( 'NONE', #2102 ) ;
#1611 = DIRECTION ( 'NONE',  ( 1.000000000000000000, 0.000000000000000000, 0.000000000000000000 ) ) ;
#1612 = ADVANCED_FACE ( 'NONE', ( #97 ), #2140, .T. ) ;
#1613 = ORIENTED_EDGE ( 'NONE', *, *, #4270, .F. ) ;
#1614 = DIRECTION ( 'NONE',  ( 0.000000000000000000, 1.000000000000000000, -3.491481338843134933E-15 ) ) ;
#1615 = PLANE ( 'NONE',  #4058 ) ;
#1616 = ORIENTED_EDGE ( 'NONE', *, *, #5371, .T. ) ;
#1617 = EDGE_CURVE ( 'NONE', #1327, #1711, #5750, .T. ) ;
#1618 = CARTESIAN_POINT ( 'NONE',  ( -0.1102418378704136115, 3.278217592397113890E-15, 0.03540981758142090763 ) ) ;
#1619 = DIRECTION ( 'NONE',  ( -2.065531208604895267E-14, -3.491481338843134933E-15, -1.000000000000000000 ) ) ;
#1620 = ORIENTED_EDGE ( 'NONE', *, *, #296, .F. ) ;
#1621 = DIRECTION ( 'NONE',  ( 4.138104000875205294E-27, 1.000000000000000000, 9.743788453616189976E-14 ) ) ;
#1622 = LINE ( 'NONE', #3687, #3956 ) ;
#1623 = CARTESIAN_POINT ( 'NONE',  ( 0.0003002344596201086545, 0.1597793707905216520, 0.04484619628383346851 ) ) ;
#1624 = EDGE_CURVE ( 'NONE', #6425, #1817, #5244, .T. ) ;
#1625 = ORIENTED_EDGE ( 'NONE', *, *, #1311, .T. ) ;
#1626 = CARTESIAN_POINT ( 'NONE',  ( -0.04398554573455393940, 0.2431127041238551334, 0.02288724045285590522 ) ) ;
#1627 = CARTESIAN_POINT ( 'NONE',  ( -0.1594544362955598593, 0.1259842519685108464, 0.02163029002234547263 ) ) ;
#1628 = LINE ( 'NONE', #3184, #2230 ) ;
#1629 = CARTESIAN_POINT ( 'NONE',  ( -0.2000510244193372533, 0.1841617455168418349, -0.03216118223407049559 ) ) ;
#1630 = PLANE ( 'NONE',  #3209 ) ;
#1631 = EDGE_LOOP ( 'NONE', ( #946, #1640, #636, #4190 ) ) ;
#1632 = CARTESIAN_POINT ( 'NONE',  ( -0.03937569613812913483, 0.03937007874015865938, 0.05115784907748228971 ) ) ;
#1633 = DIRECTION ( 'NONE',  ( 2.099999999999999887E-14, 3.491481338843134933E-15, 1.000000000000000000 ) ) ;
#1634 = ORIENTED_EDGE ( 'NONE', *, *, #1951, .T. ) ;
#1635 = EDGE_CURVE ( 'NONE', #3994, #1902, #2168, .T. ) ;
#1636 = DIRECTION ( 'NONE',  ( 1.345246525751824388E-43, -1.000000000000000000, 3.491481338843134933E-15 ) ) ;
#1637 = ORIENTED_EDGE ( 'NONE', *, *, #4222, .F. ) ;
#1638 = LINE ( 'NONE', #5761, #3387 ) ;
#1639 = LINE ( 'NONE', #3201, #6408 ) ;
#1640 = ORIENTED_EDGE ( 'NONE', *, *, #5356, .F. ) ;
#1641 = DIRECTION ( 'NONE',  ( -0.6947768954074819980, -0.7192253232526930606, 3.099701450626694921E-14 ) ) ;
#1642 = ORIENTED_EDGE ( 'NONE', *, *, #1825, .T. ) ;
#1643 = FACE_OUTER_BOUND ( 'NONE', #3255, .T. ) ;
#1644 = STYLED_ITEM ( 'NONE', ( #3151 ), #387 ) ;
#1645 = ORIENTED_EDGE ( 'NONE', *, *, #8, .T. ) ;
#1646 = CARTESIAN_POINT ( 'NONE',  ( 0.05117548496423188903, -1.092739197465704696E-15, 0.03540981758141752145 ) ) ;
#1647 = CARTESIAN_POINT ( 'NONE',  ( -0.07177215613410019290, 0.4012513496237086752, 0.1043074553766572821 ) ) ;
#1648 = VECTOR ( 'NONE', #4032, 39.37007874015748143 ) ;
#1649 = ORIENTED_EDGE ( 'NONE', *, *, #2864, .T. ) ;
#1650 = CARTESIAN_POINT ( 'NONE',  ( 0.08834281416333052139, -0.02952749408851909271, 0.1338350144317692891 ) ) ;
#1651 = CARTESIAN_POINT ( 'NONE',  ( -0.1594544362955578887, 0.1259842519685110407, 0.06887438451052933786 ) ) ;
#1652 = EDGE_CURVE ( 'NONE', #1072, #2694, #5818, .T. ) ;
#1653 = CARTESIAN_POINT ( 'NONE',  ( 0.001342193295246887907, 0.2447531240713617662, 0.06129022581385230872 ) ) ;
#1654 = ORIENTED_EDGE ( 'NONE', *, *, #3400, .T. ) ;
#1655 = CARTESIAN_POINT ( 'NONE',  ( -0.01550365110739785474, 0.2477058799768732389, 0.02108251481015507856 ) ) ;
#1656 = AXIS2_PLACEMENT_3D ( 'NONE', #1310, #1844, #1774 ) ;
#1657 = LINE ( 'NONE', #2583, #3285 ) ;
#1658 = CARTESIAN_POINT ( 'NONE',  ( 0.1227626593883104217, -0.03543300589955476060, -0.04726734777295692885 ) ) ;
#1659 = EDGE_CURVE ( 'NONE', #619, #770, #1796, .T. ) ;
#1660 = ORIENTED_EDGE ( 'NONE', *, *, #2658, .T. ) ;
#1661 = VECTOR ( 'NONE', #1540, 39.37007874015748143 ) ;
#1662 = CARTESIAN_POINT ( 'NONE',  ( -0.1820449620185704831, 0.1771653543307550871, 0.1198551626364519757 ) ) ;
#1663 = ADVANCED_FACE ( 'NONE', ( #292 ), #3865, .F. ) ;
#1664 = PLANE ( 'NONE',  #1781 ) ;
#1665 = ORIENTED_EDGE ( 'NONE', *, *, #1145, .F. ) ;
#1666 = CARTESIAN_POINT ( 'NONE',  ( -0.02559616857902582976, 0.3543307086614251866, -0.01380278084381937088 ) ) ;
#1667 = VECTOR ( 'NONE', #5043, 39.37007874015748143 ) ;
#1668 = LINE ( 'NONE', #3736, #3588 ) ;
#1669 = DIRECTION ( 'NONE',  ( -1.000000000000000000, 1.431507348925684052E-28, 4.100000000000000200E-14 ) ) ;
#1670 = CARTESIAN_POINT ( 'NONE',  ( -0.02609774249628226198, 0.1942281896881596359, 0.07953898098657269378 ) ) ;
#1671 = AXIS2_PLACEMENT_3D ( 'NONE', #3468, #6537, #474 ) ;
#1672 = CARTESIAN_POINT ( 'NONE',  ( 0.2558998944130456699, 1.167865017291472482E-14, -0.06695238714299626970 ) ) ;
#1673 = ORIENTED_EDGE ( 'NONE', *, *, #1922, .T. ) ;
#1674 = CARTESIAN_POINT ( 'NONE',  ( -0.02559616857902098641, 0.3543307086614255752, 0.1043074553766574902 ) ) ;
#1675 = VECTOR ( 'NONE', #226, 39.37007874015748143 ) ;
#1676 = ORIENTED_EDGE ( 'NONE', *, *, #4673, .T. ) ;
#1677 = CARTESIAN_POINT ( 'NONE',  ( 0.2563287443777702013, 0.1771653543307758205, -0.07088939501704935586 ) ) ;
#1678 = AXIS2_PLACEMENT_3D ( 'NONE', #4531, #3749, #3170 ) ;
#1679 = CIRCLE ( 'NONE', #3843, 0.04330708661416905747 ) ;
#1680 = EDGE_LOOP ( 'NONE', ( #4750, #1366, #2491, #4978 ) ) ;
#1681 = CARTESIAN_POINT ( 'NONE',  ( 0.03345894953122653670, 0.3425196850393807391, 0.3798980065577472476 ) ) ;
#1682 = VECTOR ( 'NONE', #3252, 39.37007874015748143 ) ;
#1683 = ORIENTED_EDGE ( 'NONE', *, *, #4240, .F. ) ;
#1684 = AXIS2_PLACEMENT_3D ( 'NONE', #649, #2599, #4696 ) ;
#1685 = ORIENTED_EDGE ( 'NONE', *, *, #4152, .T. ) ;
#1686 = DIRECTION ( 'NONE',  ( 2.100000000000010931E-14, 3.491481338843135722E-15, 1.000000000000000000 ) ) ;
#1687 = CARTESIAN_POINT ( 'NONE',  ( 0.0003002344596201086545, 0.2424565361448523526, 0.04484619628383316320 ) ) ;
#1688 = ORIENTED_EDGE ( 'NONE', *, *, #6324, .F. ) ;
#1689 = CARTESIAN_POINT ( 'NONE',  ( -0.06648637496365107646, 0.1558423629165058277, 0.04907806035724077143 ) ) ;
#1690 = AXIS2_PLACEMENT_3D ( 'NONE', #4558, #3983, #6604 ) ;
#1691 = CARTESIAN_POINT ( 'NONE',  ( -0.2013363006014440848, 0.1771653543307547263, -0.09204568856043759961 ) ) ;
#1692 = DIRECTION ( 'NONE',  ( -4.131062417209784855E-14, -3.491481338843134933E-15, -1.000000000000000000 ) ) ;
#1693 = CARTESIAN_POINT ( 'NONE',  ( -0.0007417243760064197141, 0.2500024679033825414, 0.02840216675381435421 ) ) ;
#1694 = ADVANCED_FACE ( 'NONE', ( #761 ), #3249, .F. ) ;
#1695 = VERTEX_POINT ( 'NONE', #1758 ) ;
#1696 = CARTESIAN_POINT ( 'NONE',  ( 0.1751912329957230618, -5.805176986536558994E-15, -0.05514136352094724941 ) ) ;
#1697 = AXIS2_PLACEMENT_3D ( 'NONE', #4476, #4578, #6524 ) ;
#1698 = CARTESIAN_POINT ( 'NONE',  ( 0.2689315692766994226, 0.1921487886011799540, -0.03533166428068753445 ) ) ;
#1699 = ORIENTED_EDGE ( 'NONE', *, *, #1210, .F. ) ;
#1700 = DIRECTION ( 'NONE',  ( 0.000000000000000000, -1.000000000000000000, 3.491481338843134933E-15 ) ) ;
#1701 = PLANE ( 'NONE',  #6164 ) ;
#1702 = CARTESIAN_POINT ( 'NONE',  ( -0.04945246142723173227, -0.02952749408851909271, 0.1338350144317692891 ) ) ;
#1703 = DIRECTION ( 'NONE',  ( 1.000000000000000000, -7.211763669642101182E-29, -2.065531208604895267E-14 ) ) ;
#1704 = EDGE_CURVE ( 'NONE', #868, #661, #689, .T. ) ;
#1705 = CARTESIAN_POINT ( 'NONE',  ( -0.04945246142723173227, -0.02952749408851968599, -0.04726734777295692885 ) ) ;
#1706 = ORIENTED_EDGE ( 'NONE', *, *, #6404, .F. ) ;
#1707 = LINE ( 'NONE', #6233, #5000 ) ;
#1708 = ORIENTED_EDGE ( 'NONE', *, *, #981, .F. ) ;
#1709 = LINE ( 'NONE', #3237, #3303 ) ;
#1710 = CARTESIAN_POINT ( 'NONE',  ( 0.008721745602250967344, 0.1850418379821225090, 0.02210854609705920765 ) ) ;
#1711 = VERTEX_POINT ( 'NONE', #5843 ) ;
#1712 = EDGE_CURVE ( 'NONE', #2957, #1821, #497, .T. ) ;
#1713 = CARTESIAN_POINT ( 'NONE',  ( -0.1003993181853708727, 0.03937007874016117820, 0.1535200538018930971 ) ) ;
#1714 = ORIENTED_EDGE ( 'NONE', *, *, #1086, .T. ) ;
#1715 = EDGE_CURVE ( 'NONE', #3787, #2477, #4907, .T. ) ;
#1716 = CARTESIAN_POINT ( 'NONE',  ( 0.2555061936257114197, -0.1123849554454063038, 0.06886498602283327997 ) ) ;
#1717 = VERTEX_POINT ( 'NONE', #2844 ) ;
#1718 = PLANE ( 'NONE',  #5353 ) ;
#1719 = CARTESIAN_POINT ( 'NONE',  ( -0.008839977064414398025, 0.1069578484808104551, 0.05624143073310807622 ) ) ;
#1720 = ORIENTED_EDGE ( 'NONE', *, *, #2424, .F. ) ;
#1721 = EDGE_CURVE ( 'NONE', #4998, #3354, #1221, .T. ) ;
#1722 = CARTESIAN_POINT ( 'NONE',  ( -0.01113126630897090172, 0.1374696595044320735, 0.01226449661302806728 ) ) ;
#1723 = CARTESIAN_POINT ( 'NONE',  ( 0.2502230127988674391, 0.1936205956005861706, 0.1485759942491541030 ) ) ;
#1724 = DIRECTION ( 'NONE',  ( -2.065531208604895267E-14, -3.491481338843134933E-15, -1.000000000000000000 ) ) ;
#1725 = DIRECTION ( 'NONE',  ( 1.844397018054724620E-16, -1.000000000000000000, 3.491481338843129805E-15 ) ) ;
#1726 = ORIENTED_EDGE ( 'NONE', *, *, #4962, .F. ) ;
#1727 = LINE ( 'NONE', #295, #411 ) ;
#1728 = CARTESIAN_POINT ( 'NONE',  ( 0.2555061936257114197, -0.03937007874011141939, -0.04333033989894158333 ) ) ;
#1729 = DIRECTION ( 'NONE',  ( 5.566118461309857081E-15, 1.000000000000000000, -3.491481338842580364E-15 ) ) ;
#1730 = VERTEX_POINT ( 'NONE', #1858 ) ;
#1731 = DIRECTION ( 'NONE',  ( 4.100000000000000200E-14, -8.902710404659680619E-14, 1.000000000000000000 ) ) ;
#1732 = ORIENTED_EDGE ( 'NONE', *, *, #5212, .T. ) ;
#1733 = LINE ( 'NONE', #1231, #2078 ) ;
#1734 = DIRECTION ( 'NONE',  ( -1.000000000000000000, 5.566118461305780248E-15, 2.099999999999999887E-14 ) ) ;
#1735 = CARTESIAN_POINT ( 'NONE',  ( 0.1060593495963950833, -0.02952749408851984905, -0.07088939501700945722 ) ) ;
#1736 = FACE_OUTER_BOUND ( 'NONE', #238, .T. ) ;
#1737 = EDGE_CURVE ( 'NONE', #1543, #2950, #596, .T. ) ;
#1738 = FACE_OUTER_BOUND ( 'NONE', #4328, .T. ) ;
#1739 = EDGE_CURVE ( 'NONE', #1898, #1577, #4946, .T. ) ;
#1740 = ORIENTED_EDGE ( 'NONE', *, *, #2555, .T. ) ;
#1741 = CARTESIAN_POINT ( 'NONE',  ( 0.2558998944130499997, 1.242990837117240149E-14, 0.1535200538018856586 ) ) ;
#1742 = ORIENTED_EDGE ( 'NONE', *, *, #2322, .T. ) ;
#1743 = EDGE_CURVE ( 'NONE', #1007, #868, #6414, .T. ) ;
#1744 = CARTESIAN_POINT ( 'NONE',  ( -0.04943598110508647114, 0.2332701844388154200, 0.01469163504373349922 ) ) ;
#1745 = CARTESIAN_POINT ( 'NONE',  ( -0.1594544362955578887, 0.05905511811024627411, 0.06887438451052953214 ) ) ;
#1746 = ADVANCED_FACE ( 'NONE', ( #3352 ), #5443, .T. ) ;
#1747 = ORIENTED_EDGE ( 'NONE', *, *, #6060, .F. ) ;
#1748 = CARTESIAN_POINT ( 'NONE',  ( -0.07166239195091850256, 0.3543307086614251866, -0.01380278084381937088 ) ) ;
#1749 = VERTEX_POINT ( 'NONE', #793 ) ;
#1750 = DIRECTION ( 'NONE',  ( 1.000000000000000000, 0.000000000000000000, 0.000000000000000000 ) ) ;
#1751 = VERTEX_POINT ( 'NONE', #828 ) ;
#1752 = EDGE_CURVE ( 'NONE', #6321, #302, #6452, .T. ) ;
#1753 = CARTESIAN_POINT ( 'NONE',  ( -0.01020519435426384819, 0.1299237277459020512, 0.03469578741056999344 ) ) ;
#1754 = ORIENTED_EDGE ( 'NONE', *, *, #3486, .F. ) ;
#1755 = CARTESIAN_POINT ( 'NONE',  ( -0.04943598110508647114, 0.2155536490057445853, 0.01469163504373357035 ) ) ;
#1756 = DIRECTION ( 'NONE',  ( 0.000000000000000000, 1.000000000000000000, -3.491481338843134933E-15 ) ) ;
#1757 = DIRECTION ( 'NONE',  ( -0.6947768954074819980, -0.7192253232526929496, 3.099701450626694921E-14 ) ) ;
#1758 = CARTESIAN_POINT ( 'NONE',  ( -0.2013363006014440848, -0.1123849554454063038, 0.06886498602283327997 ) ) ;
#1759 = ORIENTED_EDGE ( 'NONE', *, *, #1326, .F. ) ;
#1760 = LINE ( 'NONE', #4374, #1484 ) ;
#1761 = CARTESIAN_POINT ( 'NONE',  ( -0.08465128668926241717, 0.04724409448819559543, -0.01970829265484567300 ) ) ;
#1762 = AXIS2_PLACEMENT_3D ( 'NONE', #274, #2354, #3337 ) ;
#1763 = LINE ( 'NONE', #5848, #177 ) ;
#1764 = ORIENTED_EDGE ( 'NONE', *, *, #5154, .F. ) ;
#1765 = DIRECTION ( 'NONE',  ( -2.793421535665029918E-16, -1.000000000000000000, 3.491481338842465190E-15 ) ) ;
#1766 = CARTESIAN_POINT ( 'NONE',  ( 0.2502230127988674391, 0.1936205956005861706, 0.1485759942491541030 ) ) ;
#1767 = DIRECTION ( 'NONE',  ( 1.000000000000000000, 0.000000000000000000, 0.000000000000000000 ) ) ;
#1768 = LINE ( 'NONE', #6526, #205 ) ;
#1769 = AXIS2_PLACEMENT_3D ( 'NONE', #3638, #640, #4720 ) ;
#1770 = CARTESIAN_POINT ( 'NONE',  ( 0.2725134202482628054, 0.1873878817487555082, 0.1197607105995285720 ) ) ;
#1771 = CARTESIAN_POINT ( 'NONE',  ( -0.03026557783878931415, 0.2454092920503639919, 0.01376286286649580463 ) ) ;
#1772 = AXIS2_PLACEMENT_3D ( 'NONE', #1260, #5974, #3320 ) ;
#1773 = ORIENTED_EDGE ( 'NONE', *, *, #5868, .T. ) ;
#1774 = DIRECTION ( 'NONE',  ( 0.5537642336461033876, 0.000000000000000000, 0.8326735095668311715 ) ) ;
#1775 = ORIENTED_EDGE ( 'NONE', *, *, #888, .T. ) ;
#1776 = VECTOR ( 'NONE', #2149, 39.37007874015748143 ) ;
#1777 = EDGE_CURVE ( 'NONE', #2931, #2755, #190, .T. ) ;
#1778 = CARTESIAN_POINT ( 'NONE',  ( -0.02537904211487844452, 0.1942281896881595249, 0.09088139672407265224 ) ) ;
#1779 = CARTESIAN_POINT ( 'NONE',  ( -0.1816512612313759822, 0.1935516124725102372, -0.09204568856043759961 ) ) ;
#1780 = VERTEX_POINT ( 'NONE', #2234 ) ;
#1781 = AXIS2_PLACEMENT_3D ( 'NONE', #2784, #3732, #5794 ) ;
#1782 = DIRECTION ( 'NONE',  ( 1.000000000000000000, -3.200000000000000249E-14, -2.099999999999999887E-14 ) ) ;
#1783 = ORIENTED_EDGE ( 'NONE', *, *, #116, .F. ) ;
#1784 = DIRECTION ( 'NONE',  ( 0.000000000000000000, 3.491481338843134933E-15, 1.000000000000000000 ) ) ;
#1785 = EDGE_CURVE ( 'NONE', #1527, #3322, #1324, .T. ) ;
#1786 = ORIENTED_EDGE ( 'NONE', *, *, #3655, .T. ) ;
#1787 = VECTOR ( 'NONE', #2141, 39.37007874015748143 ) ;
#1788 = CIRCLE ( 'NONE', #4815, 0.02558115269038244502 ) ;
#1789 = CARTESIAN_POINT ( 'NONE',  ( -0.01987603590582453367, 0.2103043051737235047, 0.02990053300728311159 ) ) ;
#1790 = ORIENTED_EDGE ( 'NONE', *, *, #6536, .F. ) ;
#1791 = CARTESIAN_POINT ( 'NONE',  ( 0.01152436365490823456, 0.1719184784020702794, 0.06633902089459743634 ) ) ;
#1792 = AXIS2_PLACEMENT_3D ( 'NONE', #5265, #2626, #4187 ) ;
#1793 = VECTOR ( 'NONE', #6206, 39.37007874015748143 ) ;
#1794 = LINE ( 'NONE', #6310, #5654 ) ;
#1795 = DIRECTION ( 'NONE',  ( 3.200000000000000249E-14, 1.000000000000000000, -3.491481338843134933E-15 ) ) ;
#1796 = LINE ( 'NONE', #255, #703 ) ;
#1797 = DIRECTION ( 'NONE',  ( -1.000000000000000000, 0.000000000000000000, 0.000000000000000000 ) ) ;
#1798 = ORIENTED_EDGE ( 'NONE', *, *, #6050, .T. ) ;
#1799 = DIRECTION ( 'NONE',  ( 1.000000000000000000, -3.221629312528710254E-14, -2.106449935114925668E-14 ) ) ;
#1800 = AXIS2_PLACEMENT_3D ( 'NONE', #2985, #2505, #4607 ) ;
#1801 = LINE ( 'NONE', #1428, #3852 ) ;
#1802 = AXIS2_PLACEMENT_3D ( 'NONE', #4529, #345, #3913 ) ;
#1803 = CARTESIAN_POINT ( 'NONE',  ( -0.1220528614924594468, 0.03937007874016299619, 0.03540981758142102559 ) ) ;
#1804 = VERTEX_POINT ( 'NONE', #4434 ) ;
#1805 = CARTESIAN_POINT ( 'NONE',  ( 0.2744754502823061881, 0.1824253996630736951, 0.1186736754434044028 ) ) ;
#1806 = ORIENTED_EDGE ( 'NONE', *, *, #4107, .F. ) ;
#1807 = ADVANCED_FACE ( 'NONE', ( #3790 ), #6480, .T. ) ;
#1808 = CARTESIAN_POINT ( 'NONE',  ( 0.03345894953121547610, 0.1614173228346534039, 0.1102129671876681122 ) ) ;
#1809 = VECTOR ( 'NONE', #4707, 39.37007874015748143 ) ;
#1810 = DIRECTION ( 'NONE',  ( -0.6947768954074819980, -0.7192253232526929496, 3.099701450626694921E-14 ) ) ;
#1811 = DIRECTION ( 'NONE',  ( 0.000000000000000000, 1.000000000000000000, -3.491481338843134933E-15 ) ) ;
#1812 = AXIS2_PLACEMENT_3D ( 'NONE', #355, #2845, #5378 ) ;
#1813 = CARTESIAN_POINT ( 'NONE',  ( 0.2925759952178397794, 0.1999753174074629936, 0.1338350144317685120 ) ) ;
#1814 = DIRECTION ( 'NONE',  ( 1.345246525751824388E-43, -1.000000000000000000, 3.491481338843134933E-15 ) ) ;
#1815 = EDGE_LOOP ( 'NONE', ( #3210, #5797, #4147, #4862 ) ) ;
#1816 = CARTESIAN_POINT ( 'NONE',  ( -0.01237777460051775469, 0.1092544364073196744, 0.07041460340021279962 ) ) ;
#1817 = VERTEX_POINT ( 'NONE', #4841 ) ;
#1818 = EDGE_CURVE ( 'NONE', #6321, #820, #3075, .T. ) ;
#1819 = LINE ( 'NONE', #3885, #1579 ) ;
#1820 = EDGE_LOOP ( 'NONE', ( #1318, #645, #4234, #6395 ) ) ;
#1821 = VERTEX_POINT ( 'NONE', #2913 ) ;
#1822 = CARTESIAN_POINT ( 'NONE',  ( -0.008839977064414398025, 0.1719184784020702794, 0.05624143073310786806 ) ) ;
#1823 = ORIENTED_EDGE ( 'NONE', *, *, #3623, .F. ) ;
#1824 = CARTESIAN_POINT ( 'NONE',  ( -0.006927339229985205599, 0.1092544364073197716, 0.07861020880933519694 ) ) ;
#1825 = EDGE_CURVE ( 'NONE', #3967, #3929, #866, .T. ) ;
#1826 = CARTESIAN_POINT ( 'NONE',  ( 0.1751912329957273917, 0.03937007874017133674, -0.05514136352094740900 ) ) ;
#1827 = DIRECTION ( 'NONE',  ( -4.100000000000000200E-14, 4.626037607347360073E-13, -1.000000000000000000 ) ) ;
#1828 = PRESENTATION_STYLE_ASSIGNMENT (( #327 ) ) ;
#1829 = ORIENTED_EDGE ( 'NONE', *, *, #2027, .T. ) ;
#1830 = CARTESIAN_POINT ( 'NONE',  ( -0.04085966922767377690, 0.1414066673784482309, 0.07221932904291357425 ) ) ;
#1831 = EDGE_CURVE ( 'NONE', #1804, #3710, #3607, .T. ) ;
#1832 = DIRECTION ( 'NONE',  ( 0.000000000000000000, -1.000000000000000000, 3.491481338843134933E-15 ) ) ;
#1833 = LINE ( 'NONE', #1969, #1044 ) ;
#1834 = ORIENTED_EDGE ( 'NONE', *, *, #5629, .T. ) ;
#1835 = LINE ( 'NONE', #5314, #3945 ) ;
#1836 = ORIENTED_EDGE ( 'NONE', *, *, #4996, .T. ) ;
#1837 = CARTESIAN_POINT ( 'NONE',  ( 0.1749569873916675400, 0.03937007874020417159, 0.1338350144317690948 ) ) ;
#1838 = CARTESIAN_POINT ( 'NONE',  ( 0.1749569873916675400, 0.007874015748077421023, -0.07088939501700965151 ) ) ;
#1839 = LINE ( 'NONE', #2276, #5800 ) ;
#1840 = CARTESIAN_POINT ( 'NONE',  ( -0.1947782149242934524, 0.1923757331754319955, -0.03522608766520254897 ) ) ;
#1841 = CARTESIAN_POINT ( 'NONE',  ( 0.1060593495963950833, -0.02952749408851968599, -0.04726734777295692885 ) ) ;
#1842 = EDGE_CURVE ( 'NONE', #986, #1597, #1895, .T. ) ;
#1843 = ORIENTED_EDGE ( 'NONE', *, *, #2675, .F. ) ;
#1844 = DIRECTION ( 'NONE',  ( -0.8326735095668313935, 1.933457487894140668E-15, 0.5537642336461031656 ) ) ;
#1845 = CARTESIAN_POINT ( 'NONE',  ( -0.03026557783878931415, 0.1528896070109941607, 0.01376286286649612209 ) ) ;
#1846 = ADVANCED_FACE ( 'NONE', ( #6513 ), #3552, .T. ) ;
#1847 = B_SPLINE_CURVE_WITH_KNOTS ( 'NONE', 3,
 ( #1805, #799, #5950, #6322 ),
 .UNSPECIFIED., .F., .F.,
 ( 4, 4 ),
 ( 0.0001168078937199214007, 0.0002630157548858254681 ),
 .UNSPECIFIED. ) ;
#1848 = DIRECTION ( 'NONE',  ( -2.099999999999999887E-14, -3.491481338842462824E-15, -1.000000000000000000 ) ) ;
#1849 = PRODUCT_DEFINITION_SHAPE ( 'NONE', 'NONE',  #2238 ) ;
#1850 = DIRECTION ( 'NONE',  ( 1.000000000000000000, -1.431507348925684052E-28, -4.100000000000000200E-14 ) ) ;
#1851 = ORIENTED_EDGE ( 'NONE', *, *, #4160, .F. ) ;
#1852 = DIRECTION ( 'NONE',  ( -2.099999999999999887E-14, -3.491481338843135327E-15, -1.000000000000000000 ) ) ;
#1853 = CARTESIAN_POINT ( 'NONE',  ( -0.02681644287768620433, 0.1765116542550886070, 0.06819656524907254103 ) ) ;
#1854 = VERTEX_POINT ( 'NONE', #6011 ) ;
#1855 = CARTESIAN_POINT ( 'NONE',  ( 0.008721745602250967344, 0.1299237277459022177, 0.02210854609705941234 ) ) ;
#1856 = CARTESIAN_POINT ( 'NONE',  ( -0.2182525716154196660, -0.03543300589955412916, 0.1338350144318086743 ) ) ;
#1857 = DIRECTION ( 'NONE',  ( 0.000000000000000000, -3.380096403430220931E-15, -1.000000000000000000 ) ) ;
#1858 = CARTESIAN_POINT ( 'NONE',  ( 0.1237758850294596452, -0.02952749408851968599, -0.04726734777295692885 ) ) ;
#1859 = CARTESIAN_POINT ( 'NONE',  ( 0.1692857211847350607, -0.1397637795275450956, -0.07088939501700965151 ) ) ;
#1860 = AXIS2_PLACEMENT_3D ( 'NONE', #4679, #4176, #4752 ) ;
#1861 = ORIENTED_EDGE ( 'NONE', *, *, #6239, .T. ) ;
#1862 = LINE ( 'NONE', #3421, #6429 ) ;
#1863 = EDGE_CURVE ( 'NONE', #2726, #6350, #4973, .T. ) ;
#1864 = CARTESIAN_POINT ( 'NONE',  ( -0.01503261620223423495, -0.03543300589955346303, 0.3267484002585417935 ) ) ;
#1865 = DIRECTION ( 'NONE',  ( 2.099999999999999887E-14, 3.491481338843134933E-15, 1.000000000000000000 ) ) ;
#1866 = ORIENTED_EDGE ( 'NONE', *, *, #6362, .F. ) ;
#1867 = CARTESIAN_POINT ( 'NONE',  ( 0.2675295181064263894, 0.03937007874020354709, -0.04726734777295716478 ) ) ;
#1868 = VECTOR ( 'NONE', #4706, 39.37007874015748143 ) ;
#1869 = EDGE_LOOP ( 'NONE', ( #1829, #6085, #5399, #2720 ) ) ;
#1870 = DIRECTION ( 'NONE',  ( 0.000000000000000000, 1.000000000000000000, -3.491481338843134933E-15 ) ) ;
#1871 = EDGE_CURVE ( 'NONE', #2072, #2568, #454, .T. ) ;
#1872 = DIRECTION ( 'NONE',  ( -2.099999999999999887E-14, -3.491481338842462824E-15, -1.000000000000000000 ) ) ;
#1873 = CARTESIAN_POINT ( 'NONE',  ( 0.2748569829427175981, 0.1813826190108802083, -0.03262669862738412641 ) ) ;
#1874 = AXIS2_PLACEMENT_3D ( 'NONE', #6450, #2332, #2910 ) ;
#1875 = EDGE_CURVE ( 'NONE', #4038, #2253, #5075, .T. ) ;
#1876 = DIRECTION ( 'NONE',  ( 1.000000000000000000, -3.200000000000007822E-14, -2.099999999999999887E-14 ) ) ;
#1877 = CARTESIAN_POINT ( 'NONE',  ( 0.2675295181064263894, 0.1652358356420010055, 0.1574570616758606267 ) ) ;
#1878 = VECTOR ( 'NONE', #5015, 39.37007874015748143 ) ;
#1879 = VERTEX_POINT ( 'NONE', #3018 ) ;
#1880 = FACE_OUTER_BOUND ( 'NONE', #5309, .T. ) ;
#1881 = VECTOR ( 'NONE', #3185, 39.37007874015748143 ) ;
#1882 = PLANE ( 'NONE',  #5870 ) ;
#1883 = ORIENTED_EDGE ( 'NONE', *, *, #5946, .T. ) ;
#1884 = EDGE_CURVE ( 'NONE', #5280, #6307, #4024, .T. ) ;
#1885 = CIRCLE ( 'NONE', #4266, 0.01771653543306454456 ) ;
#1886 = CYLINDRICAL_SURFACE ( 'NONE', #1160, 0.04282706631352100474 ) ;
#1887 = ORIENTED_EDGE ( 'NONE', *, *, #2042, .F. ) ;
#1888 = LINE ( 'NONE', #3576, #508 ) ;
#1889 = VECTOR ( 'NONE', #4951, 39.37007874015748143 ) ;
#1890 = CARTESIAN_POINT ( 'NONE',  ( -0.01020519435426384819, 0.1948843576671620004, 0.03469578741056978527 ) ) ;
#1891 = EDGE_LOOP ( 'NONE', ( #6340, #6210, #5625, #1548, #533, #1005, #4964, #6156, #6226, #1553 ) ) ;
#1892 = CARTESIAN_POINT ( 'NONE',  ( -0.03098427822019291997, 0.09777149677477348089, 0.002420447128996669299 ) ) ;
#1893 = CARTESIAN_POINT ( 'NONE',  ( 0.2502230127988692709, 0.1936205956006020190, -0.06200832759031768560 ) ) ;
#1894 = CARTESIAN_POINT ( 'NONE',  ( 0.0003002344596201086545, 0.2424565361448523526, 0.04484619628383316320 ) ) ;
#1895 = LINE ( 'NONE', #3960, #1345 ) ;
#1896 = DIRECTION ( 'NONE',  ( 1.000000000000000000, -1.442352733928416201E-28, -4.131062417209784855E-14 ) ) ;
#1897 = VECTOR ( 'NONE', #5425, 39.37007874015748143 ) ;
#1898 = VERTEX_POINT ( 'NONE', #354 ) ;
#1899 = CARTESIAN_POINT ( 'NONE',  ( -0.02609774249628226545, 0.08399196921571866481, 0.07953898098657313787 ) ) ;
#1900 = DIRECTION ( 'NONE',  ( 1.000000000000000000, 1.442352733928416201E-28, 4.131062417209784855E-14 ) ) ;
#1901 = DIRECTION ( 'NONE',  ( 2.065531208604895267E-14, 3.491481338843134933E-15, 1.000000000000000000 ) ) ;
#1902 = VERTEX_POINT ( 'NONE', #2396 ) ;
#1903 = VECTOR ( 'NONE', #1052, 39.37007874015748143 ) ;
#1904 = DIRECTION ( 'NONE',  ( -3.200000000000000249E-14, -1.000000000000000000, 3.491481338843134933E-15 ) ) ;
#1905 = AXIS2_PLACEMENT_3D ( 'NONE', #3373, #4833, #244 ) ;
#1906 = ADVANCED_FACE ( 'NONE', ( #4464 ), #5481, .F. ) ;
#1907 = CARTESIAN_POINT ( 'NONE',  ( 0.02047005479286551771, 0.3543307086614251866, -0.01380278084381937088 ) ) ;
#1908 = CARTESIAN_POINT ( 'NONE',  ( -0.04945246142723173227, -0.02952749408851968599, -0.04726734777295692885 ) ) ;
#1909 = CARTESIAN_POINT ( 'NONE',  ( 0.07873454008234349877, 0.07086614173230294800, 0.03540981758141669572 ) ) ;
#1910 = ORIENTED_EDGE ( 'NONE', *, *, #2110, .F. ) ;
#1911 = VECTOR ( 'NONE', #4811, 39.37007874015748143 ) ;
#1912 = VECTOR ( 'NONE', #6638, 39.37007874015748143 ) ;
#1913 = LINE ( 'NONE', #5492, #2647 ) ;
#1914 = CARTESIAN_POINT ( 'NONE',  ( 0.1237758850294596452, -0.02952749408851968599, -0.04726734777295692885 ) ) ;
#1915 = CIRCLE ( 'NONE', #3314, 0.02558115269038244502 ) ;
#1916 = VECTOR ( 'NONE', #884, 39.37007874015748143 ) ;
#1917 = ADVANCED_FACE ( 'NONE', ( #427 ), #4056, .F. ) ;
#1918 = ORIENTED_EDGE ( 'NONE', *, *, #4970, .F. ) ;
#1919 = DIRECTION ( 'NONE',  ( 0.000000000000000000, 3.491481338843135327E-15, 1.000000000000000000 ) ) ;
#1920 = CARTESIAN_POINT ( 'NONE',  ( -0.05562159595906518428, 0.1712623104230677207, 0.06489967709925423267 ) ) ;
#1921 = CARTESIAN_POINT ( 'NONE',  ( 0.2515021437894536804, 0.1875111845510679109, -0.05810481564669823379 ) ) ;
#1922 = EDGE_CURVE ( 'NONE', #2493, #343, #4568, .T. ) ;
#1923 = ORIENTED_EDGE ( 'NONE', *, *, #3691, .T. ) ;
#1924 = DIRECTION ( 'NONE',  ( 0.000000000000000000, 3.491481338843135327E-15, 1.000000000000000000 ) ) ;
#1925 = VERTEX_POINT ( 'NONE', #6552 ) ;
#1926 = LINE ( 'NONE', #2494, #1255 ) ;
#1927 = EDGE_CURVE ( 'NONE', #4878, #4413, #926, .T. ) ;
#1928 = CARTESIAN_POINT ( 'NONE',  ( -0.03853511036402124112, 0.1328764836514140235, 0.03108284586197879867 ) ) ;
#1929 = ORIENTED_EDGE ( 'NONE', *, *, #3686, .T. ) ;
#1930 = CARTESIAN_POINT ( 'NONE',  ( -0.02537904211487844452, 0.1666691345700494209, 0.09088139672407274938 ) ) ;
#1931 = CARTESIAN_POINT ( 'NONE',  ( -0.1820449620185704831, 0.1935516124725102372, -0.09204568856043759961 ) ) ;
#1932 = PLANE ( 'NONE',  #6100 ) ;
#1933 = FACE_OUTER_BOUND ( 'NONE', #2800, .T. ) ;
#1934 = LINE ( 'NONE', #2501, #4511 ) ;
#1935 = ORIENTED_EDGE ( 'NONE', *, *, #90, .F. ) ;
#1936 = DIRECTION ( 'NONE',  ( 1.000000000000000000, -1.442352733928416201E-28, -4.131062417209784855E-14 ) ) ;
#1937 = DIRECTION ( 'NONE',  ( 0.000000000000000000, 3.491481338843134933E-15, 1.000000000000000000 ) ) ;
#1938 = CARTESIAN_POINT ( 'NONE',  ( -0.09449380637435238206, 3.278217592397113890E-15, 0.03540981758142059538 ) ) ;
#1939 = VERTEX_POINT ( 'NONE', #6582 ) ;
#1940 = DIRECTION ( 'NONE',  ( 1.000000000000000000, 0.000000000000000000, -4.100255488672848136E-14 ) ) ;
#1941 = CARTESIAN_POINT ( 'NONE',  ( -0.04862928026497267964, 0.3543307086614251866, -0.01380278084381937088 ) ) ;
#1942 = FACE_OUTER_BOUND ( 'NONE', #2595, .T. ) ;
#1943 = CARTESIAN_POINT ( 'NONE',  ( 0.1589747102916773680, 0.1968503937008338478, 0.1082444632507039289 ) ) ;
#1944 = CARTESIAN_POINT ( 'NONE',  ( -0.01237777460051775469, 0.1466560112104692837, 0.07041460340021260533 ) ) ;
#1945 = ORIENTED_EDGE ( 'NONE', *, *, #1396, .F. ) ;
#1946 = ADVANCED_FACE ( 'NONE', ( #1933 ), #2980, .F. ) ;
#1947 = DIRECTION ( 'NONE',  ( 1.000000000000000000, -2.793421535665763066E-16, -2.099999999999999887E-14 ) ) ;
#1948 = CARTESIAN_POINT ( 'NONE',  ( 0.1417266660665929268, -3.209921392555507852E-15, 0.05115784907747858434 ) ) ;
#1949 = ORIENTED_EDGE ( 'NONE', *, *, #4996, .F. ) ;
#1950 = CARTESIAN_POINT ( 'NONE',  ( 0.03345894953121642673, 0.04724409448819613666, 0.1338350144317777546 ) ) ;
#1951 = EDGE_CURVE ( 'NONE', #6405, #1510, #5613, .T. ) ;
#1952 = CARTESIAN_POINT ( 'NONE',  ( 0.2675295181064263894, 0.1652358356420017826, 0.1338350144317687063 ) ) ;
#1953 = ORIENTED_EDGE ( 'NONE', *, *, #2722, .F. ) ;
#1954 = CARTESIAN_POINT ( 'NONE',  ( 0.1417266660665929268, -3.209921392555507852E-15, 0.05115784907747858434 ) ) ;
#1955 = ORIENTED_EDGE ( 'NONE', *, *, #402, .T. ) ;
#1956 = DIRECTION ( 'NONE',  ( -0.7127399268793157550, -0.7014283973664507954, 3.167136116199155840E-14 ) ) ;
#1957 = EDGE_CURVE ( 'NONE', #868, #2507, #1885, .T. ) ;
#1958 = CARTESIAN_POINT ( 'NONE',  ( -0.04615812598080749896, 0.1535457749899965529, 0.05860605644249933938 ) ) ;
#1959 = VERTEX_POINT ( 'NONE', #4092 ) ;
#1960 = CARTESIAN_POINT ( 'NONE',  ( -0.06788768398997997722, 0.09317832092175512559, 0.02696282295847150789 ) ) ;
#1961 = LINE ( 'NONE', #2469, #3712 ) ;
#1962 = CARTESIAN_POINT ( 'NONE',  ( -0.04945246142723173227, 0.007874015748077421023, -0.07088939501700965151 ) ) ;
#1963 = CARTESIAN_POINT ( 'NONE',  ( 0.2986680109518988213, 0.1771653543307555034, 0.1630813774264532057 ) ) ;
#1964 = CARTESIAN_POINT ( 'NONE',  ( -0.01181664102002192955, 0.03937007874015827080, -0.06695238714299074634 ) ) ;
#1965 = ORIENTED_EDGE ( 'NONE', *, *, #984, .F. ) ;
#1966 = CARTESIAN_POINT ( 'NONE',  ( 0.2986680109518988213, 0.1968503937008342641, 0.1630813774264529559 ) ) ;
#1967 = DIRECTION ( 'NONE',  ( 1.000000000000000000, -7.211763669642101182E-29, -2.065531208604895267E-14 ) ) ;
#1968 = ADVANCED_BREP_SHAPE_REPRESENTATION ( 'Same_Sky_SLW-12689-4A-N-D', ( #4924, #387, #2607, #406, #852 ), #3536 ) ;
#1969 = CARTESIAN_POINT ( 'NONE',  ( -0.1594544362955565286, 0.1751968503937112731, 0.1043074553766755869 ) ) ;
#1970 = ORIENTED_EDGE ( 'NONE', *, *, #1871, .T. ) ;
#1971 = FACE_OUTER_BOUND ( 'NONE', #2861, .T. ) ;
#1972 = DIRECTION ( 'NONE',  ( 2.099999999999999887E-14, 3.491481338843134933E-15, 1.000000000000000000 ) ) ;
#1973 = DIRECTION ( 'NONE',  ( -1.000000000000000000, 0.000000000000000000, 0.000000000000000000 ) ) ;
#1974 = EDGE_CURVE ( 'NONE', #5584, #3973, #3418, .T. ) ;
#1975 = CARTESIAN_POINT ( 'NONE',  ( -0.1816512612313695429, 0.1968503937008375115, 0.1359778003170692140 ) ) ;
#1976 = CARTESIAN_POINT ( 'NONE',  ( -0.05562159595906518428, 0.2362229403443276143, 0.06489967709925396899 ) ) ;
#1977 = ORIENTED_EDGE ( 'NONE', *, *, #4764, .T. ) ;
#1978 = LINE ( 'NONE', #3494, #2109 ) ;
#1979 = LINE ( 'NONE', #5991, #3740 ) ;
#1980 = VERTEX_POINT ( 'NONE', #17 ) ;
#1981 = CARTESIAN_POINT ( 'NONE',  ( 0.1589747102916773680, 0.1968503937008335147, -0.02167679659181448448 ) ) ;
#1982 = VECTOR ( 'NONE', #25, 39.37007874015748143 ) ;
#1983 = CARTESIAN_POINT ( 'NONE',  ( 0.2563287443777119701, 0.1771653543307768475, -0.04886031146248352025 ) ) ;
#1984 = CIRCLE ( 'NONE', #1656, 0.004921259842519680634 ) ;
#1985 = ORIENTED_EDGE ( 'NONE', *, *, #3563, .F. ) ;
#1986 = EDGE_CURVE ( 'NONE', #4878, #218, #5775, .T. ) ;
#1987 = FACE_OUTER_BOUND ( 'NONE', #5487, .T. ) ;
#1988 = VERTEX_POINT ( 'NONE', #522 ) ;
#1989 = CARTESIAN_POINT ( 'NONE',  ( 0.1749569873916675400, 0.007874015748078231139, 0.1574570616758610431 ) ) ;
#1990 = VECTOR ( 'NONE', #740, 39.37007874015748143 ) ;
#1991 = CARTESIAN_POINT ( 'NONE',  ( -0.0007417243760064197141, 0.1397662474309415426, 0.02840216675381476014 ) ) ;
#1992 = ADVANCED_FACE ( 'NONE', ( #1521 ), #1023, .F. ) ;
#1993 = ORIENTED_EDGE ( 'NONE', *, *, #313, .F. ) ;
#1994 = VECTOR ( 'NONE', #6613, 39.37007874015748143 ) ;
#1995 = EDGE_CURVE ( 'NONE', #2253, #1394, #5232, .T. ) ;
#1996 = DIRECTION ( 'NONE',  ( 0.000000000000000000, 3.380096403430220536E-15, 1.000000000000000000 ) ) ;
#1997 = CARTESIAN_POINT ( 'NONE',  ( -0.04398554573455393940, 0.2332701844388157530, 0.02288724045285595032 ) ) ;
#1998 = DIRECTION ( 'NONE',  ( -3.371788445159084814E-27, 1.000000000000000000, -8.573022390369880337E-14 ) ) ;
#1999 = DIRECTION ( 'NONE',  ( 0.000000000000000000, -1.000000000000000000, 3.491481338843135327E-15 ) ) ;
#2000 = ORIENTED_EDGE ( 'NONE', *, *, #6440, .F. ) ;
#2001 = CARTESIAN_POINT ( 'NONE',  ( -0.01550365110739785474, 0.1551861949375031580, 0.02108251481015539081 ) ) ;
#2002 = VECTOR ( 'NONE', #4122, 39.37007874015748143 ) ;
#2003 = FACE_OUTER_BOUND ( 'NONE', #4183, .T. ) ;
#2004 = CARTESIAN_POINT ( 'NONE',  ( -0.03026557783878931415, 0.2080077172472146185, 0.01376286286649594515 ) ) ;
#2005 = ORIENTED_EDGE ( 'NONE', *, *, #680, .F. ) ;
#2006 = LINE ( 'NONE', #5081, #5793 ) ;
#2007 = DIRECTION ( 'NONE',  ( -0.7014283973664507954, 0.7127399268793157550, 2.627004613787693793E-14 ) ) ;
#2008 = FACE_OUTER_BOUND ( 'NONE', #3227, .T. ) ;
#2009 = CARTESIAN_POINT ( 'NONE',  ( -0.04398554573455393940, 0.2431127041238551334, 0.02288724045285590522 ) ) ;
#2010 = EDGE_LOOP ( 'NONE', ( #2432, #6013, #6323, #4728, #5766, #4205 ) ) ;
#2011 = CARTESIAN_POINT ( 'NONE',  ( -0.1594544362955624128, 0.1751968503937108290, -0.04333033989892047522 ) ) ;
#2012 = EDGE_CURVE ( 'NONE', #1067, #5401, #5680, .T. ) ;
#2013 = CYLINDRICAL_SURFACE ( 'NONE', #4604, 0.04282706631352100474 ) ;
#2014 = ORIENTED_EDGE ( 'NONE', *, *, #6216, .T. ) ;
#2015 = AXIS2_PLACEMENT_3D ( 'NONE', #3925, #6516, #1427 ) ;
#2016 = CARTESIAN_POINT ( 'NONE',  ( -0.1805637635731922319, 0.1968503937008331817, 0.1377720223058457594 ) ) ;
#2017 = CIRCLE ( 'NONE', #2559, 0.01771653543308204445 ) ;
#2018 = DIRECTION ( 'NONE',  ( 4.100000000000000200E-14, 3.491481338843134933E-15, 1.000000000000000000 ) ) ;
#2019 = VECTOR ( 'NONE', #2300, 39.37007874015748143 ) ;
#2020 = AXIS2_PLACEMENT_3D ( 'NONE', #4689, #6199, #741 ) ;
#2021 = ORIENTED_EDGE ( 'NONE', *, *, #2389, .T. ) ;
#2022 = CARTESIAN_POINT ( 'NONE',  ( -0.08465128668926320821, 0.1614173228346527933, -0.04333033989893796123 ) ) ;
#2023 = VECTOR ( 'NONE', #4439, 39.37007874015748143 ) ;
#2024 = VERTEX_POINT ( 'NONE', #5269 ) ;
#2025 = CARTESIAN_POINT ( 'NONE',  ( 0.1082620991375110309, 0.1259842519685108464, 0.02163029002232799008 ) ) ;
#2026 = COLOUR_RGB ( '',0.7921568627450980005, 0.8196078431372548767, 0.9333333333333333481 ) ;
#2027 = EDGE_CURVE ( 'NONE', #5134, #3888, #5740, .T. ) ;
#2028 = CARTESIAN_POINT ( 'NONE',  ( -0.04085966922767377690, 0.1236901319453773684, 0.07221932904291357425 ) ) ;
#2029 = ORIENTED_EDGE ( 'NONE', *, *, #1136, .T. ) ;
#2030 = CARTESIAN_POINT ( 'NONE',  ( -0.04945246142723173227, -0.02952749408851909271, 0.1338350144317692891 ) ) ;
#2031 = DIRECTION ( 'NONE',  ( -1.000000000000000000, 0.000000000000000000, 0.000000000000000000 ) ) ;
#2032 = ORIENTED_EDGE ( 'NONE', *, *, #2952, .T. ) ;
#2033 = CARTESIAN_POINT ( 'NONE',  ( -0.0007417243760064197141, 0.1574827828640122662, 0.02840216675381466993 ) ) ;
#2034 = CARTESIAN_POINT ( 'NONE',  ( 0.1237758850294596452, -0.02952749408851901639, 0.1574570616759005948 ) ) ;
#2035 = EDGE_CURVE ( 'NONE', #720, #5145, #3580, .T. ) ;
#2036 = CARTESIAN_POINT ( 'NONE',  ( -0.02609774249628226198, 0.1942281896881596359, 0.07953898098657269378 ) ) ;
#2037 = VERTEX_POINT ( 'NONE', #5138 ) ;
#2038 = CARTESIAN_POINT ( 'NONE',  ( -0.05770551363031868608, 0.1305798957249047765, 0.03201161803921610122 ) ) ;
#2039 = FILL_AREA_STYLE ('',( #4770 ) ) ;
#2040 = LINE ( 'NONE', #437, #2532 ) ;
#2041 = CARTESIAN_POINT ( 'NONE',  ( -0.05770551363031844322, 0.1581389508430148805, 0.03201161803921638571 ) ) ;
#2042 = EDGE_CURVE ( 'NONE', #3807, #2290, #1151, .T. ) ;
#2043 = ORIENTED_EDGE ( 'NONE', *, *, #4622, .T. ) ;
#2044 = DIRECTION ( 'NONE',  ( -2.065531208604895267E-14, -3.491481338843134933E-15, -1.000000000000000000 ) ) ;
#2045 = CARTESIAN_POINT ( 'NONE',  ( -0.1594544362955618577, 0.1751968503937108290, -0.02514910372273834738 ) ) ;
#2046 = ORIENTED_EDGE ( 'NONE', *, *, #3067, .F. ) ;
#2047 = DIRECTION ( 'NONE',  ( 4.138104000875205294E-27, 1.000000000000000000, 9.743788453616189976E-14 ) ) ;
#2048 = ADVANCED_FACE ( 'NONE', ( #2571 ), #3143, .F. ) ;
#2049 = CARTESIAN_POINT ( 'NONE',  ( -0.0007417243760064197141, 0.1850418379821227033, 0.02840216675381457972 ) ) ;
#2050 = DIMENSIONAL_EXPONENTS ( 1.000000000000000000, 0.000000000000000000, 0.000000000000000000, 0.000000000000000000, 0.000000000000000000, 0.000000000000000000, 0.000000000000000000 ) ;
#2051 = DIRECTION ( 'NONE',  ( 0.000000000000000000, -1.000000000000000000, 3.491481338843134933E-15 ) ) ;
#2052 = CARTESIAN_POINT ( 'NONE',  ( -0.09449380637486812229, -16.03086094197822931, -0.07088939501694863088 ) ) ;
#2053 = EDGE_CURVE ( 'NONE', #4798, #4591, #2159, .T. ) ;
#2054 = ORIENTED_EDGE ( 'NONE', *, *, #802, .T. ) ;
#2055 = CARTESIAN_POINT ( 'NONE',  ( 0.2744754502823061881, 0.1824253996630736951, 0.1186736754434044028 ) ) ;
#2056 = CARTESIAN_POINT ( 'NONE',  ( -0.008839977064414398025, 0.2545956437564009245, 0.05624143073310759744 ) ) ;
#2057 = ORIENTED_EDGE ( 'NONE', *, *, #3596, .F. ) ;
#2058 = DIRECTION ( 'NONE',  ( 0.000000000000000000, 1.000000000000000000, -3.491481338843134933E-15 ) ) ;
#2059 = CARTESIAN_POINT ( 'NONE',  ( -0.04862928026495653977, 0.3543307086614264634, 0.3798980065577469145 ) ) ;
#2060 = ORIENTED_EDGE ( 'NONE', *, *, #552, .F. ) ;
#2061 = CARTESIAN_POINT ( 'NONE',  ( -0.1003993181853708727, 0.03937007874016117820, 0.1535200538018930971 ) ) ;
#2062 = CARTESIAN_POINT ( 'NONE',  ( -0.2182525716154196660, -0.03543300589955476060, -0.04726734777291755757 ) ) ;
#2063 = CARTESIAN_POINT ( 'NONE',  ( -0.01237777460051775469, 0.1092544364073196744, 0.07041460340021279962 ) ) ;
#2064 = ORIENTED_EDGE ( 'NONE', *, *, #5649, .F. ) ;
#2065 = CARTESIAN_POINT ( 'NONE',  ( -0.05666355479469196987, 0.1282833077983956682, 0.04845564756923512184 ) ) ;
#2066 = LINE ( 'NONE', #4166, #4995 ) ;
#2067 = CARTESIAN_POINT ( 'NONE',  ( 0.1082620991375155550, 0.1751968503937112731, 0.1338350144317773383 ) ) ;
#2068 = CARTESIAN_POINT ( 'NONE',  ( -0.03026557783878933150, 0.1076140164598130416, 0.01376286286649632505 ) ) ;
#2069 = ADVANCED_FACE ( 'NONE', ( #650 ), #4697, .F. ) ;
#2070 = ORIENTED_EDGE ( 'NONE', *, *, #2053, .F. ) ;
#2071 = CARTESIAN_POINT ( 'NONE',  ( -0.1816512612313759822, 0.1574803149606775754, 0.1298980065638159487 ) ) ;
#2072 = VERTEX_POINT ( 'NONE', #1088 ) ;
#2073 = DIRECTION ( 'NONE',  ( 1.000000000000000000, -2.793421535665765038E-16, -2.098838354815195116E-14 ) ) ;
#2074 = EDGE_CURVE ( 'NONE', #1988, #5313, #3215, .T. ) ;
#2075 = CARTESIAN_POINT ( 'NONE',  ( 0.03345894953120917559, 0.04724409448819551216, -0.04333033989893748245 ) ) ;
#2076 = CARTESIAN_POINT ( 'NONE',  ( 0.1141676109484856261, 0.03937007874017401515, 0.05115784907747904925 ) ) ;
#2077 = EDGE_CURVE ( 'NONE', #3275, #735, #3614, .T. ) ;
#2078 = VECTOR ( 'NONE', #3393, 39.37007874015748143 ) ;
#2079 = DIRECTION ( 'NONE',  ( 4.172280144832374946E-14, 3.491481338843134933E-15, 1.000000000000000000 ) ) ;
#2080 = ORIENTED_EDGE ( 'NONE', *, *, #647, .F. ) ;
#2081 = COLOUR_RGB ( '',0.7921568627450980005, 0.8196078431372548767, 0.9333333333333333481 ) ;
#2082 = ORIENTED_EDGE ( 'NONE', *, *, #5671, .F. ) ;
#2083 = LINE ( 'NONE', #4629, #3965 ) ;
#2084 = ORIENTED_EDGE ( 'NONE', *, *, #932, .T. ) ;
#2085 = CARTESIAN_POINT ( 'NONE',  ( -0.01181664102002630105, 7.512581982576732232E-16, -0.05514136352094338445 ) ) ;
#2086 = B_SPLINE_CURVE_WITH_KNOTS ( 'NONE', 3,
 ( #3566, #2927, #5527, #1509 ),
 .UNSPECIFIED., .F., .F.,
 ( 4, 4 ),
 ( 0.000000000000000000, 0.0001669737762711864934 ),
 .UNSPECIFIED. ) ;
#2087 = VECTOR ( 'NONE', #5805, 39.37007874015748143 ) ;
#2088 = CARTESIAN_POINT ( 'NONE',  ( -0.04752334327065738107, 0.2408161161973457198, 0.03706041311996052107 ) ) ;
#2089 = ORIENTED_EDGE ( 'NONE', *, *, #4491, .F. ) ;
#2090 = EDGE_CURVE ( 'NONE', #356, #1440, #2631, .T. ) ;
#2091 = VECTOR ( 'NONE', #5729, 39.37007874015748143 ) ;
#2092 = CARTESIAN_POINT ( 'NONE',  ( -0.1594544362955612193, 0.3149606299212677207, -0.01380278084380175477 ) ) ;
#2093 = CARTESIAN_POINT ( 'NONE',  ( 0.1237758850294596452, -0.02952749408851909271, 0.1338350144317692891 ) ) ;
#2094 = ORIENTED_EDGE ( 'NONE', *, *, #6158, .F. ) ;
#2095 = CARTESIAN_POINT ( 'NONE',  ( 0.0003002344596201086545, 0.1873384259086318948, 0.04484619628383331585 ) ) ;
#2096 = FACE_OUTER_BOUND ( 'NONE', #4459, .T. ) ;
#2097 = VECTOR ( 'NONE', #1724, 39.37007874015748143 ) ;
#2098 = CARTESIAN_POINT ( 'NONE',  ( -0.02609774249628226198, 0.2217872448062699620, 0.07953898098657269378 ) ) ;
#2099 = ORIENTED_EDGE ( 'NONE', *, *, #5629, .F. ) ;
#2100 = CARTESIAN_POINT ( 'NONE',  ( -0.05666355479469196987, 0.1558423629165059110, 0.04845564756923504551 ) ) ;
#2101 = CARTESIAN_POINT ( 'NONE',  ( 0.08834281416333052139, 0.03937007874020425485, 0.1574570616759004282 ) ) ;
#2102 = CARTESIAN_POINT ( 'NONE',  ( -0.04945246142723173227, -0.02952749408851909271, 0.1338350144317692891 ) ) ;
#2103 = CARTESIAN_POINT ( 'NONE',  ( 0.2986680109518988213, 0.1968503937008335147, -0.07651371076763781309 ) ) ;
#2104 = AXIS2_PLACEMENT_3D ( 'NONE', #6438, #211, #5429 ) ;
#2105 = ORIENTED_EDGE ( 'NONE', *, *, #4678, .F. ) ;
#2106 = DIRECTION ( 'NONE',  ( -1.000000000000000000, -1.442352733928416201E-28, -4.131062417209784855E-14 ) ) ;
#2107 = ORIENTED_EDGE ( 'NONE', *, *, #4021, .F. ) ;
#2108 = DIRECTION ( 'NONE',  ( 1.000000000000000000, -1.456743826610795753E-28, -4.172280144832374946E-14 ) ) ;
#2109 = VECTOR ( 'NONE', #4037, 39.37007874015748143 ) ;
#2110 = EDGE_CURVE ( 'NONE', #2253, #613, #86, .T. ) ;
#2111 = LINE ( 'NONE', #5760, #4779 ) ;
#2112 = CARTESIAN_POINT ( 'NONE',  ( 0.05117548496371607247, -16.03086094197822931, -0.07088939501695178114 ) ) ;
#2113 = VECTOR ( 'NONE', #2455, 39.37007874015748143 ) ;
#2114 = FACE_OUTER_BOUND ( 'NONE', #5836, .T. ) ;
#2115 = EDGE_CURVE ( 'NONE', #1902, #1301, #4193, .T. ) ;
#2116 = ORIENTED_EDGE ( 'NONE', *, *, #3777, .F. ) ;
#2117 = VECTOR ( 'NONE', #925, 39.37007874015748143 ) ;
#2118 = VERTEX_POINT ( 'NONE', #3683 ) ;
#2119 = CARTESIAN_POINT ( 'NONE',  ( 0.08935603980465453566, -0.03543300589955646063, -0.07088939501700945722 ) ) ;
#2120 = CARTESIAN_POINT ( 'NONE',  ( 0.2440888707910039424, 1.242990837117240149E-14, 0.1535200538018860195 ) ) ;
#2121 = ORIENTED_EDGE ( 'NONE', *, *, #3362, .T. ) ;
#2122 = CYLINDRICAL_SURFACE ( 'NONE', #1792, 0.01771653543308204792 ) ;
#2123 = EDGE_CURVE ( 'NONE', #882, #5320, #5664, .T. ) ;
#2124 = AXIS2_PLACEMENT_3D ( 'NONE', #4712, #102, #1937 ) ;
#2125 = VECTOR ( 'NONE', #3801, 39.37007874015748143 ) ;
#2126 = CARTESIAN_POINT ( 'NONE',  ( -0.01020519435426384819, 0.2224434127852719656, 0.03469578741056972282 ) ) ;
#2127 = ORIENTED_EDGE ( 'NONE', *, *, #783, .F. ) ;
#2128 = AXIS2_PLACEMENT_3D ( 'NONE', #5277, #3693, #6220 ) ;
#2129 = AXIS2_PLACEMENT_3D ( 'NONE', #6140, #1522, #1458 ) ;
#2130 = DIRECTION ( 'NONE',  ( -1.000000000000000000, 0.000000000000000000, 0.000000000000000000 ) ) ;
#2131 = DIRECTION ( 'NONE',  ( -0.7014283973664512395, 0.7127399268793153109, 2.627004613787696002E-14 ) ) ;
#2132 = ORIENTED_EDGE ( 'NONE', *, *, #6527, .F. ) ;
#2133 = CARTESIAN_POINT ( 'NONE',  ( -0.02559616857902342543, 0.1259842519685108464, 0.04525233726641984117 ) ) ;
#2134 = ADVANCED_FACE ( 'NONE', ( #147 ), #2188, .T. ) ;
#2135 = DIRECTION ( 'NONE',  ( 0.000000000000000000, -1.000000000000000000, 3.491481338843134933E-15 ) ) ;
#2136 = CARTESIAN_POINT ( 'NONE',  ( -0.05562159595906518428, 0.1437032553049573114, 0.06489967709925431594 ) ) ;
#2137 = ORIENTED_EDGE ( 'NONE', *, *, #184, .T. ) ;
#2138 = CARTESIAN_POINT ( 'NONE',  ( 0.0003002344596201086545, 0.1420628353574507896, 0.04484619628383346851 ) ) ;
#2139 = DIRECTION ( 'NONE',  ( 2.099999999999999887E-14, 3.491481338843134933E-15, 1.000000000000000000 ) ) ;
#2140 = CYLINDRICAL_SURFACE ( 'NONE', #2313, 0.01771653543308204445 ) ;
#2141 = DIRECTION ( 'NONE',  ( -1.000000000000000000, 0.000000000000000000, 0.000000000000000000 ) ) ;
#2142 = ORIENTED_EDGE ( 'NONE', *, *, #908, .F. ) ;
#2143 = DIRECTION ( 'NONE',  ( -1.000000000000000000, -1.442352733928416201E-28, -4.131062417209784855E-14 ) ) ;
#2144 = CARTESIAN_POINT ( 'NONE',  ( -0.1820449620185704831, -0.03937007874011102387, 0.06886498602283307180 ) ) ;
#2145 = ORIENTED_EDGE ( 'NONE', *, *, #3542, .F. ) ;
#2146 = CARTESIAN_POINT ( 'NONE',  ( -0.04945246142723173227, -0.02952749408851968599, -0.04726734777295692885 ) ) ;
#2147 = ORIENTED_EDGE ( 'NONE', *, *, #3333, .T. ) ;
#2148 = CARTESIAN_POINT ( 'NONE',  ( -0.08465128668923979638, 0.1968503937008335147, -0.02167679659181448448 ) ) ;
#2149 = DIRECTION ( 'NONE',  ( 3.200000000000000249E-14, 1.000000000000000000, -3.491481338843134933E-15 ) ) ;
#2150 = ORIENTED_EDGE ( 'NONE', *, *, #2812, .T. ) ;
#2151 = VERTEX_POINT ( 'NONE', #5932 ) ;
#2152 = CARTESIAN_POINT ( 'NONE',  ( -0.1594544362955598593, 0.1259842519685108464, 0.02163029002234547263 ) ) ;
#2153 = ORIENTED_EDGE ( 'NONE', *, *, #4559, .T. ) ;
#2154 = DIRECTION ( 'NONE',  ( 0.000000000000000000, 1.000000000000000000, -3.491481338843134933E-15 ) ) ;
#2155 = EDGE_CURVE ( 'NONE', #3888, #2839, #3341, .T. ) ;
#2156 = ORIENTED_EDGE ( 'NONE', *, *, #4491, .T. ) ;
#2157 = ADVANCED_FACE ( 'NONE', ( #2284 ), #3404, .T. ) ;
#2158 = LINE ( 'NONE', #2187, #949 ) ;
#2159 = LINE ( 'NONE', #5645, #174 ) ;
#2160 = EDGE_CURVE ( 'NONE', #2477, #5630, #6337, .T. ) ;
#2161 = ORIENTED_EDGE ( 'NONE', *, *, #908, .T. ) ;
#2162 = DIRECTION ( 'NONE',  ( 4.100000000000000200E-14, 3.491481338843134933E-15, 1.000000000000000000 ) ) ;
#2163 = CARTESIAN_POINT ( 'NONE',  ( -0.02681644287768620433, 0.1391100794519390116, 0.06819656524907267980 ) ) ;
#2164 = EDGE_LOOP ( 'NONE', ( #486, #2032, #5758, #3240, #3182, #5700 ) ) ;
#2165 = CARTESIAN_POINT ( 'NONE',  ( -0.02609774249628226198, 0.2316297644913093701, 0.07953898098657269378 ) ) ;
#2166 = LINE ( 'NONE', #5785, #3273 ) ;
#2167 = LINE ( 'NONE', #4167, #5803 ) ;
#2168 = LINE ( 'NONE', #2197, #4252 ) ;
#2169 = CARTESIAN_POINT ( 'NONE',  ( 0.2555061936257114197, 0.1771653543307547263, -0.03368633418161787185 ) ) ;
#2170 = VERTEX_POINT ( 'NONE', #4831 ) ;
#2171 = DIRECTION ( 'NONE',  ( 1.000000000000000000, -2.793421535665765038E-16, -2.098838354815195116E-14 ) ) ;
#2172 = CARTESIAN_POINT ( 'NONE',  ( 0.2741625808647490392, 0.1834454809368737116, -0.03227788949785367900 ) ) ;
#2173 = ORIENTED_EDGE ( 'NONE', *, *, #1635, .F. ) ;
#2174 = DIRECTION ( 'NONE',  ( -0.6947768954074819980, -0.7192253232526930606, 3.099701450626694921E-14 ) ) ;
#2175 = ADVANCED_FACE ( 'NONE', ( #5465 ), #2760, .T. ) ;
#2176 = LINE ( 'NONE', #1606, #6493 ) ;
#2177 = DIRECTION ( 'NONE',  ( 4.131062417209784855E-14, 3.491481338843134933E-15, 1.000000000000000000 ) ) ;
#2178 = CARTESIAN_POINT ( 'NONE',  ( -0.03026557783878931415, 0.2080077172472146185, 0.01376286286649594515 ) ) ;
#2179 = CARTESIAN_POINT ( 'NONE',  ( 0.1417266660665929268, -3.278217592397113890E-15, 0.03540981758141563407 ) ) ;
#2180 = ORIENTED_EDGE ( 'NONE', *, *, #1257, .T. ) ;
#2181 = DIRECTION ( 'NONE',  ( -1.000000000000000000, 0.000000000000000000, 0.000000000000000000 ) ) ;
#2182 = ORIENTED_EDGE ( 'NONE', *, *, #4900, .F. ) ;
#2183 = CARTESIAN_POINT ( 'NONE',  ( -0.2243445873496708598, 0.1771653543307555034, 0.1630813774264925631 ) ) ;
#2184 = AXIS2_PLACEMENT_3D ( 'NONE', #3969, #6659, #4001 ) ;
#2185 = ORIENTED_EDGE ( 'NONE', *, *, #4555, .F. ) ;
#2186 = EDGE_CURVE ( 'NONE', #770, #2931, #750, .T. ) ;
#2187 = CARTESIAN_POINT ( 'NONE',  ( 0.1141676109484856261, 0.03937007874017401515, 0.05115784907747904925 ) ) ;
#2188 = PLANE ( 'NONE',  #1351 ) ;
#2189 = AXIS2_PLACEMENT_3D ( 'NONE', #747, #4890, #6468 ) ;
#2190 = VERTEX_POINT ( 'NONE', #3846 ) ;
#2191 = DIRECTION ( 'NONE',  ( 2.099999999999999887E-14, 3.491481338843135327E-15, 1.000000000000000000 ) ) ;
#2192 = CARTESIAN_POINT ( 'NONE',  ( -0.02954687745738516017, 0.09777149677477361966, 0.02510527860399701036 ) ) ;
#2193 = EDGE_LOOP ( 'NONE', ( #3586, #3684, #1382, #3636 ) ) ;
#2194 = CARTESIAN_POINT ( 'NONE',  ( -0.02537904211487844452, 0.09383448890075807292, 0.09088139672407304082 ) ) ;
#2195 = AXIS2_PLACEMENT_3D ( 'NONE', #6289, #1669, #3738 ) ;
#2196 = ADVANCED_FACE ( 'NONE', ( #2866 ), #854, .F. ) ;
#2197 = CARTESIAN_POINT ( 'NONE',  ( 0.05117548496423188903, -1.092739197465704696E-15, 0.03540981758141752145 ) ) ;
#2198 = FACE_OUTER_BOUND ( 'NONE', #5807, .T. ) ;
#2199 = ORIENTED_EDGE ( 'NONE', *, *, #1210, .T. ) ;
#2200 = CARTESIAN_POINT ( 'NONE',  ( -0.1220528614924594468, 0.07086614173228995839, 0.05115784907748385790 ) ) ;
#2201 = VECTOR ( 'NONE', #326, 39.37007874015748143 ) ;
#2202 = LINE ( 'NONE', #1632, #6317 ) ;
#2203 = CARTESIAN_POINT ( 'NONE',  ( 0.2725041631107099072, 0.1883721465542969875, -0.03319660738664846622 ) ) ;
#2204 = ORIENTED_EDGE ( 'NONE', *, *, #3035, .T. ) ;
#2205 = DIRECTION ( 'NONE',  ( 0.000000000000000000, -1.000000000000000000, 3.491481338843135327E-15 ) ) ;
#2206 = VECTOR ( 'NONE', #601, 39.37007874015748143 ) ;
#2207 = VERTEX_POINT ( 'NONE', #2252 ) ;
#2208 = DIRECTION ( 'NONE',  ( 0.000000000000000000, -1.000000000000000000, 3.491481338843134933E-15 ) ) ;
#2209 = EDGE_CURVE ( 'NONE', #1570, #73, #3810, .T. ) ;
#2210 = AXIS2_PLACEMENT_3D ( 'NONE', #269, #5319, #3906 ) ;
#2211 = CARTESIAN_POINT ( 'NONE',  ( 0.2583333630566194694, 0.1968503937008521110, 0.1320994954255614584 ) ) ;
#2212 = ORIENTED_EDGE ( 'NONE', *, *, #6194, .F. ) ;
#2213 = CARTESIAN_POINT ( 'NONE',  ( -0.1932060945040063038, 0.1652358356420017826, 0.1338350144318080637 ) ) ;
#2214 = AXIS2_PLACEMENT_3D ( 'NONE', #6076, #5550, #1361 ) ;
#2215 = ORIENTED_EDGE ( 'NONE', *, *, #603, .T. ) ;
#2216 = DIRECTION ( 'NONE',  ( -4.100000000000000200E-14, 4.626037607347360073E-13, -1.000000000000000000 ) ) ;
#2217 = CARTESIAN_POINT ( 'NONE',  ( -0.06508506593732280021, 0.2263804206592881507, 0.07119329775600909127 ) ) ;
#2218 = AXIS2_PLACEMENT_3D ( 'NONE', #1966, #4467, #394 ) ;
#2219 = VECTOR ( 'NONE', #2174, 39.37007874015748143 ) ;
#2220 = EDGE_LOOP ( 'NONE', ( #748, #2593, #4352, #5908 ) ) ;
#2221 = FACE_OUTER_BOUND ( 'NONE', #6286, .T. ) ;
#2222 = VECTOR ( 'NONE', #1265, 39.37007874015748143 ) ;
#2223 = ORIENTED_EDGE ( 'NONE', *, *, #5499, .F. ) ;
#2224 = DIRECTION ( 'NONE',  ( -3.200000000000000249E-14, -1.000000000000000000, 3.491481338843134933E-15 ) ) ;
#2225 = VECTOR ( 'NONE', #4361, 39.37007874015748143 ) ;
#2226 = EDGE_LOOP ( 'NONE', ( #5732, #3622, #416, #5349 ) ) ;
#2227 = DIRECTION ( 'NONE',  ( 1.000000000000000000, -1.442352733928416201E-28, -4.131062417209784855E-14 ) ) ;
#2228 = CARTESIAN_POINT ( 'NONE',  ( -0.04615812598080749896, 0.1712623104230674431, 0.05860605644249929080 ) ) ;
#2229 = ORIENTED_EDGE ( 'NONE', *, *, #5539, .T. ) ;
#2230 = VECTOR ( 'NONE', #628, 39.37007874015748143 ) ;
#2231 = CARTESIAN_POINT ( 'NONE',  ( -0.06788768398997997722, 0.1856980059611252620, 0.02696282295847116095 ) ) ;
#2232 = VECTOR ( 'NONE', #5421, 39.37007874015748143 ) ;
#2233 = CARTESIAN_POINT ( 'NONE',  ( -0.1006335637894395785, 0.03937007874020354709, -0.04726734777295716478 ) ) ;
#2234 = CARTESIAN_POINT ( 'NONE',  ( 0.1237758850294596452, 0.007874015748077540719, -0.04726734777295708151 ) ) ;
#2235 = DIRECTION ( 'NONE',  ( -1.000000000000000000, 1.442352733928416201E-28, 4.131062417209784855E-14 ) ) ;
#2236 = EDGE_LOOP ( 'NONE', ( #471, #535, #6162, #1118 ) ) ;
#2237 = DIRECTION ( 'NONE',  ( 1.000000000000000000, 1.442352733928416201E-28, 4.131062417209784855E-14 ) ) ;
#2238 = PRODUCT_DEFINITION ( 'UNKNOWN', '', #4509, #5575 ) ;
#2239 = EDGE_CURVE ( 'NONE', #5697, #4295, #2900, .T. ) ;
#2240 = CARTESIAN_POINT ( 'NONE',  ( 0.1082620991375129876, 0.05905511811024627411, 0.06887438451051200450 ) ) ;
#2241 = CARTESIAN_POINT ( 'NONE',  ( 0.2582391075057138830, 0.1968503937008486970, -0.04568621464895551709 ) ) ;
#2242 = ORIENTED_EDGE ( 'NONE', *, *, #5295, .F. ) ;
#2243 = DIRECTION ( 'NONE',  ( 1.000000000000000000, 0.000000000000000000, -4.100255488672848136E-14 ) ) ;
#2244 = PLANE ( 'NONE',  #805 ) ;
#2245 = ADVANCED_FACE ( 'NONE', ( #6093 ), #881, .F. ) ;
#2246 = CARTESIAN_POINT ( 'NONE',  ( 0.1141676109484856261, 0.07086614173230078306, 0.03540981758141594632 ) ) ;
#2247 = LINE ( 'NONE', #6360, #415 ) ;
#2248 = CARTESIAN_POINT ( 'NONE',  ( 0.0003002344596201086545, 0.2247400007117814902, 0.04484619628383316320 ) ) ;
#2249 = CARTESIAN_POINT ( 'NONE',  ( -0.1594544362955618577, 0.1751968503937108290, -0.02514910372273834738 ) ) ;
#2250 = ORIENTED_EDGE ( 'NONE', *, *, #4844, .T. ) ;
#2251 = CARTESIAN_POINT ( 'NONE',  ( -0.06508506593732280021, 0.1988213655411778247, 0.07119329775600924393 ) ) ;
#2252 = CARTESIAN_POINT ( 'NONE',  ( 0.2555061936256758925, 0.1968503937008368176, -0.05016259101405169674 ) ) ;
#2253 = VERTEX_POINT ( 'NONE', #985 ) ;
#2254 = EDGE_CURVE ( 'NONE', #1405, #5531, #413, .T. ) ;
#2255 = LINE ( 'NONE', #1748, #4830 ) ;
#2256 = ORIENTED_EDGE ( 'NONE', *, *, #1295, .T. ) ;
#2257 = CYLINDRICAL_SURFACE ( 'NONE', #4387, 0.01771653543308204792 ) ;
#2258 = VERTEX_POINT ( 'NONE', #3572 ) ;
#2259 = CARTESIAN_POINT ( 'NONE',  ( -0.03648728442924677184, 0.08628855714222774531, 0.06340131084578630449 ) ) ;
#2260 = ORIENTED_EDGE ( 'NONE', *, *, #4416, .T. ) ;
#2261 = CARTESIAN_POINT ( 'NONE',  ( -0.02537904211487844452, 0.2316297644913091758, 0.09088139672407265224 ) ) ;
#2262 =( NAMED_UNIT ( * ) SI_UNIT ( $, .STERADIAN. ) SOLID_ANGLE_UNIT ( ) );
#2263 = CARTESIAN_POINT ( 'NONE',  ( -0.1594544362955624128, 0.1751968503937108290, -0.04333033989892047522 ) ) ;
#2264 = DIRECTION ( 'NONE',  ( 1.910990492505236516E-26, -1.000000000000000000, 4.695867234132910308E-13 ) ) ;
#2265 = FILL_AREA_STYLE_COLOUR ( '', #2026 ) ;
#2266 = ORIENTED_EDGE ( 'NONE', *, *, #1473, .F. ) ;
#2267 = CARTESIAN_POINT ( 'NONE',  ( -0.01237777460051775469, 0.09153790097424881200, 0.07041460340021279962 ) ) ;
#2268 = DIRECTION ( 'NONE',  ( 1.000000000000000000, -3.200000000000000249E-14, -2.099999999999999887E-14 ) ) ;
#2269 = DIRECTION ( 'NONE',  ( 0.000000000000000000, 3.491481338843135327E-15, 1.000000000000000000 ) ) ;
#2270 = ORIENTED_EDGE ( 'NONE', *, *, #3440, .T. ) ;
#2271 = CARTESIAN_POINT ( 'NONE',  ( -0.2243445873496708598, 0.1968503937008342641, 0.1377720223058232218 ) ) ;
#2272 = ORIENTED_EDGE ( 'NONE', *, *, #296, .T. ) ;
#2273 = EDGE_CURVE ( 'NONE', #4925, #2454, #6571, .T. ) ;
#2274 = DIRECTION ( 'NONE',  ( -2.065531208604895267E-14, -3.491481338843134933E-15, -1.000000000000000000 ) ) ;
#2275 = LINE ( 'NONE', #6389, #3714 ) ;
#2276 = CARTESIAN_POINT ( 'NONE',  ( -0.1594544362955598593, 0.05905511811024606594, 0.02163029002234571202 ) ) ;
#2277 = CARTESIAN_POINT ( 'NONE',  ( -0.1895151678939163975, 0.1953230713601025181, -0.03977661669755813006 ) ) ;
#2278 = EDGE_CURVE ( 'NONE', #1067, #5091, #6130, .T. ) ;
#2279 = CARTESIAN_POINT ( 'NONE',  ( -0.03026557783878931415, 0.2178502369322539711, 0.01376286286649589831 ) ) ;
#2280 = EDGE_CURVE ( 'NONE', #5513, #2375, #3437, .T. ) ;
#2281 = CARTESIAN_POINT ( 'NONE',  ( -0.002563056893081342574, 0.3543307086614251866, -0.01380278084381937088 ) ) ;
#2282 = ORIENTED_EDGE ( 'NONE', *, *, #5808, .T. ) ;
#2283 = CARTESIAN_POINT ( 'NONE',  ( -0.02609774249628226198, 0.1391100794519391504, 0.07953898098657292970 ) ) ;
#2284 = FACE_OUTER_BOUND ( 'NONE', #2502, .T. ) ;
#2285 = ADVANCED_FACE ( 'NONE', ( #3980 ), #4084, .F. ) ;
#2286 = EDGE_LOOP ( 'NONE', ( #2890, #6196, #4715, #1223, #3, #727, #5366, #1993, #4960, #3413 ) ) ;
#2287 = CARTESIAN_POINT ( 'NONE',  ( -0.1811079796026936750, 0.03937007874016339171, 0.1535200538018946792 ) ) ;
#2288 = ORIENTED_EDGE ( 'NONE', *, *, #5553, .T. ) ;
#2289 = DIRECTION ( 'NONE',  ( 2.098838354815196063E-14, 3.491481338843135327E-15, 1.000000000000000000 ) ) ;
#2290 = VERTEX_POINT ( 'NONE', #1380 ) ;
#2291 = EDGE_CURVE ( 'NONE', #1280, #1570, #3008, .T. ) ;
#2292 = CARTESIAN_POINT ( 'NONE',  ( -0.04615812598080749896, 0.1988213655411778247, 0.05860605644249920754 ) ) ;
#2293 = ORIENTED_EDGE ( 'NONE', *, *, #5176, .T. ) ;
#2294 = CARTESIAN_POINT ( 'NONE',  ( -0.04943598110508647114, 0.1328764836514140235, 0.01469163504373385658 ) ) ;
#2295 = LINE ( 'NONE', #687, #4583 ) ;
#2296 = CARTESIAN_POINT ( 'NONE',  ( -0.2243445873496708598, 0.1771653543307555034, 0.1630813774264925631 ) ) ;
#2297 = SURFACE_STYLE_FILL_AREA ( #6514 ) ;
#2298 = ORIENTED_EDGE ( 'NONE', *, *, #1498, .F. ) ;
#2299 = CARTESIAN_POINT ( 'NONE',  ( -0.04945246142723173227, -0.02952749408851909271, 0.1338350144317692891 ) ) ;
#2300 = DIRECTION ( 'NONE',  ( -1.000000000000000000, -1.442352733928416201E-28, -4.131062417209784855E-14 ) ) ;
#2301 = VECTOR ( 'NONE', #1344, 39.37007874015748143 ) ;
#2302 = LINE ( 'NONE', #6285, #936 ) ;
#2303 = EDGE_LOOP ( 'NONE', ( #4773, #4424, #4214, #3311 ) ) ;
#2304 = PLANE ( 'NONE',  #183 ) ;
#2305 = ORIENTED_EDGE ( 'NONE', *, *, #4180, .T. ) ;
#2306 = PLANE ( 'NONE',  #6498 ) ;
#2307 = LINE ( 'NONE', #6462, #591 ) ;
#2308 = CARTESIAN_POINT ( 'NONE',  ( -0.05666355479469196987, 0.1007242526802854532, 0.04845564756923519817 ) ) ;
#2309 = VECTOR ( 'NONE', #3435, 39.37007874015748143 ) ;
#2310 = EDGE_CURVE ( 'NONE', #3881, #257, #5027, .T. ) ;
#2311 = CARTESIAN_POINT ( 'NONE',  ( -0.1594544362955602756, 0.04724409448819574114, 0.009819266400291062555 ) ) ;
#2312 = CARTESIAN_POINT ( 'NONE',  ( -0.01550365110739785474, 0.2477058799768732389, 0.02108251481015507856 ) ) ;
#2313 = AXIS2_PLACEMENT_3D ( 'NONE', #6251, #3694, #156 ) ;
#2314 = VERTEX_POINT ( 'NONE', #5094 ) ;
#2315 = DIRECTION ( 'NONE',  ( -4.131062417209784855E-14, 3.491481338843134933E-15, 1.000000000000000000 ) ) ;
#2316 = VECTOR ( 'NONE', #5957, 39.37007874015748143 ) ;
#2317 = CARTESIAN_POINT ( 'NONE',  ( -0.04085966922767377690, 0.1414066673784482309, 0.07221932904291357425 ) ) ;
#2318 = EDGE_CURVE ( 'NONE', #554, #1459, #2509, .T. ) ;
#2319 = ORIENTED_EDGE ( 'NONE', *, *, #1013, .T. ) ;
#2320 = PRESENTATION_LAYER_ASSIGNMENT (  '', '', ( #2973 ) ) ;
#2321 = DIRECTION ( 'NONE',  ( 0.000000000000000000, -3.491481338843134933E-15, -1.000000000000000000 ) ) ;
#2322 = EDGE_CURVE ( 'NONE', #4628, #604, #4043, .T. ) ;
#2323 = ORIENTED_EDGE ( 'NONE', *, *, #1107, .T. ) ;
#2324 = EDGE_LOOP ( 'NONE', ( #6651, #5869 ) ) ;
#2325 = AXIS2_PLACEMENT_3D ( 'NONE', #5139, #4539, #455 ) ;
#2326 = AXIS2_PLACEMENT_3D ( 'NONE', #4238, #3701, #4137 ) ;
#2327 = CARTESIAN_POINT ( 'NONE',  ( -0.01987603590582453367, 0.1650287146225425938, 0.02990053300728322955 ) ) ;
#2328 = ORIENTED_EDGE ( 'NONE', *, *, #4922, .T. ) ;
#2329 = CARTESIAN_POINT ( 'NONE',  ( -0.006927339229985205599, 0.2017741214466897137, 0.07861020880933483612 ) ) ;
#2330 = AXIS2_PLACEMENT_3D ( 'NONE', #1395, #6074, #430 ) ;
#2331 = CIRCLE ( 'NONE', #1684, 0.01377952755905360177 ) ;
#2332 = DIRECTION ( 'NONE',  ( 0.000000000000000000, 1.000000000000000000, -3.491481338843134933E-15 ) ) ;
#2333 = DIRECTION ( 'NONE',  ( 0.000000000000000000, 3.717952610315228740E-15, 1.000000000000000000 ) ) ;
#2334 = ADVANCED_FACE ( 'NONE', ( #4990 ), #2423, .F. ) ;
#2335 = DIRECTION ( 'NONE',  ( -4.100000000000000200E-14, -3.491481338843134933E-15, -1.000000000000000000 ) ) ;
#2336 =( CONVERSION_BASED_UNIT ( 'INCH', #5844 ) LENGTH_UNIT ( ) NAMED_UNIT ( #4212 ) );
#2337 = ORIENTED_EDGE ( 'NONE', *, *, #5018, .F. ) ;
#2338 = LINE ( 'NONE', #224, #5466 ) ;
#2339 = VECTOR ( 'NONE', #592, 39.37007874015748143 ) ;
#2340 = EDGE_CURVE ( 'NONE', #1898, #882, #4452, .T. ) ;
#2341 = CARTESIAN_POINT ( 'NONE',  ( -0.1594544362955555294, 0.1751968503937112731, 0.1244571954898610194 ) ) ;
#2342 = VECTOR ( 'NONE', #366, 39.37007874015748143 ) ;
#2343 = PLANE ( 'NONE',  #5984 ) ;
#2344 = ORIENTED_EDGE ( 'NONE', *, *, #743, .T. ) ;
#2345 = CARTESIAN_POINT ( 'NONE',  ( 0.1749569873916675400, 0.03937007874020338749, -0.07088939501700984580 ) ) ;
#2346 = ORIENTED_EDGE ( 'NONE', *, *, #5828, .T. ) ;
#2347 = DIRECTION ( 'NONE',  ( 0.000000000000000000, -1.000000000000000000, 3.491481338843134933E-15 ) ) ;
#2348 = AXIS2_PLACEMENT_3D ( 'NONE', #3459, #3028, #5114 ) ;
#2349 = DIRECTION ( 'NONE',  ( 0.000000000000000000, -1.000000000000000000, 3.491481338843134933E-15 ) ) ;
#2350 = CARTESIAN_POINT ( 'NONE',  ( 0.2741625808647490392, 0.1834454809368737116, -0.03227788949785367900 ) ) ;
#2351 = VECTOR ( 'NONE', #5444, 39.37007874015748143 ) ;
#2352 = CARTESIAN_POINT ( 'NONE',  ( 0.2694196029879143972, 0.1913132468989913459, 0.1217864210664270780 ) ) ;
#2353 = DIRECTION ( 'NONE',  ( 0.000000000000000000, 3.491481338843135327E-15, 1.000000000000000000 ) ) ;
#2354 = DIRECTION ( 'NONE',  ( 0.000000000000000000, -3.491481338843135327E-15, -1.000000000000000000 ) ) ;
#2355 = CARTESIAN_POINT ( 'NONE',  ( -0.05562159595906518428, 0.1437032553049573114, 0.06489967709925431594 ) ) ;
#2356 = ORIENTED_EDGE ( 'NONE', *, *, #2666, .F. ) ;
#2357 = EDGE_CURVE ( 'NONE', #2928, #3371, #912, .T. ) ;
#2358 = CYLINDRICAL_SURFACE ( 'NONE', #95, 0.01968503937007657148 ) ;
#2359 = ORIENTED_EDGE ( 'NONE', *, *, #6465, .F. ) ;
#2360 = CARTESIAN_POINT ( 'NONE',  ( 0.2751912329957968417, -0.03937007874011102387, 0.06886498602283307180 ) ) ;
#2361 = CARTESIAN_POINT ( 'NONE',  ( -0.03853511036402124112, 0.2332701844388154200, 0.03108284586197845520 ) ) ;
#2362 = ADVANCED_FACE ( 'NONE', ( #4526 ), #1882, .F. ) ;
#2363 = ORIENTED_EDGE ( 'NONE', *, *, #5565, .F. ) ;
#2364 = CARTESIAN_POINT ( 'NONE',  ( -0.04943598110508647114, 0.09547490884826442814, 0.01469163504373397627 ) ) ;
#2365 = EDGE_CURVE ( 'NONE', #3359, #3807, #2539, .T. ) ;
#2366 = FACE_OUTER_BOUND ( 'NONE', #250, .T. ) ;
#2367 = DIRECTION ( 'NONE',  ( 3.200000000000000249E-14, 1.000000000000000000, -3.491481338843134933E-15 ) ) ;
#2368 =( LENGTH_UNIT ( ) NAMED_UNIT ( * ) SI_UNIT ( $, .METRE. ) );
#2369 = ORIENTED_EDGE ( 'NONE', *, *, #1013, .F. ) ;
#2370 = CARTESIAN_POINT ( 'NONE',  ( -0.05562159595906518428, 0.08858514506873685357, 0.06489967709925449635 ) ) ;
#2371 = DIRECTION ( 'NONE',  ( 2.099999999999999887E-14, 3.491481338843134933E-15, 1.000000000000000000 ) ) ;
#2372 = DIRECTION ( 'NONE',  ( 3.200000000000000249E-14, 1.000000000000000000, -3.380281116024110243E-15 ) ) ;
#2373 = ORIENTED_EDGE ( 'NONE', *, *, #2840, .F. ) ;
#2374 = DIRECTION ( 'NONE',  ( 1.000000000000000000, -1.431507348925684052E-28, -4.100000000000000200E-14 ) ) ;
#2375 = VERTEX_POINT ( 'NONE', #3038 ) ;
#2376 = FACE_OUTER_BOUND ( 'NONE', #777, .T. ) ;
#2377 = CARTESIAN_POINT ( 'NONE',  ( 0.1227626593883104217, -0.03543300589955476060, -0.04726734777295692885 ) ) ;
#2378 = DIRECTION ( 'NONE',  ( -2.793421535665029918E-16, -1.000000000000000000, 3.491481338842465190E-15 ) ) ;
#2379 = FACE_OUTER_BOUND ( 'NONE', #1085, .T. ) ;
#2380 = EDGE_CURVE ( 'NONE', #6350, #5959, #2521, .T. ) ;
#2381 = CARTESIAN_POINT ( 'NONE',  ( -0.01237777460051775469, 0.2017741214466897692, 0.07041460340021239717 ) ) ;
#2382 = ORIENTED_EDGE ( 'NONE', *, *, #2580, .F. ) ;
#2383 = LINE ( 'NONE', #6497, #4898 ) ;
#2384 = DIRECTION ( 'NONE',  ( -2.065531208604895267E-14, -3.491481338843134933E-15, -1.000000000000000000 ) ) ;
#2385 = ORIENTED_EDGE ( 'NONE', *, *, #1507, .F. ) ;
#2386 = DIRECTION ( 'NONE',  ( -1.000000000000000000, 0.000000000000000000, 0.000000000000000000 ) ) ;
#2387 = ORIENTED_EDGE ( 'NONE', *, *, #4726, .F. ) ;
#2388 = LINE ( 'NONE', #5032, #2988 ) ;
#2389 = EDGE_CURVE ( 'NONE', #71, #2024, #3640, .T. ) ;
#2390 = B_SPLINE_CURVE_WITH_KNOTS ( 'NONE', 3,
 ( #2350, #1873, #4479, #5389 ),
 .UNSPECIFIED., .F., .F.,
 ( 4, 4 ),
 ( 1.908693506034441064E-16, 0.0001655523440448733907 ),
 .UNSPECIFIED. ) ;
#2391 = CARTESIAN_POINT ( 'NONE',  ( -0.02681644287768620433, 0.1213935440188681492, 0.06819656524907267980 ) ) ;
#2392 = ORIENTED_EDGE ( 'NONE', *, *, #5953, .F. ) ;
#2393 = CARTESIAN_POINT ( 'NONE',  ( -0.01113126630897090172, 0.1000680847012826724, 0.01226449661302818350 ) ) ;
#2394 = DIRECTION ( 'NONE',  ( -2.099999999999999887E-14, -3.491481338843134933E-15, -1.000000000000000000 ) ) ;
#2395 = CARTESIAN_POINT ( 'NONE',  ( 0.07873454008234349877, 0.03937007874017614539, 0.05115784907747976396 ) ) ;
#2396 = CARTESIAN_POINT ( 'NONE',  ( 0.05117548496423188903, -1.024442997624098263E-15, 0.05115784907748047866 ) ) ;
#2397 = CARTESIAN_POINT ( 'NONE',  ( 0.2751912329957968417, 0.1918580953367677588, 0.1729682980780299084 ) ) ;
#2398 = EDGE_CURVE ( 'NONE', #3130, #6644, #5699, .T. ) ;
#2399 = ORIENTED_EDGE ( 'NONE', *, *, #883, .F. ) ;
#2400 = LINE ( 'NONE', #4508, #3409 ) ;
#2401 = DIRECTION ( 'NONE',  ( -1.000000000000000000, 1.844397018054724620E-16, -6.439677769955990650E-31 ) ) ;
#2402 = EDGE_CURVE ( 'NONE', #1513, #5134, #2619, .T. ) ;
#2403 = CARTESIAN_POINT ( 'NONE',  ( 0.1751912329957230618, -5.805176986536558994E-15, -0.06695238714299449334 ) ) ;
#2404 = ORIENTED_EDGE ( 'NONE', *, *, #2488, .T. ) ;
#2405 = CARTESIAN_POINT ( 'NONE',  ( 0.2751912329957956760, 0.1771653543307548651, 0.1198551626364514761 ) ) ;
#2406 = VECTOR ( 'NONE', #2445, 39.37007874015748143 ) ;
#2407 = ORIENTED_EDGE ( 'NONE', *, *, #6331, .T. ) ;
#2408 = CARTESIAN_POINT ( 'NONE',  ( 0.2986680109518988213, 0.1968503937008342641, 0.1630813774264529559 ) ) ;
#2409 = CARTESIAN_POINT ( 'NONE',  ( -0.01401939056108515713, -0.02952749408851909271, 0.1338350144317692891 ) ) ;
#2410 = CARTESIAN_POINT ( 'NONE',  ( -0.2013363006014440848, 0.1935516124725102372, -0.09204568856043759961 ) ) ;
#2411 = LINE ( 'NONE', #3905, #1376 ) ;
#2412 = EDGE_CURVE ( 'NONE', #2802, #3760, #3707, .T. ) ;
#2413 = EDGE_CURVE ( 'NONE', #212, #955, #4112, .T. ) ;
#2414 = ORIENTED_EDGE ( 'NONE', *, *, #3128, .F. ) ;
#2415 = VECTOR ( 'NONE', #2660, 39.37007874015748143 ) ;
#2416 = CARTESIAN_POINT ( 'NONE',  ( -0.04843923578590779433, -0.03543300589955354629, -0.04726734777295692885 ) ) ;
#2417 = DIRECTION ( 'NONE',  ( 0.000000000000000000, -1.000000000000000000, 3.491481338843134933E-15 ) ) ;
#2418 = VECTOR ( 'NONE', #1441, 39.37007874015748143 ) ;
#2419 = EDGE_LOOP ( 'NONE', ( #3114, #3703, #5396, #4810 ) ) ;
#2420 = LINE ( 'NONE', #5427, #2309 ) ;
#2421 = EDGE_CURVE ( 'NONE', #73, #1415, #5189, .T. ) ;
#2422 = CARTESIAN_POINT ( 'NONE',  ( -0.01237777460051775469, 0.1643725466435401461, 0.07041460340021260533 ) ) ;
#2423 = PLANE ( 'NONE',  #1671 ) ;
#2424 = EDGE_CURVE ( 'NONE', #1925, #5096, #1078, .T. ) ;
#2425 = ORIENTED_EDGE ( 'NONE', *, *, #6101, .T. ) ;
#2426 = AXIS2_PLACEMENT_3D ( 'NONE', #5666, #5802, #5160 ) ;
#2427 = PLANE ( 'NONE',  #311 ) ;
#2428 = ORIENTED_EDGE ( 'NONE', *, *, #2042, .T. ) ;
#2429 = CARTESIAN_POINT ( 'NONE',  ( -0.1594544362955624128, 0.1751968503937108290, -0.04333033989892047522 ) ) ;
#2430 = VECTOR ( 'NONE', #2516, 39.37007874015748143 ) ;
#2431 = CARTESIAN_POINT ( 'NONE',  ( -0.01987603590582453367, 0.1099106043863221083, 0.02990053300728346547 ) ) ;
#2432 = ORIENTED_EDGE ( 'NONE', *, *, #802, .F. ) ;
#2433 = CARTESIAN_POINT ( 'NONE',  ( -0.04523205402610042808, 0.08628855714222788409, 0.08103734724004155177 ) ) ;
#2434 = DIRECTION ( 'NONE',  ( 0.000000000000000000, -1.000000000000000000, 3.491481338843135327E-15 ) ) ;
#2435 = LINE ( 'NONE', #2030, #1481 ) ;
#2436 = CARTESIAN_POINT ( 'NONE',  ( -0.1594544362955573336, 0.04724409448819590768, 0.08068540813256674937 ) ) ;
#2437 = LINE ( 'NONE', #4506, #2774 ) ;
#2438 = AXIS2_PLACEMENT_3D ( 'NONE', #3425, #5515, #4440 ) ;
#2439 = ORIENTED_EDGE ( 'NONE', *, *, #192, .T. ) ;
#2440 = CARTESIAN_POINT ( 'NONE',  ( -0.1784822280955009888, 0.1968503937008230509, -0.05480505339290403510 ) ) ;
#2441 = CARTESIAN_POINT ( 'NONE',  ( -0.01237777460051775469, 0.08169538128920945941, 0.07041460340021279962 ) ) ;
#2442 = EDGE_LOOP ( 'NONE', ( #207, #1387, #6234, #1843 ) ) ;
#2443 = CIRCLE ( 'NONE', #6207, 0.01377952755905360524 ) ;
#2444 = CARTESIAN_POINT ( 'NONE',  ( -0.01550365110739785474, 0.1099106043863220528, 0.02108251481015554693 ) ) ;
#2445 = DIRECTION ( 'NONE',  ( 1.000000000000000000, -2.793421535665765038E-16, -2.098838354815195116E-14 ) ) ;
#2446 = CARTESIAN_POINT ( 'NONE',  ( -0.2013363006014440848, -0.03937007874011079489, 0.1298980065638165593 ) ) ;
#2447 = PLANE ( 'NONE',  #5865 ) ;
#2448 = CARTESIAN_POINT ( 'NONE',  ( -0.03026557783878933150, 0.1627321266960332913, 0.01376286286649614811 ) ) ;
#2449 = EDGE_CURVE ( 'NONE', #563, #2835, #3742, .T. ) ;
#2450 = ORIENTED_EDGE ( 'NONE', *, *, #3976, .F. ) ;
#2451 = VECTOR ( 'NONE', #2171, 39.37007874015748143 ) ;
#2452 = AXIS2_PLACEMENT_3D ( 'NONE', #1735, #11, #5193 ) ;
#2453 = DIRECTION ( 'NONE',  ( -3.200000000000000249E-14, -1.000000000000000000, 3.491481338843134933E-15 ) ) ;
#2454 = VERTEX_POINT ( 'NONE', #4683 ) ;
#2455 = DIRECTION ( 'NONE',  ( -4.100000000000000200E-14, -3.491481338843134933E-15, -1.000000000000000000 ) ) ;
#2456 = EDGE_CURVE ( 'NONE', #1751, #548, #9, .T. ) ;
#2457 = CIRCLE ( 'NONE', #3003, 0.004921259842519680634 ) ;
#2458 = EDGE_LOOP ( 'NONE', ( #6487, #6345, #4378, #1333 ) ) ;
#2459 = CARTESIAN_POINT ( 'NONE',  ( 0.1417266660666277600, -0.1397637795275622208, 0.03540981758141610591 ) ) ;
#2460 = EDGE_CURVE ( 'NONE', #1217, #1094, #4213, .T. ) ;
#2461 = CARTESIAN_POINT ( 'NONE',  ( 0.2535355581497356625, 0.1821354700831607221, -0.05356663799528413317 ) ) ;
#2462 = ORIENTED_EDGE ( 'NONE', *, *, #5992, .F. ) ;
#2463 = PLANE ( 'NONE',  #1690 ) ;
#2464 = EDGE_LOOP ( 'NONE', ( #4451, #3104, #6375, #691 ) ) ;
#2465 = CARTESIAN_POINT ( 'NONE',  ( -0.02681644287768620433, 0.1489525991369782254, 0.06819656524907267980 ) ) ;
#2466 = ORIENTED_EDGE ( 'NONE', *, *, #1411, .T. ) ;
#2467 = ADVANCED_FACE ( 'NONE', ( #2114 ), #4181, .T. ) ;
#2468 = CARTESIAN_POINT ( 'NONE',  ( -0.06508506593732280021, 0.1161442001868471380, 0.07119329775600952148 ) ) ;
#2469 = CARTESIAN_POINT ( 'NONE',  ( 0.1692857211847393906, -0.1535433070866181193, 0.03540981758141559244 ) ) ;
#2470 = DIRECTION ( 'NONE',  ( -2.065531208604895267E-14, -3.491481338843134933E-15, -1.000000000000000000 ) ) ;
#2471 = CARTESIAN_POINT ( 'NONE',  ( 0.1749569873916675400, 0.007874015748078170424, 0.1338350144317692891 ) ) ;
#2472 = DIRECTION ( 'NONE',  ( 0.8326735095668313935, -1.933457487894140668E-15, -0.5537642336461031656 ) ) ;
#2473 = ORIENTED_EDGE ( 'NONE', *, *, #3188, .F. ) ;
#2474 = CARTESIAN_POINT ( 'NONE',  ( -0.05562159595906518428, 0.1161442001868472212, 0.06489967709925441308 ) ) ;
#2475 = PLANE ( 'NONE',  #2557 ) ;
#2476 = CARTESIAN_POINT ( 'NONE',  ( -0.06693475125624508137, -0.1535433070866092653, 0.03540981758142051211 ) ) ;
#2477 = VERTEX_POINT ( 'NONE', #2592 ) ;
#2478 = PLANE ( 'NONE',  #307 ) ;
#2479 = CARTESIAN_POINT ( 'NONE',  ( -0.1006335637894395785, 0.007874015748077421023, -0.07088939501700965151 ) ) ;
#2480 = PLANE ( 'NONE',  #1029 ) ;
#2481 = CARTESIAN_POINT ( 'NONE',  ( -0.05770551363031844322, 0.2132570610792353383, 0.03201161803921619836 ) ) ;
#2482 = VERTEX_POINT ( 'NONE', #6261 ) ;
#2483 = FACE_OUTER_BOUND ( 'NONE', #3568, .T. ) ;
#2484 = CARTESIAN_POINT ( 'NONE',  ( -0.02559616857902342543, 0.2677165354330795499, 0.04525233726641936932 ) ) ;
#2485 = EDGE_CURVE ( 'NONE', #2901, #6166, #1639, .T. ) ;
#2486 = ORIENTED_EDGE ( 'NONE', *, *, #5217, .T. ) ;
#2487 = CARTESIAN_POINT ( 'NONE',  ( -0.2003893505532716446, 0.1831973344008874238, 0.1185452054176800579 ) ) ;
#2488 = EDGE_CURVE ( 'NONE', #3070, #5701, #5332, .T. ) ;
#2489 = CARTESIAN_POINT ( 'NONE',  ( 0.1589747102916773680, 0.1968503937008338478, 0.1082444632507039289 ) ) ;
#2490 = EDGE_CURVE ( 'NONE', #4364, #1939, #1108, .T. ) ;
#2491 = ORIENTED_EDGE ( 'NONE', *, *, #5861, .T. ) ;
#2492 = DIRECTION ( 'NONE',  ( -0.6947768954074831083, -0.7192253232526919504, 3.099701450626699970E-14 ) ) ;
#2493 = VERTEX_POINT ( 'NONE', #1608 ) ;
#2494 = CARTESIAN_POINT ( 'NONE',  ( -0.2243445873496708598, 0.1968503937008335147, -0.05120435564697307235 ) ) ;
#2495 = EDGE_CURVE ( 'NONE', #6589, #3778, #1139, .T. ) ;
#2496 = CARTESIAN_POINT ( 'NONE',  ( -0.02609774249628226198, 0.09383448890075803128, 0.07953898098657313787 ) ) ;
#2497 = EDGE_LOOP ( 'NONE', ( #3796, #125, #2199, #2563 ) ) ;
#2498 = CARTESIAN_POINT ( 'NONE',  ( -0.01237777460051775469, 0.2568922316829101993, 0.07041460340021220288 ) ) ;
#2499 = CARTESIAN_POINT ( 'NONE',  ( -0.01237777460051775469, 0.2194906568797606317, 0.07041460340021239717 ) ) ;
#2500 = DIRECTION ( 'NONE',  ( -1.000000000000000000, 7.211763669642100061E-29, 2.065531208604895267E-14 ) ) ;
#2501 = CARTESIAN_POINT ( 'NONE',  ( -0.1594544362955602756, 0.04724409448819574114, 0.009819266400291062555 ) ) ;
#2502 = EDGE_LOOP ( 'NONE', ( #5753, #5526, #5672, #1164, #3765, #5156, #2043, #1773, #2180, #1798 ) ) ;
#2503 = CARTESIAN_POINT ( 'NONE',  ( -0.05770551363031844322, 0.1758554862760858539, 0.03201161803921633020 ) ) ;
#2504 = EDGE_CURVE ( 'NONE', #2968, #475, #4497, .T. ) ;
#2505 = DIRECTION ( 'NONE',  ( -2.099999999999999887E-14, -3.491481338843135327E-15, -1.000000000000000000 ) ) ;
#2506 = CARTESIAN_POINT ( 'NONE',  ( 0.001342193295246887907, 0.2171940689532513846, 0.06129022581385237117 ) ) ;
#2507 = VERTEX_POINT ( 'NONE', #1046 ) ;
#2508 = CARTESIAN_POINT ( 'NONE',  ( -0.04843923578590779433, -0.03543300589955562796, 0.1574570616759005948 ) ) ;
#2509 = B_SPLINE_CURVE_WITH_KNOTS ( 'NONE', 3,
 ( #5126, #6058, #1921, #2461, #6030, #1983 ),
 .UNSPECIFIED., .F., .F.,
 ( 4, 2, 4 ),
 ( 1.200762339769379259E-15, 0.0002786238053645287340, 0.0005572476107278567141 ),
 .UNSPECIFIED. ) ;
#2510 = CARTESIAN_POINT ( 'NONE',  ( 0.2555061936257114197, -0.03937007874011102387, 0.06886498602283307180 ) ) ;
#2511 = CARTESIAN_POINT ( 'NONE',  ( 0.03345894953121547610, 0.1614173228346534039, 0.1102129671876681122 ) ) ;
#2512 = DIRECTION ( 'NONE',  ( -1.000000000000000000, 0.000000000000000000, 0.000000000000000000 ) ) ;
#2513 = CARTESIAN_POINT ( 'NONE',  ( -0.02609774249628226545, 0.2316297644913093978, 0.07953898098657269378 ) ) ;
#2514 = ORIENTED_EDGE ( 'NONE', *, *, #1529, .T. ) ;
#2515 = AXIS2_PLACEMENT_3D ( 'NONE', #1001, #3056, #4577 ) ;
#2516 = DIRECTION ( 'NONE',  ( -2.811398274583675040E-13, 1.000000000000000000, -3.491481338836560172E-15 ) ) ;
#2517 = CARTESIAN_POINT ( 'NONE',  ( 0.01070125054417460538, 0.1259842519685110407, 0.06887438451051181021 ) ) ;
#2518 = ORIENTED_EDGE ( 'NONE', *, *, #3072, .F. ) ;
#2519 = LINE ( 'NONE', #2558, #5658 ) ;
#2520 = EDGE_CURVE ( 'NONE', #1821, #1980, #3158, .T. ) ;
#2521 = LINE ( 'NONE', #4590, #502 ) ;
#2522 = VECTOR ( 'NONE', #5734, 39.37007874015748143 ) ;
#2523 = ORIENTED_EDGE ( 'NONE', *, *, #5382, .F. ) ;
#2524 = LINE ( 'NONE', #3471, #4074 ) ;
#2525 = ORIENTED_EDGE ( 'NONE', *, *, #1715, .T. ) ;
#2526 = DIRECTION ( 'NONE',  ( -4.100000000000000200E-14, -3.491481338843134933E-15, -1.000000000000000000 ) ) ;
#2527 = VECTOR ( 'NONE', #1410, 39.37007874015748143 ) ;
#2528 = EDGE_CURVE ( 'NONE', #372, #5200, #4655, .T. ) ;
#2529 = UNCERTAINTY_MEASURE_WITH_UNIT (LENGTH_MEASURE( 1.000000000000000082E-05 ), #3822, 'distance_accuracy_value', 'NONE');
#2530 = CARTESIAN_POINT ( 'NONE',  ( -0.05770551363031868608, 0.1305798957249047765, 0.03201161803921610122 ) ) ;
#2531 = VERTEX_POINT ( 'NONE', #5827 ) ;
#2532 = VECTOR ( 'NONE', #5084, 39.37007874015748143 ) ;
#2533 = EDGE_CURVE ( 'NONE', #2884, #1452, #6464, .T. ) ;
#2534 = DIRECTION ( 'NONE',  ( 1.000000000000000000, -3.200000000000000249E-14, -2.099999999999999887E-14 ) ) ;
#2535 = DIRECTION ( 'NONE',  ( 2.065531208604895267E-14, 3.491481338843134933E-15, 1.000000000000000000 ) ) ;
#2536 = DIRECTION ( 'NONE',  ( 2.899137802863773594E-14, 0.7071067811868115838, 0.7071067811862835617 ) ) ;
#2537 = EDGE_LOOP ( 'NONE', ( #4948, #1435, #328, #1247, #1271, #4894 ) ) ;
#2538 = CARTESIAN_POINT ( 'NONE',  ( -0.01237777460051775469, 0.2470497119978709022, 0.07041460340021220288 ) ) ;
#2539 = CIRCLE ( 'NONE', #3403, 0.01771653543308204792 ) ;
#2540 = DIRECTION ( 'NONE',  ( -1.000000000000000000, 0.000000000000000000, 0.000000000000000000 ) ) ;
#2541 = CARTESIAN_POINT ( 'NONE',  ( -0.05562159595906518428, 0.1161442001868472212, 0.06489967709925441308 ) ) ;
#2542 = ORIENTED_EDGE ( 'NONE', *, *, #891, .F. ) ;
#2543 = CARTESIAN_POINT ( 'NONE',  ( 0.001342193295246887907, 0.1168003681658497661, 0.06129022581385275975 ) ) ;
#2544 = EDGE_CURVE ( 'NONE', #4941, #922, #669, .T. ) ;
#2545 = AXIS2_PLACEMENT_3D ( 'NONE', #161, #2269, #4341 ) ;
#2546 = DIRECTION ( 'NONE',  ( 0.000000000000000000, -1.000000000000000000, 3.491481338843135327E-15 ) ) ;
#2547 = CARTESIAN_POINT ( 'NONE',  ( 0.03345894953121642673, 0.1614173228346534039, 0.1338350144317773383 ) ) ;
#2548 = CARTESIAN_POINT ( 'NONE',  ( -0.02609774249628226545, 0.1765116542550889400, 0.07953898098657291582 ) ) ;
#2549 = ORIENTED_EDGE ( 'NONE', *, *, #3317, .F. ) ;
#2550 = EDGE_CURVE ( 'NONE', #1523, #5701, #6195, .T. ) ;
#2551 = VECTOR ( 'NONE', #4738, 39.37007874015748143 ) ;
#2552 = VECTOR ( 'NONE', #460, 39.37007874015748143 ) ;
#2553 = CARTESIAN_POINT ( 'NONE',  ( -0.1594544362955557237, 0.1712598425196915630, 0.1200554868727370106 ) ) ;
#2554 = FACE_OUTER_BOUND ( 'NONE', #2537, .T. ) ;
#2555 = EDGE_CURVE ( 'NONE', #5477, #2170, #3551, .T. ) ;
#2556 = EDGE_LOOP ( 'NONE', ( #1654, #3031, #23, #3083 ) ) ;
#2557 = AXIS2_PLACEMENT_3D ( 'NONE', #1028, #4062, #2604 ) ;
#2558 = CARTESIAN_POINT ( 'NONE',  ( -0.06003881502187775887, 0.3425196850393807391, 0.3798980065577472476 ) ) ;
#2559 = AXIS2_PLACEMENT_3D ( 'NONE', #4121, #4661, #2130 ) ;
#2560 = CARTESIAN_POINT ( 'NONE',  ( -0.1771868510961655541, 0.1874842158255899394, 0.1446513302465991802 ) ) ;
#2561 = VECTOR ( 'NONE', #6561, 39.37007874015748143 ) ;
#2562 = AXIS2_PLACEMENT_3D ( 'NONE', #2052, #3646, #1015 ) ;
#2563 = ORIENTED_EDGE ( 'NONE', *, *, #2380, .F. ) ;
#2564 = CARTESIAN_POINT ( 'NONE',  ( -0.1594544362955559458, 0.1751968503937112731, 0.1156537782556127936 ) ) ;
#2565 = ORIENTED_EDGE ( 'NONE', *, *, #5266, .F. ) ;
#2566 = CARTESIAN_POINT ( 'NONE',  ( -0.08071427881530747472, -0.1397637795275560868, -0.07088939501700453061 ) ) ;
#2567 = CARTESIAN_POINT ( 'NONE',  ( -0.05666355479469196987, 0.1007242526802854532, 0.04845564756923519817 ) ) ;
#2568 = VERTEX_POINT ( 'NONE', #2792 ) ;
#2569 = EDGE_CURVE ( 'NONE', #5051, #4194, #5926, .T. ) ;
#2570 = DIRECTION ( 'NONE',  ( 0.000000000000000000, 3.491481338843135327E-15, 1.000000000000000000 ) ) ;
#2571 = FACE_OUTER_BOUND ( 'NONE', #6631, .T. ) ;
#2572 = CARTESIAN_POINT ( 'NONE',  ( -0.1220528614924594468, 0.07086614173228995839, 0.03540981758142090763 ) ) ;
#2573 = EDGE_LOOP ( 'NONE', ( #4486, #1706, #5795, #2872 ) ) ;
#2574 = DIRECTION ( 'NONE',  ( 2.099999999999999887E-14, 3.491481338843134933E-15, 1.000000000000000000 ) ) ;
#2575 = EDGE_CURVE ( 'NONE', #4413, #2802, #3296, .T. ) ;
#2576 = LINE ( 'NONE', #931, #5358 ) ;
#2577 = CARTESIAN_POINT ( 'NONE',  ( -0.04085966922767377690, 0.2240838327327791257, 0.07221932904291318567 ) ) ;
#2578 = ORIENTED_EDGE ( 'NONE', *, *, #2239, .T. ) ;
#2579 = CARTESIAN_POINT ( 'NONE',  ( 0.001342193295246887907, 0.1719184784020703349, 0.06129022581385256546 ) ) ;
#2580 = EDGE_CURVE ( 'NONE', #302, #88, #6276, .T. ) ;
#2581 = CYLINDRICAL_SURFACE ( 'NONE', #154, 0.01771653543308205139 ) ;
#2582 = CARTESIAN_POINT ( 'NONE',  ( -0.01181664102002192955, 0.03937007874015827080, -0.06695238714299074634 ) ) ;
#2583 = CARTESIAN_POINT ( 'NONE',  ( -0.09449380637435668417, -0.1535433070866092653, 0.05115784907748410076 ) ) ;
#2584 = CARTESIAN_POINT ( 'NONE',  ( -0.01237777460051775469, 0.2017741214466897692, 0.07041460340021239717 ) ) ;
#2585 = ORIENTED_EDGE ( 'NONE', *, *, #1752, .F. ) ;
#2586 = CARTESIAN_POINT ( 'NONE',  ( 0.1082620991375110309, 0.1259842519685108464, 0.02163029002232799008 ) ) ;
#2587 = ORIENTED_EDGE ( 'NONE', *, *, #6167, .F. ) ;
#2588 = CARTESIAN_POINT ( 'NONE',  ( 0.1082620991375153607, 0.1751968503937112731, 0.1244571954898437138 ) ) ;
#2589 = LINE ( 'NONE', #5216, #5315 ) ;
#2590 = DIRECTION ( 'NONE',  ( 1.000000000000000000, 1.844397018054724620E-16, -6.439677769955990650E-31 ) ) ;
#2591 = ADVANCED_FACE ( 'NONE', ( #1736 ), #3260, .F. ) ;
#2592 = CARTESIAN_POINT ( 'NONE',  ( 0.02047005479287035412, 0.3543307086614255752, 0.1043074553766574902 ) ) ;
#2593 = ORIENTED_EDGE ( 'NONE', *, *, #1120, .F. ) ;
#2594 = CARTESIAN_POINT ( 'NONE',  ( -0.1594544362955598593, 0.1259842519685108464, 0.02163029002234547263 ) ) ;
#2595 = EDGE_LOOP ( 'NONE', ( #6543, #5966, #901, #2819 ) ) ;
#2596 = DIRECTION ( 'NONE',  ( -2.099999999999999887E-14, -3.491481338842462824E-15, -1.000000000000000000 ) ) ;
#2597 = CARTESIAN_POINT ( 'NONE',  ( -0.02954687745738516017, 0.2454092920503636310, 0.02510527860399646219 ) ) ;
#2598 = ORIENTED_EDGE ( 'NONE', *, *, #1245, .F. ) ;
#2599 = DIRECTION ( 'NONE',  ( -2.099999999999999887E-14, -3.491481338843135327E-15, -1.000000000000000000 ) ) ;
#2600 = DIRECTION ( 'NONE',  ( 2.099999999999999887E-14, 3.491481338843134933E-15, 1.000000000000000000 ) ) ;
#2601 = EDGE_LOOP ( 'NONE', ( #179, #3000, #4897, #928 ) ) ;
#2602 = DIRECTION ( 'NONE',  ( -3.200000000000000249E-14, -1.000000000000000000, 3.491481338843134933E-15 ) ) ;
#2603 = EDGE_CURVE ( 'NONE', #3384, #6644, #3735, .T. ) ;
#2604 = DIRECTION ( 'NONE',  ( -1.000000000000000000, 1.431507348925684052E-28, 4.100000000000000200E-14 ) ) ;
#2605 = CARTESIAN_POINT ( 'NONE',  ( -0.0007417243760064197141, 0.1023646726277920443, 0.02840216675381489544 ) ) ;
#2606 = ORIENTED_EDGE ( 'NONE', *, *, #5726, .F. ) ;
#2607 = MANIFOLD_SOLID_BREP ( 'Imported3', #3702 ) ;
#2608 = CARTESIAN_POINT ( 'NONE',  ( -0.0007417243760064197141, 0.2224434127852721876, 0.02840216675381444442 ) ) ;
#2609 = CARTESIAN_POINT ( 'NONE',  ( 0.1082620991375129876, 0.1259842519685110407, 0.06887438451051181021 ) ) ;
#2610 = CARTESIAN_POINT ( 'NONE',  ( 0.08834281416333052139, 0.03937007874020338749, -0.07088939501700984580 ) ) ;
#2611 = ORIENTED_EDGE ( 'NONE', *, *, #2550, .T. ) ;
#2612 = EDGE_CURVE ( 'NONE', #6626, #5141, #702, .T. ) ;
#2613 = CARTESIAN_POINT ( 'NONE',  ( -0.2182525716154196660, -0.03543300589955412916, 0.1338350144318086743 ) ) ;
#2614 = ORIENTED_EDGE ( 'NONE', *, *, #285, .T. ) ;
#2615 = LINE ( 'NONE', #2146, #3516 ) ;
#2616 = VERTEX_POINT ( 'NONE', #2416 ) ;
#2617 = EDGE_CURVE ( 'NONE', #158, #3336, #6565, .T. ) ;
#2618 = CARTESIAN_POINT ( 'NONE',  ( 0.03345894953121524018, 0.03539148894044334692, 0.1043074553766586698 ) ) ;
#2619 = LINE ( 'NONE', #3600, #5127 ) ;
#2620 = ORIENTED_EDGE ( 'NONE', *, *, #5202, .F. ) ;
#2621 = ORIENTED_EDGE ( 'NONE', *, *, #6150, .F. ) ;
#2622 = ADVANCED_FACE ( 'NONE', ( #5458 ), #468, .F. ) ;
#2623 = CARTESIAN_POINT ( 'NONE',  ( 0.2563287443776842700, 0.1771653543307550871, 0.1338350144317687063 ) ) ;
#2624 = PLANE ( 'NONE',  #3310 ) ;
#2625 = VERTEX_POINT ( 'NONE', #2999 ) ;
#2626 = DIRECTION ( 'NONE',  ( 0.000000000000000000, 3.491481338843135327E-15, 1.000000000000000000 ) ) ;
#2627 = AXIS2_PLACEMENT_3D ( 'NONE', #2929, #3941, #851 ) ;
#2628 = CARTESIAN_POINT ( 'NONE',  ( -0.05562159595906518428, 0.1535457749899967195, 0.06489967709925431594 ) ) ;
#2629 = ORIENTED_EDGE ( 'NONE', *, *, #3981, .T. ) ;
#2630 = CARTESIAN_POINT ( 'NONE',  ( -0.1220528614924594468, 0.03937007874016299619, 0.05115784907748401056 ) ) ;
#2631 = LINE ( 'NONE', #4763, #4800 ) ;
#2632 = ORIENTED_EDGE ( 'NONE', *, *, #680, .T. ) ;
#2633 = CARTESIAN_POINT ( 'NONE',  ( -0.01550365110739785474, 0.2378633602918338863, 0.02108251481015511672 ) ) ;
#2634 = VECTOR ( 'NONE', #26, 39.37007874015748143 ) ;
#2635 = CARTESIAN_POINT ( 'NONE',  ( -0.02609774249628226198, 0.1666691345700493376, 0.07953898098657292970 ) ) ;
#2636 = VERTEX_POINT ( 'NONE', #5990 ) ;
#2637 = CARTESIAN_POINT ( 'NONE',  ( -0.04398554573455393940, 0.1879945938876346478, 0.02288724045285610992 ) ) ;
#2638 = LINE ( 'NONE', #6147, #5755 ) ;
#2639 = CARTESIAN_POINT ( 'NONE',  ( 0.2555061936257114197, 0.1968503937008342641, 0.1630813774264529559 ) ) ;
#2640 = DIRECTION ( 'NONE',  ( 0.000000000000000000, 1.000000000000000000, -3.491481338843134933E-15 ) ) ;
#2641 = VECTOR ( 'NONE', #5604, 39.37007874015748143 ) ;
#2642 = ORIENTED_EDGE ( 'NONE', *, *, #2027, .F. ) ;
#2643 = CARTESIAN_POINT ( 'NONE',  ( 0.2751912329957968417, -0.1123849554454065119, 0.01770268064204655670 ) ) ;
#2644 = PLANE ( 'NONE',  #1358 ) ;
#2645 = ORIENTED_EDGE ( 'NONE', *, *, #5217, .F. ) ;
#2646 = PLANE ( 'NONE',  #611 ) ;
#2647 = VECTOR ( 'NONE', #1475, 39.37007874015748143 ) ;
#2648 = ADVANCED_FACE ( 'NONE', ( #2379 ), #4483, .F. ) ;
#2649 = CARTESIAN_POINT ( 'NONE',  ( -0.08071427881530317261, -0.1397637795275556982, 0.03540981758142078967 ) ) ;
#2650 = CARTESIAN_POINT ( 'NONE',  ( -0.01237777460051775469, 0.2470497119978709022, 0.07041460340021220288 ) ) ;
#2651 = VECTOR ( 'NONE', #4808, 39.37007874015748143 ) ;
#2652 = AXIS2_PLACEMENT_3D ( 'NONE', #3966, #1398, #3455 ) ;
#2653 = CARTESIAN_POINT ( 'NONE',  ( -0.08465128668923979638, 0.1968503937008335147, -0.02167679659181448448 ) ) ;
#2654 = ADVANCED_FACE ( 'NONE', ( #1406 ), #6530, .F. ) ;
#2655 = ORIENTED_EDGE ( 'NONE', *, *, #4579, .F. ) ;
#2656 = AXIS2_PLACEMENT_3D ( 'NONE', #6035, #3949, #989 ) ;
#2657 = AXIS2_PLACEMENT_3D ( 'NONE', #5509, #6108, #2941 ) ;
#2658 = EDGE_CURVE ( 'NONE', #3498, #6205, #2926, .T. ) ;
#2659 = ORIENTED_EDGE ( 'NONE', *, *, #5756, .T. ) ;
#2660 = DIRECTION ( 'NONE',  ( 1.000000000000000000, -1.431507348925684052E-28, -4.100000000000000200E-14 ) ) ;
#2661 = ORIENTED_EDGE ( 'NONE', *, *, #1712, .F. ) ;
#2662 = DIRECTION ( 'NONE',  ( 2.099999999999999887E-14, 3.491481338843135327E-15, 1.000000000000000000 ) ) ;
#2663 = AXIS2_PLACEMENT_3D ( 'NONE', #259, #3926, #2401 ) ;
#2664 = VECTOR ( 'NONE', #5491, 39.37007874015748143 ) ;
#2665 = B_SPLINE_CURVE_WITH_KNOTS ( 'NONE', 3,
 ( #1300, #2203, #1698, #4912, #2241, #4846 ),
 .UNSPECIFIED., .F., .F.,
 ( 4, 2, 4 ),
 ( 2.455185335370160658E-17, 0.0003961402068238760715, 0.0007922804136477273147 ),
 .UNSPECIFIED. ) ;
#2666 = EDGE_CURVE ( 'NONE', #6373, #2314, #1913, .T. ) ;
#2667 = FACE_OUTER_BOUND ( 'NONE', #6554, .T. ) ;
#2668 = ORIENTED_EDGE ( 'NONE', *, *, #1514, .T. ) ;
#2669 = AXIS2_PLACEMENT_3D ( 'NONE', #6479, #4806, #1857 ) ;
#2670 = AXIS2_PLACEMENT_3D ( 'NONE', #4093, #4057, #1425 ) ;
#2671 = DIRECTION ( 'NONE',  ( 1.000000000000000000, -1.442352733928416201E-28, -4.131062417209784855E-14 ) ) ;
#2672 = DIRECTION ( 'NONE',  ( -2.099999999999999887E-14, -3.491481338843134933E-15, -1.000000000000000000 ) ) ;
#2673 = ORIENTED_EDGE ( 'NONE', *, *, #2485, .F. ) ;
#2674 = DIRECTION ( 'NONE',  ( -1.000000000000000000, 1.431507348925683827E-28, 4.100000000000000200E-14 ) ) ;
#2675 = EDGE_CURVE ( 'NONE', #4796, #3502, #5525, .T. ) ;
#2676 = FACE_OUTER_BOUND ( 'NONE', #104, .T. ) ;
#2677 = CARTESIAN_POINT ( 'NONE',  ( -0.01237777460051775469, 0.2470497119978709022, 0.07041460340021220288 ) ) ;
#2678 = EDGE_LOOP ( 'NONE', ( #3717, #3487, #4849, #5597, #6, #2029, #3313, #3036, #1214, #2369 ) ) ;
#2679 = CARTESIAN_POINT ( 'NONE',  ( -0.0007417243760064197141, 0.1673253025490517021, 0.02840216675381466646 ) ) ;
#2680 = FACE_OUTER_BOUND ( 'NONE', #6182, .T. ) ;
#2681 = DIRECTION ( 'NONE',  ( 0.000000000000000000, 1.000000000000000000, -3.491481338843134933E-15 ) ) ;
#2682 = LINE ( 'NONE', #690, #2651 ) ;
#2683 = ORIENTED_EDGE ( 'NONE', *, *, #3475, .T. ) ;
#2684 = CARTESIAN_POINT ( 'NONE',  ( -0.08465128668925708810, 0.04724409448819606033, 0.1102129671876685146 ) ) ;
#2685 = DIRECTION ( 'NONE',  ( 4.100000000000000200E-14, 3.491481338843134933E-15, 1.000000000000000000 ) ) ;
#2686 = ORIENTED_EDGE ( 'NONE', *, *, #2727, .T. ) ;
#2687 = DIRECTION ( 'NONE',  ( 2.099999999999999887E-14, 3.491481338843134933E-15, 1.000000000000000000 ) ) ;
#2688 = EDGE_LOOP ( 'NONE', ( #5981, #2080, #193, #3243 ) ) ;
#2689 = FACE_OUTER_BOUND ( 'NONE', #4874, .T. ) ;
#2690 = ADVANCED_FACE ( 'NONE', ( #5599 ), #878, .F. ) ;
#2691 = CARTESIAN_POINT ( 'NONE',  ( 0.1968447763028161601, 0.07086614173229861813, 0.05115784907747717575 ) ) ;
#2692 = VERTEX_POINT ( 'NONE', #6025 ) ;
#2693 = CARTESIAN_POINT ( 'NONE',  ( 0.08834281416333052139, -0.02952749408851901639, 0.1574570616759005948 ) ) ;
#2694 = VERTEX_POINT ( 'NONE', #3032 ) ;
#2695 = CYLINDRICAL_SURFACE ( 'NONE', #3523, 0.01771653543308205139 ) ;
#2696 = ADVANCED_FACE ( 'NONE', ( #2483 ), #979, .T. ) ;
#2697 = ORIENTED_EDGE ( 'NONE', *, *, #2905, .F. ) ;
#2698 = DIRECTION ( 'NONE',  ( 2.099999999999999887E-14, 3.491481338843134933E-15, 1.000000000000000000 ) ) ;
#2699 = CARTESIAN_POINT ( 'NONE',  ( 0.009060520035943249104, 0.3425196850393791292, -0.01380278084381933272 ) ) ;
#2700 = ORIENTED_EDGE ( 'NONE', *, *, #6167, .T. ) ;
#2701 = CARTESIAN_POINT ( 'NONE',  ( 0.2675295181064263894, 0.03937007874020425485, 0.1574570616758610431 ) ) ;
#2702 = CARTESIAN_POINT ( 'NONE',  ( -0.1769113664530829189, 0.1958392203024936495, 0.1451968661888144163 ) ) ;
#2703 = CARTESIAN_POINT ( 'NONE',  ( -0.04684073462573252328, 0.1459998432314666139, 0.04783323478122995104 ) ) ;
#2704 = ORIENTED_EDGE ( 'NONE', *, *, #2398, .T. ) ;
#2705 = CARTESIAN_POINT ( 'NONE',  ( -0.06508506593732280021, 0.1811048301081069067, 0.07119329775600939658 ) ) ;
#2706 = CARTESIAN_POINT ( 'NONE',  ( -0.1594544362955578887, 0.05905511811024627411, 0.06887438451052953214 ) ) ;
#2707 = LINE ( 'NONE', #1562, #958 ) ;
#2708 = ADVANCED_FACE ( 'NONE', ( #5059 ), #4550, .T. ) ;
#2709 = DIRECTION ( 'NONE',  ( -1.000000000000000000, 0.000000000000000000, 0.000000000000000000 ) ) ;
#2710 = CARTESIAN_POINT ( 'NONE',  ( 0.001342193295246887907, 0.2545956437564007024, 0.06129022581385230178 ) ) ;
#2711 = VERTEX_POINT ( 'NONE', #1437 ) ;
#2712 = DIRECTION ( 'NONE',  ( -1.000000000000000000, 7.211763669642100061E-29, 2.065531208604895267E-14 ) ) ;
#2713 = DIRECTION ( 'NONE',  ( 1.000000000000000000, -3.221629312528710885E-14, -2.106449935114926299E-14 ) ) ;
#2714 = DIRECTION ( 'NONE',  ( -1.000000000000000000, 1.431507348925684052E-28, 4.100000000000000200E-14 ) ) ;
#2715 = ORIENTED_EDGE ( 'NONE', *, *, #1062, .T. ) ;
#2716 = CARTESIAN_POINT ( 'NONE',  ( -0.1006335637894395785, 0.007874015748078170424, 0.1338350144318086743 ) ) ;
#2717 = DIRECTION ( 'NONE',  ( -1.000000000000000000, 0.000000000000000000, 0.000000000000000000 ) ) ;
#2718 = DIRECTION ( 'NONE',  ( 1.000000000000000000, -7.211763669642101182E-29, -2.065531208604895267E-14 ) ) ;
#2719 = CARTESIAN_POINT ( 'NONE',  ( 0.2744754502823061881, 0.1824253996630736951, 0.1186736754434044028 ) ) ;
#2720 = ORIENTED_EDGE ( 'NONE', *, *, #6404, .T. ) ;
#2721 = PLANE ( 'NONE',  #6284 ) ;
#2722 = EDGE_CURVE ( 'NONE', #99, #4401, #1978, .T. ) ;
#2723 = ORIENTED_EDGE ( 'NONE', *, *, #2110, .T. ) ;
#2724 = LINE ( 'NONE', #4789, #5573 ) ;
#2725 = CARTESIAN_POINT ( 'NONE',  ( 0.0003002344596201086545, 0.1597793707905216520, 0.04484619628383346851 ) ) ;
#2726 = VERTEX_POINT ( 'NONE', #5560 ) ;
#2727 = EDGE_CURVE ( 'NONE', #1543, #3336, #6086, .T. ) ;
#2728 = CARTESIAN_POINT ( 'NONE',  ( 0.1589747102916773680, 0.1771653543307547263, -0.02167679659181440815 ) ) ;
#2729 = ORIENTED_EDGE ( 'NONE', *, *, #3091, .F. ) ;
#2730 = AXIS2_PLACEMENT_3D ( 'NONE', #6580, #2434, #3921 ) ;
#2731 = ORIENTED_EDGE ( 'NONE', *, *, #5460, .F. ) ;
#2732 = DIRECTION ( 'NONE',  ( -1.000000000000000000, 5.566118461309930445E-15, 2.099999999999999887E-14 ) ) ;
#2733 = CARTESIAN_POINT ( 'NONE',  ( -0.01550365110739785474, 0.2378633602918338863, 0.02108251481015511672 ) ) ;
#2734 = EDGE_CURVE ( 'NONE', #1780, #334, #6125, .T. ) ;
#2735 = ORIENTED_EDGE ( 'NONE', *, *, #3948, .T. ) ;
#2736 = CARTESIAN_POINT ( 'NONE',  ( -0.006927339229985205599, 0.1466560112104692559, 0.07861020880933509980 ) ) ;
#2737 = AXIS2_PLACEMENT_3D ( 'NONE', #1981, #3499, #1480 ) ;
#2738 = CARTESIAN_POINT ( 'NONE',  ( 0.2751912329957956760, 0.1771653543307548651, 0.1198551626364514761 ) ) ;
#2739 = CARTESIAN_POINT ( 'NONE',  ( 0.2535355581497314992, 0.1821354700831694096, 0.1401343046541072002 ) ) ;
#2740 = DIRECTION ( 'NONE',  ( 0.000000000000000000, -1.000000000000000000, 3.491481338843135327E-15 ) ) ;
#2741 = LINE ( 'NONE', #1100, #1167 ) ;
#2742 = EDGE_LOOP ( 'NONE', ( #6656, #3426, #2787, #3944, #4802, #479, #6439, #6410, #2486, #5878 ) ) ;
#2743 = DIRECTION ( 'NONE',  ( -0.7014283973664512395, 0.7127399268793153109, 2.627004613787696002E-14 ) ) ;
#2744 = VECTOR ( 'NONE', #2367, 39.37007874015748143 ) ;
#2745 = CARTESIAN_POINT ( 'NONE',  ( -0.1006335637894395785, 0.03937007874020425485, 0.1574570616759004282 ) ) ;
#2746 = LINE ( 'NONE', #2850, #830 ) ;
#2747 = ORIENTED_EDGE ( 'NONE', *, *, #3979, .T. ) ;
#2748 = CARTESIAN_POINT ( 'NONE',  ( 0.07873454008234349877, 0.07086614173230315616, 0.05115784907747968069 ) ) ;
#2749 = AXIS2_PLACEMENT_3D ( 'NONE', #3541, #1512, #2018 ) ;
#2750 = LINE ( 'NONE', #2893, #4358 ) ;
#2751 = LINE ( 'NONE', #3258, #6292 ) ;
#2752 = CARTESIAN_POINT ( 'NONE',  ( -0.08465128668925708810, 0.04724409448819606033, 0.1102129671876685146 ) ) ;
#2753 = VECTOR ( 'NONE', #339, 39.37007874015748143 ) ;
#2754 = PRESENTATION_STYLE_ASSIGNMENT (( #1339 ) ) ;
#2755 = VERTEX_POINT ( 'NONE', #103 ) ;
#2756 = FACE_OUTER_BOUND ( 'NONE', #2419, .T. ) ;
#2757 = AXIS2_PLACEMENT_3D ( 'NONE', #980, #5628, #6127 ) ;
#2758 = ORIENTED_EDGE ( 'NONE', *, *, #6087, .T. ) ;
#2759 = CARTESIAN_POINT ( 'NONE',  ( -0.05562159595906518428, 0.1161442001868472212, 0.06489967709925441308 ) ) ;
#2760 = PLANE ( 'NONE',  #2104 ) ;
#2761 = AXIS2_PLACEMENT_3D ( 'NONE', #4572, #5616, #1026 ) ;
#2762 = VECTOR ( 'NONE', #4396, 39.37007874015748143 ) ;
#2763 = ORIENTED_EDGE ( 'NONE', *, *, #5828, .F. ) ;
#2764 = FACE_OUTER_BOUND ( 'NONE', #5657, .T. ) ;
#2765 = AXIS2_PLACEMENT_3D ( 'NONE', #4665, #459, #51 ) ;
#2766 = VERTEX_POINT ( 'NONE', #5182 ) ;
#2767 = DIRECTION ( 'NONE',  ( -1.000000000000000000, 3.221629312528710254E-14, 2.106449935114925668E-14 ) ) ;
#2768 = VECTOR ( 'NONE', #1811, 39.37007874015748143 ) ;
#2769 = ORIENTED_EDGE ( 'NONE', *, *, #5756, .F. ) ;
#2770 = ADVANCED_FACE ( 'NONE', ( #1508 ), #2644, .F. ) ;
#2771 = CARTESIAN_POINT ( 'NONE',  ( -0.01987603590582453367, 0.1551861949375031302, 0.02990053300728329894 ) ) ;
#2772 = VERTEX_POINT ( 'NONE', #3594 ) ;
#2773 = CARTESIAN_POINT ( 'NONE',  ( -0.006927339229985205599, 0.2293331765648000953, 0.07861020880933472510 ) ) ;
#2774 = VECTOR ( 'NONE', #3581, 39.37007874015748143 ) ;
#2775 = CARTESIAN_POINT ( 'NONE',  ( -0.1830552698205766271, 0.1968503937008417026, 0.1337662178263175905 ) ) ;
#2776 = DIRECTION ( 'NONE',  ( -1.000000000000000000, 0.000000000000000000, 0.000000000000000000 ) ) ;
#2777 = DIRECTION ( 'NONE',  ( 1.000000000000000000, 0.000000000000000000, 0.000000000000000000 ) ) ;
#2778 = PLANE ( 'NONE',  #6545 ) ;
#2779 = ADVANCED_FACE ( 'NONE', ( #62 ), #5250, .T. ) ;
#2780 = ORIENTED_EDGE ( 'NONE', *, *, #6131, .T. ) ;
#2781 = FACE_OUTER_BOUND ( 'NONE', #2226, .T. ) ;
#2782 = CARTESIAN_POINT ( 'NONE',  ( -0.03700570333594827011, 0.3425196850393791292, -0.01380278084381933272 ) ) ;
#2783 = EDGE_CURVE ( 'NONE', #941, #5011, #6152, .T. ) ;
#2784 = CARTESIAN_POINT ( 'NONE',  ( -0.1003993181853797406, 2.936736593189082516E-15, -0.05514136352094150401 ) ) ;
#2785 = ORIENTED_EDGE ( 'NONE', *, *, #3268, .F. ) ;
#2786 = DIRECTION ( 'NONE',  ( 1.000000000000000000, -7.211763669642100061E-29, -2.065531208604895267E-14 ) ) ;
#2787 = ORIENTED_EDGE ( 'NONE', *, *, #5547, .T. ) ;
#2788 = CARTESIAN_POINT ( 'NONE',  ( 0.1417266660665929268, -3.278217592397113890E-15, 0.03540981758141563407 ) ) ;
#2789 = FACE_OUTER_BOUND ( 'NONE', #3666, .T. ) ;
#2790 = CARTESIAN_POINT ( 'NONE',  ( 0.2675295181064263894, 0.03937007874020425485, 0.1574570616758610431 ) ) ;
#2791 = CARTESIAN_POINT ( 'NONE',  ( -0.01237777460051775469, 0.1919316017616503889, 0.07041460340021239717 ) ) ;
#2792 = CARTESIAN_POINT ( 'NONE',  ( 0.1749569873916675400, 0.007874015748078170424, 0.1338350144317692891 ) ) ;
#2793 = CARTESIAN_POINT ( 'NONE',  ( -0.04398554573455393940, 0.2155536490057448906, 0.02288724045285602665 ) ) ;
#2794 = ORIENTED_EDGE ( 'NONE', *, *, #3824, .F. ) ;
#2795 = PLANE ( 'NONE',  #56 ) ;
#2796 = ADVANCED_FACE ( 'NONE', ( #1102 ), #4749, .F. ) ;
#2797 = ORIENTED_EDGE ( 'NONE', *, *, #4202, .F. ) ;
#2798 = CARTESIAN_POINT ( 'NONE',  ( -0.0007417243760064197141, 0.1299237277459021345, 0.02840216675381481565 ) ) ;
#2799 = DIRECTION ( 'NONE',  ( -2.099999999999999887E-14, -3.491481338842462824E-15, -1.000000000000000000 ) ) ;
#2800 = EDGE_LOOP ( 'NONE', ( #6505, #597, #3953, #1887 ) ) ;
#2801 = CARTESIAN_POINT ( 'NONE',  ( -0.08465128668925590849, 0.1614173228346534039, 0.1338350144317773383 ) ) ;
#2802 = VERTEX_POINT ( 'NONE', #134 ) ;
#2803 = CARTESIAN_POINT ( 'NONE',  ( -0.05049599267484968651, 0.04724409448819574114, 0.009819266400273583481 ) ) ;
#2804 = ORIENTED_EDGE ( 'NONE', *, *, #5524, .T. ) ;
#2805 = CARTESIAN_POINT ( 'NONE',  ( -0.02954687745738516017, 0.1804486621291041815, 0.02510527860399673974 ) ) ;
#2806 = ORIENTED_EDGE ( 'NONE', *, *, #6282, .F. ) ;
#2807 = CARTESIAN_POINT ( 'NONE',  ( 0.01152436365490823456, 0.1168003681658497800, 0.06633902089459757512 ) ) ;
#2808 = CARTESIAN_POINT ( 'NONE',  ( -0.1846122253710376360, 0.1967043681783088860, 0.1316923300991102719 ) ) ;
#2809 = FACE_OUTER_BOUND ( 'NONE', #3700, .T. ) ;
#2810 = DIRECTION ( 'NONE',  ( 0.000000000000000000, -1.000000000000000000, 3.491481338843134933E-15 ) ) ;
#2811 = DIRECTION ( 'NONE',  ( 1.000000000000000000, 0.000000000000000000, 0.000000000000000000 ) ) ;
#2812 = EDGE_CURVE ( 'NONE', #12, #4899, #4113, .T. ) ;
#2813 = ORIENTED_EDGE ( 'NONE', *, *, #647, .T. ) ;
#2814 = DIRECTION ( 'NONE',  ( 0.000000000000000000, 1.000000000000000000, -3.491481338843134933E-15 ) ) ;
#2815 = CARTESIAN_POINT ( 'NONE',  ( -0.08465128668925708810, 0.1614173228346534039, 0.1102129671876681122 ) ) ;
#2816 = LINE ( 'NONE', #4271, #5132 ) ;
#2817 = VERTEX_POINT ( 'NONE', #1535 ) ;
#2818 = DIRECTION ( 'NONE',  ( -2.065531208604895267E-14, -3.491481338843134933E-15, -1.000000000000000000 ) ) ;
#2819 = ORIENTED_EDGE ( 'NONE', *, *, #2490, .T. ) ;
#2820 = LINE ( 'NONE', #1837, #3489 ) ;
#2821 = CARTESIAN_POINT ( 'NONE',  ( -0.03700570333593212330, 0.3425196850393807391, 0.3798980065577472476 ) ) ;
#2822 = CARTESIAN_POINT ( 'NONE',  ( -0.04085966922767377690, 0.09613107682726712566, 0.07221932904291357425 ) ) ;
#2823 = EDGE_CURVE ( 'NONE', #6166, #111, #3097, .T. ) ;
#2824 = LENGTH_MEASURE_WITH_UNIT ( LENGTH_MEASURE( 0.02539999999999999897 ), #5289 );
#2825 = CARTESIAN_POINT ( 'NONE',  ( 0.1237758850294596452, 0.007874015748078231139, 0.1574570616759004282 ) ) ;
#2826 = ADVANCED_FACE ( 'NONE', ( #4108 ), #3565, .F. ) ;
#2827 = VERTEX_POINT ( 'NONE', #2586 ) ;
#2828 = CARTESIAN_POINT ( 'NONE',  ( 0.2675295181064263894, 0.1652358356420002283, -0.07088939501704961954 ) ) ;
#2829 = CARTESIAN_POINT ( 'NONE',  ( 0.01012305462857975707, 0.2424565361448524359, 0.04422378349582827689 ) ) ;
#2830 = CARTESIAN_POINT ( 'NONE',  ( 0.2440888707910039424, 1.242990837117240149E-14, 0.1535200538018860195 ) ) ;
#2831 = EDGE_LOOP ( 'NONE', ( #5298, #4072, #6407, #2606 ) ) ;
#2832 = ADVANCED_FACE ( 'NONE', ( #5626 ), #4173, .T. ) ;
#2833 = DIRECTION ( 'NONE',  ( 2.100000000000010931E-14, 3.491481338843135722E-15, 1.000000000000000000 ) ) ;
#2834 = DIMENSIONAL_EXPONENTS ( 1.000000000000000000, 0.000000000000000000, 0.000000000000000000, 0.000000000000000000, 0.000000000000000000, 0.000000000000000000, 0.000000000000000000 ) ;
#2835 = VERTEX_POINT ( 'NONE', #1604 ) ;
#2836 = CARTESIAN_POINT ( 'NONE',  ( 0.1749569873916675400, 0.007874015748077540719, -0.04726734777295708151 ) ) ;
#2837 = ORIENTED_EDGE ( 'NONE', *, *, #1417, .F. ) ;
#2838 = CARTESIAN_POINT ( 'NONE',  ( -0.02681644287768620433, 0.09383448890075789250, 0.06819656524907283246 ) ) ;
#2839 = VERTEX_POINT ( 'NONE', #4620 ) ;
#2840 = EDGE_CURVE ( 'NONE', #4453, #3668, #499, .T. ) ;
#2841 = CARTESIAN_POINT ( 'NONE',  ( -0.04523205402610042808, 0.09613107682726719505, 0.08103734724004155177 ) ) ;
#2842 = DIRECTION ( 'NONE',  ( 0.7192253232526581996, -0.6947768954075181913, -2.706243768838425986E-14 ) ) ;
#2843 = CARTESIAN_POINT ( 'NONE',  ( 0.2751912329957980075, 0.1771653543307571133, -0.03368633418163157617 ) ) ;
#2844 = CARTESIAN_POINT ( 'NONE',  ( 0.1751912329957316938, 0.03937007874017204451, 0.1417090301798399621 ) ) ;
#2845 = DIRECTION ( 'NONE',  ( 0.000000000000000000, 1.000000000000000000, -3.491481338843135327E-15 ) ) ;
#2846 = ORIENTED_EDGE ( 'NONE', *, *, #3317, .T. ) ;
#2847 = CARTESIAN_POINT ( 'NONE',  ( -0.1820449620185704831, 0.1771653543307547263, -0.03368633418161787185 ) ) ;
#2848 = FACE_OUTER_BOUND ( 'NONE', #3634, .T. ) ;
#2849 = AXIS2_PLACEMENT_3D ( 'NONE', #5375, #1322, #1756 ) ;
#2850 = CARTESIAN_POINT ( 'NONE',  ( -0.1820449620185704831, -0.03937007874011121816, 0.01770268064204629996 ) ) ;
#2851 = VERTEX_POINT ( 'NONE', #6225 ) ;
#2852 = DIRECTION ( 'NONE',  ( 0.000000000000000000, -1.000000000000000000, 3.491481338843134933E-15 ) ) ;
#2853 = EDGE_LOOP ( 'NONE', ( #2021, #4915, #2145, #1565 ) ) ;
#2854 = CARTESIAN_POINT ( 'NONE',  ( 0.07873454008234349877, 0.07086614173230315616, 0.05115784907747968069 ) ) ;
#2855 = LINE ( 'NONE', #4445, #167 ) ;
#2856 = VECTOR ( 'NONE', #1305, 39.37007874015748143 ) ;
#2857 = DIRECTION ( 'NONE',  ( 0.000000000000000000, 3.491481338843135327E-15, 1.000000000000000000 ) ) ;
#2858 = CARTESIAN_POINT ( 'NONE',  ( 0.001342193295246887907, 0.2270365886382907927, 0.06129022581385237117 ) ) ;
#2859 = VECTOR ( 'NONE', #5103, 39.37007874015748143 ) ;
#2860 = EDGE_CURVE ( 'NONE', #1717, #5959, #1006, .T. ) ;
#2861 = EDGE_LOOP ( 'NONE', ( #1153, #2937, #1977, #1211 ) ) ;
#2862 = CARTESIAN_POINT ( 'NONE',  ( -0.1816512612313759822, -0.03937007874011141939, -0.04333033989894158333 ) ) ;
#2863 = VECTOR ( 'NONE', #4292, 39.37007874015748143 ) ;
#2864 = EDGE_CURVE ( 'NONE', #2151, #3994, #3159, .T. ) ;
#2865 = CARTESIAN_POINT ( 'NONE',  ( 0.001342193295246887907, 0.1069578484808104274, 0.06129022581385275975 ) ) ;
#2866 = FACE_OUTER_BOUND ( 'NONE', #6232, .T. ) ;
#2867 = EDGE_CURVE ( 'NONE', #2037, #2482, #593, .T. ) ;
#2868 = ORIENTED_EDGE ( 'NONE', *, *, #4270, .T. ) ;
#2869 = AXIS2_PLACEMENT_3D ( 'NONE', #6255, #5694, #3633 ) ;
#2870 = CARTESIAN_POINT ( 'NONE',  ( -0.04945246142723173227, -0.02952749408851968599, -0.04726734777295692885 ) ) ;
#2871 = ORIENTED_EDGE ( 'NONE', *, *, #4438, .F. ) ;
#2872 = ORIENTED_EDGE ( 'NONE', *, *, #6242, .T. ) ;
#2873 = CIRCLE ( 'NONE', #4405, 0.01377952755905360524 ) ;
#2874 = VECTOR ( 'NONE', #2073, 39.37007874015748143 ) ;
#2875 = CARTESIAN_POINT ( 'NONE',  ( -0.01782820997105006786, 0.1742150663285793044, 0.06221899799109056189 ) ) ;
#2876 = VERTEX_POINT ( 'NONE', #6184 ) ;
#2877 = CARTESIAN_POINT ( 'NONE',  ( -0.06648637496365107646, 0.1184407881133562740, 0.04907806035724090327 ) ) ;
#2878 = CIRCLE ( 'NONE', #2015, 0.005905511811027342947 ) ;
#2879 = AXIS2_PLACEMENT_3D ( 'NONE', #6268, #3175, #5136 ) ;
#2880 =( LENGTH_UNIT ( ) NAMED_UNIT ( * ) SI_UNIT ( $, .METRE. ) );
#2881 = LINE ( 'NONE', #6451, #4290 ) ;
#2882 = CARTESIAN_POINT ( 'NONE',  ( 0.03345894953121039683, 0.03539148894044291671, -0.01380278084381826760 ) ) ;
#2883 = CARTESIAN_POINT ( 'NONE',  ( -0.1220528614924594468, 0.07086614173228995839, 0.05115784907748385790 ) ) ;
#2884 = VERTEX_POINT ( 'NONE', #1566 ) ;
#2885 = CARTESIAN_POINT ( 'NONE',  ( 0.0003002344596201086545, 0.1322203156724114093, 0.04484619628383346851 ) ) ;
#2886 = VECTOR ( 'NONE', #5947, 39.37007874015748143 ) ;
#2887 = CARTESIAN_POINT ( 'NONE',  ( 0.2558998944131157249, 0.1771653543307550871, 0.1198551626364519757 ) ) ;
#2888 = CIRCLE ( 'NONE', #5257, 0.04330708661416905747 ) ;
#2889 = LINE ( 'NONE', #1330, #1889 ) ;
#2890 = ORIENTED_EDGE ( 'NONE', *, *, #2783, .F. ) ;
#2891 = DIRECTION ( 'NONE',  ( 1.000000000000000000, 0.000000000000000000, 0.000000000000000000 ) ) ;
#2892 = VERTEX_POINT ( 'NONE', #1073 ) ;
#2893 = CARTESIAN_POINT ( 'NONE',  ( 0.08660855583037402328, -2.936736593189082516E-15, 0.1417090301798419327 ) ) ;
#2894 = LINE ( 'NONE', #3331, #4250 ) ;
#2895 = LINE ( 'NONE', #6463, #5896 ) ;
#2896 = DIRECTION ( 'NONE',  ( 2.098838354815196063E-14, 3.491481338843135327E-15, 1.000000000000000000 ) ) ;
#2897 = CARTESIAN_POINT ( 'NONE',  ( -0.01237777460051775469, 0.2293331765647999843, 0.07041460340021239717 ) ) ;
#2898 = LINE ( 'NONE', #342, #585 ) ;
#2899 = EDGE_CURVE ( 'NONE', #3242, #1316, #3126, .T. ) ;
#2900 = LINE ( 'NONE', #1745, #6629 ) ;
#2901 = VERTEX_POINT ( 'NONE', #3699 ) ;
#2902 = DIRECTION ( 'NONE',  ( 1.000000000000000000, -7.211763669642100061E-29, -2.065531208604895267E-14 ) ) ;
#2903 = ORIENTED_EDGE ( 'NONE', *, *, #5382, .T. ) ;
#2904 = LINE ( 'NONE', #4965, #188 ) ;
#2905 = EDGE_CURVE ( 'NONE', #2817, #5667, #695, .T. ) ;
#2906 = CARTESIAN_POINT ( 'NONE',  ( -0.02954687745738516017, 0.1076140164598128196, 0.02510527860399694097 ) ) ;
#2907 = EDGE_LOOP ( 'NONE', ( #4605, #1362, #5181, #3558 ) ) ;
#2908 = CARTESIAN_POINT ( 'NONE',  ( -0.06788768398997997722, 0.1482964311579757499, 0.02696282295847129279 ) ) ;
#2909 = EDGE_CURVE ( 'NONE', #467, #5513, #2746, .T. ) ;
#2910 = DIRECTION ( 'NONE',  ( 1.000000000000000000, 0.000000000000000000, 0.000000000000000000 ) ) ;
#2911 = CARTESIAN_POINT ( 'NONE',  ( -0.03026557783878931415, 0.2355667723653249446, 0.01376286286649585147 ) ) ;
#2912 =( CONVERSION_BASED_UNIT ( 'INCH', #353 ) LENGTH_UNIT ( ) NAMED_UNIT ( #2834 ) );
#2913 = CARTESIAN_POINT ( 'NONE',  ( -0.1820053207754479541, 0.1771653543306950240, 0.1354279781213554301 ) ) ;
#2914 = CARTESIAN_POINT ( 'NONE',  ( -0.08465128668926202860, 0.3425196850393791292, -0.01380278084381933272 ) ) ;
#2915 = ORIENTED_EDGE ( 'NONE', *, *, #4431, .F. ) ;
#2916 = CARTESIAN_POINT ( 'NONE',  ( 0.2558998944129232123, -0.1123849554454065119, 0.01770268064204655670 ) ) ;
#2917 = CARTESIAN_POINT ( 'NONE',  ( -0.09449380637436102792, -0.1397637795275560868, -0.07088939501700412815 ) ) ;
#2918 = DIRECTION ( 'NONE',  ( 0.000000000000000000, 3.337232330195356641E-15, 1.000000000000000000 ) ) ;
#2919 = ORIENTED_EDGE ( 'NONE', *, *, #3697, .T. ) ;
#2920 = CARTESIAN_POINT ( 'NONE',  ( -0.04085966922767377690, 0.09613107682726712566, 0.07221932904291357425 ) ) ;
#2921 = EDGE_CURVE ( 'NONE', #5335, #2692, #4812, .T. ) ;
#2922 = FACE_OUTER_BOUND ( 'NONE', #3713, .T. ) ;
#2923 = CARTESIAN_POINT ( 'NONE',  ( -0.04843923578590779433, -0.03543300589955412916, 0.1338350144317694834 ) ) ;
#2924 = LINE ( 'NONE', #4983, #2342 ) ;
#2925 = ORIENTED_EDGE ( 'NONE', *, *, #142, .T. ) ;
#2926 = LINE ( 'NONE', #2960, #6198 ) ;
#2927 = CARTESIAN_POINT ( 'NONE',  ( -0.1989881210083291330, 0.1791163157260901584, 0.1193154661892868035 ) ) ;
#2928 = VERTEX_POINT ( 'NONE', #5920 ) ;
#2929 = CARTESIAN_POINT ( 'NONE',  ( -0.01401939056108515713, -0.02952749408851909271, 0.1338350144317692891 ) ) ;
#2930 = CARTESIAN_POINT ( 'NONE',  ( -0.2013363006014440848, -0.03937007874011121816, 0.01770268064204629996 ) ) ;
#2931 = VERTEX_POINT ( 'NONE', #5312 ) ;
#2932 = PRODUCT_RELATED_PRODUCT_CATEGORY ( 'part', '', ( #729 ) ) ;
#2933 = CARTESIAN_POINT ( 'NONE',  ( 0.1082620991375129876, 0.05905511811024627411, 0.06887438451051200450 ) ) ;
#2934 = ORIENTED_EDGE ( 'NONE', *, *, #1062, .F. ) ;
#2935 = DIRECTION ( 'NONE',  ( -2.065531208604895267E-14, -3.491481338843134933E-15, -1.000000000000000000 ) ) ;
#2936 = CARTESIAN_POINT ( 'NONE',  ( -0.04752334327065738107, 0.2309735965123061729, 0.03706041311996059046 ) ) ;
#2937 = ORIENTED_EDGE ( 'NONE', *, *, #5131, .F. ) ;
#2938 = CARTESIAN_POINT ( 'NONE',  ( -0.006927339229985205599, 0.08169538128920948716, 0.07861020880933530797 ) ) ;
#2939 = EDGE_CURVE ( 'NONE', #5031, #735, #2816, .T. ) ;
#2940 = CARTESIAN_POINT ( 'NONE',  ( -0.2013363006014516066, 0.1771653543307547540, 0.1198551626364492556 ) ) ;
#2941 = DIRECTION ( 'NONE',  ( 0.000000000000000000, 1.000000000000000000, -3.491481338843134933E-15 ) ) ;
#2942 =( NAMED_UNIT ( * ) PLANE_ANGLE_UNIT ( ) SI_UNIT ( $, .RADIAN. ) );
#2943 = CARTESIAN_POINT ( 'NONE',  ( -0.1217995113048990358, 0.2785856983998137859, 0.1043074553766751983 ) ) ;
#2944 = CARTESIAN_POINT ( 'NONE',  ( -0.1003993181853752026, 0.03937007874016047043, -0.05514136352094165666 ) ) ;
#2945 = ORIENTED_EDGE ( 'NONE', *, *, #2528, .T. ) ;
#2946 = CARTESIAN_POINT ( 'NONE',  ( -0.04085966922767377690, 0.08628855714222774531, 0.07221932904291378241 ) ) ;
#2947 = EDGE_CURVE ( 'NONE', #6515, #1067, #2302, .T. ) ;
#2948 = CARTESIAN_POINT ( 'NONE',  ( -0.1932060945040063038, 0.1652358356420011720, -0.04726734777295763662 ) ) ;
#2949 = CARTESIAN_POINT ( 'NONE',  ( 0.1751912329957273917, 0.03937007874017133674, -0.05514136352094740900 ) ) ;
#2950 = VERTEX_POINT ( 'NONE', #3358 ) ;
#2951 = CARTESIAN_POINT ( 'NONE',  ( -0.01237777460051775469, 0.09153790097424881200, 0.07041460340021279962 ) ) ;
#2952 = EDGE_CURVE ( 'NONE', #4899, #2207, #2665, .T. ) ;
#2953 = CARTESIAN_POINT ( 'NONE',  ( -0.1820053207754530888, 0.1771653543306865031, -0.04886031146247317436 ) ) ;
#2954 = DIRECTION ( 'NONE',  ( 0.000000000000000000, -1.000000000000000000, 3.491481338843134933E-15 ) ) ;
#2955 = DIRECTION ( 'NONE',  ( 0.000000000000000000, 3.491481338843134933E-15, 1.000000000000000000 ) ) ;
#2956 = CARTESIAN_POINT ( 'NONE',  ( -0.05770551363031844322, 0.1030208406067946031, 0.03201161803921656612 ) ) ;
#2957 = VERTEX_POINT ( 'NONE', #3326 ) ;
#2958 = VECTOR ( 'NONE', #6366, 39.37007874015748143 ) ;
#2959 = EDGE_CURVE ( 'NONE', #3004, #4015, #5881, .T. ) ;
#2960 = CARTESIAN_POINT ( 'NONE',  ( -0.03700570333594827011, 0.3425196850393791292, -0.01380278084381933272 ) ) ;
#2961 = DIRECTION ( 'NONE',  ( 2.065531208604895267E-14, 3.491481338843134933E-15, 1.000000000000000000 ) ) ;
#2962 = VECTOR ( 'NONE', #1106, 39.37007874015748143 ) ;
#2963 = EDGE_LOOP ( 'NONE', ( #3656, #2084, #1110, #6378 ) ) ;
#2964 = PLANE ( 'NONE',  #6617 ) ;
#2965 = EDGE_CURVE ( 'NONE', #4591, #1072, #711, .T. ) ;
#2966 = AXIS2_PLACEMENT_3D ( 'NONE', #966, #4538, #895 ) ;
#2967 = DIRECTION ( 'NONE',  ( 2.793421535665029918E-16, 1.000000000000000000, -3.491481338842465190E-15 ) ) ;
#2968 = VERTEX_POINT ( 'NONE', #6385 ) ;
#2969 = VECTOR ( 'NONE', #3068, 39.37007874015748143 ) ;
#2970 = DIRECTION ( 'NONE',  ( 1.000000000000000000, 0.000000000000000000, -4.100255488672848136E-14 ) ) ;
#2971 = ORIENTED_EDGE ( 'NONE', *, *, #2115, .F. ) ;
#2972 = DIRECTION ( 'NONE',  ( 0.000000000000000000, -1.000000000000000000, 3.491481338843135327E-15 ) ) ;
#2973 = STYLED_ITEM ( 'NONE', ( #2754 ), #2607 ) ;
#2974 = CARTESIAN_POINT ( 'NONE',  ( -0.01782820997105006786, 0.1466560112104690061, 0.06221899799109067292 ) ) ;
#2975 = ORIENTED_EDGE ( 'NONE', *, *, #3691, .F. ) ;
#2976 = CARTESIAN_POINT ( 'NONE',  ( -0.03098427822019291997, 0.1804486621291041815, 0.002420447128996383937 ) ) ;
#2977 = LINE ( 'NONE', #6069, #5430 ) ;
#2978 = CARTESIAN_POINT ( 'NONE',  ( 0.02361642984560448702, -16.03086094197822931, -0.07088939501695118439 ) ) ;
#2979 = VECTOR ( 'NONE', #4873, 39.37007874015748143 ) ;
#2980 = PLANE ( 'NONE',  #5447 ) ;
#2981 = VECTOR ( 'NONE', #909, 39.37007874015748143 ) ;
#2982 = ORIENTED_EDGE ( 'NONE', *, *, #559, .T. ) ;
#2983 = CARTESIAN_POINT ( 'NONE',  ( -0.01237777460051775469, 0.1092544364073196744, 0.07041460340021279962 ) ) ;
#2984 = EDGE_CURVE ( 'NONE', #4628, #512, #5282, .T. ) ;
#2985 = CARTESIAN_POINT ( 'NONE',  ( 0.03739595740516511724, -0.1397637795275590566, -0.07088939501700688983 ) ) ;
#2986 = LINE ( 'NONE', #5050, #3405 ) ;
#2987 = ORIENTED_EDGE ( 'NONE', *, *, #1995, .T. ) ;
#2988 = VECTOR ( 'NONE', #3013, 39.37007874015748143 ) ;
#2989 = CARTESIAN_POINT ( 'NONE',  ( -0.1003993181853752026, 3.619698591605149208E-15, 0.1417090301798458740 ) ) ;
#2990 = VECTOR ( 'NONE', #5002, 39.37007874015748143 ) ;
#2991 = CARTESIAN_POINT ( 'NONE',  ( 0.1555061936256769695, -0.1397637795275647743, -0.07088939501700945722 ) ) ;
#2992 = DIRECTION ( 'NONE',  ( -2.793421535665029918E-16, -1.000000000000000000, 3.491481338842465190E-15 ) ) ;
#2993 = CARTESIAN_POINT ( 'NONE',  ( -0.04085966922767377690, 0.1236901319453773684, 0.07221932904291357425 ) ) ;
#2994 = EDGE_LOOP ( 'NONE', ( #2871, #4077, #2288, #815 ) ) ;
#2995 = VECTOR ( 'NONE', #634, 39.37007874015748143 ) ;
#2996 = VECTOR ( 'NONE', #6428, 39.37007874015748143 ) ;
#2997 = ADVANCED_FACE ( 'NONE', ( #198 ), #2343, .T. ) ;
#2998 = B_SPLINE_CURVE_WITH_KNOTS ( 'NONE', 3,
 ( #3830, #5383, #767, #260, #4377, #298 ),
 .UNSPECIFIED., .F., .F.,
 ( 4, 2, 4 ),
 ( 6.247031416773749611E-16, 0.0002610888779941723521, 0.0005221777559877199869 ),
 .UNSPECIFIED. ) ;
#2999 = CARTESIAN_POINT ( 'NONE',  ( 0.08660855583037402328, 0.03937007874017362657, -0.06695238714299291127 ) ) ;
#3000 = ORIENTED_EDGE ( 'NONE', *, *, #2909, .F. ) ;
#3001 = DIRECTION ( 'NONE',  ( 0.000000000000000000, -1.000000000000000000, 3.491481338843135327E-15 ) ) ;
#3002 = AXIS2_PLACEMENT_3D ( 'NONE', #3627, #4670, #3152 ) ;
#3003 = AXIS2_PLACEMENT_3D ( 'NONE', #927, #2472, #3019 ) ;
#3004 = VERTEX_POINT ( 'NONE', #1803 ) ;
#3005 = EDGE_CURVE ( 'NONE', #5403, #2190, #3254, .T. ) ;
#3006 = CARTESIAN_POINT ( 'NONE',  ( -0.2013363006014516066, 0.1771653543307547540, 0.1198551626364492556 ) ) ;
#3007 = CARTESIAN_POINT ( 'NONE',  ( -0.02609774249628226198, 0.1666691345700493376, 0.07953898098657292970 ) ) ;
#3008 = LINE ( 'NONE', #5497, #822 ) ;
#3009 = ORIENTED_EDGE ( 'NONE', *, *, #1712, .T. ) ;
#3010 = EDGE_CURVE ( 'NONE', #5264, #4878, #1763, .T. ) ;
#3011 = CARTESIAN_POINT ( 'NONE',  ( -0.1932060945040063038, 0.03937007874020417159, 0.1338350144318084523 ) ) ;
#3012 = ORIENTED_EDGE ( 'NONE', *, *, #5507, .F. ) ;
#3013 = DIRECTION ( 'NONE',  ( -1.000000000000000000, 3.200000000000000249E-14, 2.099999999999999887E-14 ) ) ;
#3014 = CARTESIAN_POINT ( 'NONE',  ( -0.04085966922767377690, 0.1512491870634875835, 0.07221932904291337996 ) ) ;
#3015 = ORIENTED_EDGE ( 'NONE', *, *, #5212, .F. ) ;
#3016 = DIRECTION ( 'NONE',  ( -4.100000000000000200E-14, -3.491481338843134933E-15, -1.000000000000000000 ) ) ;
#3017 = CARTESIAN_POINT ( 'NONE',  ( -0.0007417243760064197141, 0.2126008931002328350, 0.02840216675381449646 ) ) ;
#3018 = CARTESIAN_POINT ( 'NONE',  ( -0.1932060945040063038, 0.03937007874020425485, 0.1574570616759004282 ) ) ;
#3019 = DIRECTION ( 'NONE',  ( -0.5537642336461033876, -3.469446951953617344E-15, -0.8326735095668311715 ) ) ;
#3020 = ORIENTED_EDGE ( 'NONE', *, *, #2291, .T. ) ;
#3021 = DIRECTION ( 'NONE',  ( -1.000000000000000000, 2.793421535665765038E-16, 2.099999999999999887E-14 ) ) ;
#3022 = LINE ( 'NONE', #5548, #4177 ) ;
#3023 = FACE_OUTER_BOUND ( 'NONE', #1074, .T. ) ;
#3024 = EDGE_LOOP ( 'NONE', ( #2934, #4481, #1754, #6145 ) ) ;
#3025 = DIRECTION ( 'NONE',  ( -2.065531208604895267E-14, -3.491481338843134933E-15, -1.000000000000000000 ) ) ;
#3026 = EDGE_CURVE ( 'NONE', #5452, #554, #2998, .T. ) ;
#3027 = LINE ( 'NONE', #6621, #374 ) ;
#3028 = DIRECTION ( 'NONE',  ( -1.000000000000000000, 7.211763669642100061E-29, 2.065531208604895267E-14 ) ) ;
#3029 = LINE ( 'NONE', #1003, #3935 ) ;
#3030 = CARTESIAN_POINT ( 'NONE',  ( -0.05562159595906518428, 0.1811048301081070455, 0.06489967709925414940 ) ) ;
#3031 = ORIENTED_EDGE ( 'NONE', *, *, #3229, .F. ) ;
#3032 = CARTESIAN_POINT ( 'NONE',  ( 0.1082620991375090880, 0.1751968503937108290, -0.02514910372275582645 ) ) ;
#3033 = ORIENTED_EDGE ( 'NONE', *, *, #3802, .T. ) ;
#3034 = CARTESIAN_POINT ( 'NONE',  ( -0.04945246142723173227, -0.02952749408851901639, 0.1574570616759005948 ) ) ;
#3035 = EDGE_CURVE ( 'NONE', #45, #1749, #3287, .T. ) ;
#3036 = ORIENTED_EDGE ( 'NONE', *, *, #4686, .F. ) ;
#3037 = DIRECTION ( 'NONE',  ( 4.100000000000000200E-14, 3.491481338843134933E-15, 1.000000000000000000 ) ) ;
#3038 = CARTESIAN_POINT ( 'NONE',  ( -0.2013363006014440848, -0.1123849554454065119, 0.01770268064204655670 ) ) ;
#3039 = ADVANCED_FACE ( 'NONE', ( #5344 ), #1664, .F. ) ;
#3040 = ORIENTED_EDGE ( 'NONE', *, *, #1974, .T. ) ;
#3041 = CARTESIAN_POINT ( 'NONE',  ( -0.08465128668923979638, 0.1968503937008338478, 0.1082444632507039289 ) ) ;
#3042 = ORIENTED_EDGE ( 'NONE', *, *, #4375, .T. ) ;
#3043 = DIRECTION ( 'NONE',  ( 0.000000000000000000, -1.000000000000000000, 3.491481338843134933E-15 ) ) ;
#3044 = EDGE_CURVE ( 'NONE', #83, #2928, #5457, .T. ) ;
#3045 = CARTESIAN_POINT ( 'NONE',  ( -0.03853511036402124112, 0.2155536490057445853, 0.03108284586197850724 ) ) ;
#3046 = EDGE_LOOP ( 'NONE', ( #3189, #2794, #1047, #1536 ) ) ;
#3047 = EDGE_CURVE ( 'NONE', #770, #4047, #2889, .T. ) ;
#3048 = FACE_OUTER_BOUND ( 'NONE', #3463, .T. ) ;
#3049 = DIRECTION ( 'NONE',  ( 0.000000000000000000, -1.000000000000000000, 3.491481338843134933E-15 ) ) ;
#3050 = ORIENTED_EDGE ( 'NONE', *, *, #5124, .F. ) ;
#3051 = CARTESIAN_POINT ( 'NONE',  ( -0.04085966922767377690, 0.2240838327327791257, 0.07221932904291318567 ) ) ;
#3052 = DIRECTION ( 'NONE',  ( 1.000000000000000000, -3.200000000000007822E-14, -2.099999999999999887E-14 ) ) ;
#3053 = CARTESIAN_POINT ( 'NONE',  ( -0.02609774249628226198, 0.1391100794519391504, 0.07953898098657292970 ) ) ;
#3054 = ORIENTED_EDGE ( 'NONE', *, *, #2398, .F. ) ;
#3055 = CARTESIAN_POINT ( 'NONE',  ( -0.03026557783878931415, 0.1627321266960332913, 0.01376286286649610474 ) ) ;
#3056 = DIRECTION ( 'NONE',  ( -2.099999999999999887E-14, -3.491481338842462824E-15, -1.000000000000000000 ) ) ;
#3057 = PLANE ( 'NONE',  #2348 ) ;
#3058 = CARTESIAN_POINT ( 'NONE',  ( -0.03937569613812913483, 0.07086614173230511293, 0.03540981758141917984 ) ) ;
#3059 = CARTESIAN_POINT ( 'NONE',  ( -0.01550365110739785474, 0.1650287146225425383, 0.02108251481015535264 ) ) ;
#3060 = ORIENTED_EDGE ( 'NONE', *, *, #3776, .F. ) ;
#3061 = VECTOR ( 'NONE', #1972, 39.37007874015748143 ) ;
#3062 = CARTESIAN_POINT ( 'NONE',  ( 0.2735059582662649480, 0.1812942532602393741, -0.03264164038385811151 ) ) ;
#3063 = CARTESIAN_POINT ( 'NONE',  ( -0.03173592599414968435, -0.02952749408851984905, -0.07088939501700945722 ) ) ;
#3064 = EDGE_LOOP ( 'NONE', ( #5190, #6200, #6533, #824 ) ) ;
#3065 = PLANE ( 'NONE',  #2737 ) ;
#3066 = VECTOR ( 'NONE', #5321, 39.37007874015748143 ) ;
#3067 = EDGE_CURVE ( 'NONE', #2454, #4149, #871, .T. ) ;
#3068 = DIRECTION ( 'NONE',  ( 2.099999999999999887E-14, 3.491481338843134933E-15, 1.000000000000000000 ) ) ;
#3069 = AXIS2_PLACEMENT_3D ( 'NONE', #2821, #4382, #1810 ) ;
#3070 = VERTEX_POINT ( 'NONE', #3388 ) ;
#3071 = CARTESIAN_POINT ( 'NONE',  ( -0.1594544362955551409, 0.1751968503937112731, 0.1338350144317948798 ) ) ;
#3072 = EDGE_CURVE ( 'NONE', #4268, #3994, #2986, .T. ) ;
#3073 = ORIENTED_EDGE ( 'NONE', *, *, #1721, .F. ) ;
#3074 = LINE ( 'NONE', #4691, #1363 ) ;
#3075 = CIRCLE ( 'NONE', #4042, 0.04282706631352100474 ) ;
#3076 = ADVANCED_FACE ( 'NONE', ( #3900 ), #6519, .F. ) ;
#3077 = CARTESIAN_POINT ( 'NONE',  ( 0.001342193295246887907, 0.1719184784020703349, 0.06129022581385256546 ) ) ;
#3078 = EDGE_LOOP ( 'NONE', ( #4154, #4718, #2686, #4698 ) ) ;
#3079 = VECTOR ( 'NONE', #48, 39.37007874015748143 ) ;
#3080 = LINE ( 'NONE', #5710, #4932 ) ;
#3081 = DIRECTION ( 'NONE',  ( -1.000000000000000000, 1.431507348925684052E-28, 4.100000000000000200E-14 ) ) ;
#3082 = LINE ( 'NONE', #2572, #1146 ) ;
#3083 = ORIENTED_EDGE ( 'NONE', *, *, #145, .F. ) ;
#3084 = LINE ( 'NONE', #525, #3739 ) ;
#3085 = CARTESIAN_POINT ( 'NONE',  ( -0.04085966922767377690, 0.1689657224965586402, 0.07221932904291337996 ) ) ;
#3086 = ORIENTED_EDGE ( 'NONE', *, *, #3274, .T. ) ;
#3087 = CARTESIAN_POINT ( 'NONE',  ( 0.0003002344596201086545, 0.2247400007117814902, 0.04484619628383316320 ) ) ;
#3088 = VECTOR ( 'NONE', #2687, 39.37007874015748143 ) ;
#3089 = LINE ( 'NONE', #1097, #1868 ) ;
#3090 = CARTESIAN_POINT ( 'NONE',  ( -0.08071427881529862070, -0.09125785776261556570, 0.05115784907748354565 ) ) ;
#3091 = EDGE_CURVE ( 'NONE', #560, #1157, #505, .T. ) ;
#3092 = CARTESIAN_POINT ( 'NONE',  ( -0.01503261620223423495, -0.03543300589955476060, -0.04726734777295692885 ) ) ;
#3093 = CARTESIAN_POINT ( 'NONE',  ( -0.01237777460051775469, 0.1742150663285797485, 0.07041460340021260533 ) ) ;
#3094 = ORIENTED_EDGE ( 'NONE', *, *, #4886, .T. ) ;
#3095 = AXIS2_PLACEMENT_3D ( 'NONE', #1416, #4016, #2935 ) ;
#3096 = VECTOR ( 'NONE', #5184, 39.37007874015748143 ) ;
#3097 = LINE ( 'NONE', #534, #1467 ) ;
#3098 = EDGE_LOOP ( 'NONE', ( #6467, #3086, #873, #2089 ) ) ;
#3099 = FACE_OUTER_BOUND ( 'NONE', #2853, .T. ) ;
#3100 = EDGE_LOOP ( 'NONE', ( #6281, #1683, #5545, #1613 ) ) ;
#3101 = AXIS2_PLACEMENT_3D ( 'NONE', #2299, #2712, #5879 ) ;
#3102 = CARTESIAN_POINT ( 'NONE',  ( -0.2010286759587376348, 0.1812112972432555758, 0.1188612586258169929 ) ) ;
#3103 = VECTOR ( 'NONE', #774, 39.37007874015748143 ) ;
#3104 = ORIENTED_EDGE ( 'NONE', *, *, #4103, .F. ) ;
#3105 = EDGE_CURVE ( 'NONE', #1135, #679, #5340, .T. ) ;
#3106 = CARTESIAN_POINT ( 'NONE',  ( 0.2675295181064263894, 0.1652358356420011720, -0.04726734777295763662 ) ) ;
#3107 = ORIENTED_EDGE ( 'NONE', *, *, #4400, .T. ) ;
#3108 = LINE ( 'NONE', #42, #4171 ) ;
#3109 = CARTESIAN_POINT ( 'NONE',  ( -0.03026557783878931415, 0.1627321266960332913, 0.01376286286649610474 ) ) ;
#3110 = ORIENTED_EDGE ( 'NONE', *, *, #5253, .T. ) ;
#3111 = ADVANCED_FACE ( 'NONE', ( #933 ), #900, .F. ) ;
#3112 = CYLINDRICAL_SURFACE ( 'NONE', #618, 0.01968503937008531449 ) ;
#3113 = DIRECTION ( 'NONE',  ( -3.200000000000000249E-14, -1.000000000000000000, 3.491481338843134933E-15 ) ) ;
#3114 = ORIENTED_EDGE ( 'NONE', *, *, #891, .T. ) ;
#3115 = CARTESIAN_POINT ( 'NONE',  ( -0.04398554573455393940, 0.2057111293207055103, 0.02288724045285602665 ) ) ;
#3116 = CARTESIAN_POINT ( 'NONE',  ( -0.1820449620185704831, -0.1123849554454065119, 0.01770268064204655670 ) ) ;
#3117 = CARTESIAN_POINT ( 'NONE',  ( -0.04398554573455393940, 0.09547490884826437263, 0.02288724045285641870 ) ) ;
#3118 = EDGE_CURVE ( 'NONE', #5141, #3668, #432, .T. ) ;
#3119 = ORIENTED_EDGE ( 'NONE', *, *, #3335, .F. ) ;
#3120 = CARTESIAN_POINT ( 'NONE',  ( -0.03026557783878931415, 0.2178502369322539711, 0.01376286286649589831 ) ) ;
#3121 = DIRECTION ( 'NONE',  ( 1.000000000000000000, -1.431507348925684052E-28, -4.100000000000000200E-14 ) ) ;
#3122 = LINE ( 'NONE', #1691, #6325 ) ;
#3123 = CARTESIAN_POINT ( 'NONE',  ( 0.1259786345705315169, -3.278217592397113890E-15, 0.03540981758141594632 ) ) ;
#3124 = CARTESIAN_POINT ( 'NONE',  ( 0.2510416037221567809, 0.1890887369320652933, 0.1537740654161182940 ) ) ;
#3125 = ORIENTED_EDGE ( 'NONE', *, *, #2209, .T. ) ;
#3126 = LINE ( 'NONE', #2613, #1041 ) ;
#3127 = ORIENTED_EDGE ( 'NONE', *, *, #4447, .T. ) ;
#3128 = EDGE_CURVE ( 'NONE', #1749, #5370, #4512, .T. ) ;
#3129 = DIRECTION ( 'NONE',  ( 0.000000000000000000, 3.337232330195356641E-15, 1.000000000000000000 ) ) ;
#3130 = VERTEX_POINT ( 'NONE', #5486 ) ;
#3131 = EDGE_CURVE ( 'NONE', #2375, #1695, #1788, .T. ) ;
#3132 = CARTESIAN_POINT ( 'NONE',  ( -0.04843923578590779433, -0.03543300589955646063, -0.07088939501700945722 ) ) ;
#3133 = CARTESIAN_POINT ( 'NONE',  ( 0.2751912329957968417, -0.03937007874011121816, 0.01770268064204629996 ) ) ;
#3134 = VERTEX_POINT ( 'NONE', #4412 ) ;
#3135 = EDGE_LOOP ( 'NONE', ( #3647, #4832, #6128, #3466 ) ) ;
#3136 = LINE ( 'NONE', #4185, #2522 ) ;
#3137 = LINE ( 'NONE', #5128, #5688 ) ;
#3138 = EDGE_LOOP ( 'NONE', ( #5006, #4747, #5345, #3780 ) ) ;
#3139 = LINE ( 'NONE', #6296, #1903 ) ;
#3140 = CARTESIAN_POINT ( 'NONE',  ( -0.03853511036402124112, 0.2431127041238549946, 0.03108284586197845520 ) ) ;
#3141 = VERTEX_POINT ( 'NONE', #1938 ) ;
#3142 = PLANE ( 'NONE',  #1055 ) ;
#3143 = PLANE ( 'NONE',  #3728 ) ;
#3144 = ORIENTED_EDGE ( 'NONE', *, *, #6485, .T. ) ;
#3145 = CARTESIAN_POINT ( 'NONE',  ( -0.05666355479469196987, 0.2286770085857972590, 0.04845564756923481653 ) ) ;
#3146 = LINE ( 'NONE', #3720, #843 ) ;
#3147 = EDGE_CURVE ( 'NONE', #1127, #2616, #6046, .T. ) ;
#3148 = CARTESIAN_POINT ( 'NONE',  ( -0.04398554573455393940, 0.2057111293207055103, 0.02288724045285602665 ) ) ;
#3149 = ORIENTED_EDGE ( 'NONE', *, *, #4717, .F. ) ;
#3150 = CARTESIAN_POINT ( 'NONE',  ( -0.05562159595906518428, 0.2086638852262173160, 0.06489967709925403838 ) ) ;
#3151 = PRESENTATION_STYLE_ASSIGNMENT (( #3692 ) ) ;
#3152 = DIRECTION ( 'NONE',  ( 2.099999999999999887E-14, 3.491481338843134933E-15, 1.000000000000000000 ) ) ;
#3153 = CARTESIAN_POINT ( 'NONE',  ( -0.01401939056108515713, -0.02952749408851901639, 0.1574570616759005948 ) ) ;
#3154 = CARTESIAN_POINT ( 'NONE',  ( 0.2544834160836531023, 0.1800977605488116584, 0.1574570616758543540 ) ) ;
#3155 = EDGE_CURVE ( 'NONE', #6405, #5445, #4977, .T. ) ;
#3156 = ORIENTED_EDGE ( 'NONE', *, *, #520, .F. ) ;
#3157 = EDGE_CURVE ( 'NONE', #1440, #2876, #6557, .T. ) ;
#3158 = B_SPLINE_CURVE_WITH_KNOTS ( 'NONE', 3,
 ( #641, #4754, #506, #2560, #1541, #540 ),
 .UNSPECIFIED., .F., .F.,
 ( 4, 2, 4 ),
 ( 1.452876220365586142E-16, 0.0002790310162190831568, 0.0005580620324380210304 ),
 .UNSPECIFIED. ) ;
#3159 = LINE ( 'NONE', #3667, #3838 ) ;
#3160 = EDGE_LOOP ( 'NONE', ( #1609, #299, #5393, #6214, #4035, #5416 ) ) ;
#3161 = DIRECTION ( 'NONE',  ( 0.000000000000000000, 1.000000000000000000, -3.491481338843134933E-15 ) ) ;
#3162 = DIRECTION ( 'NONE',  ( -0.7014283973664512395, 0.7127399268793153109, 2.627004613787696002E-14 ) ) ;
#3163 = CARTESIAN_POINT ( 'NONE',  ( 0.1082620991375149722, 0.1751968503937112731, 0.1156537782555952659 ) ) ;
#3164 = DIRECTION ( 'NONE',  ( 4.131062417209784855E-14, 3.491481338843134933E-15, 1.000000000000000000 ) ) ;
#3165 = EDGE_LOOP ( 'NONE', ( #1089, #801, #6270, #3246 ) ) ;
#3166 = CIRCLE ( 'NONE', #5535, 0.04330708661416905747 ) ;
#3167 = VERTEX_POINT ( 'NONE', #6588 ) ;
#3168 = DIRECTION ( 'NONE',  ( -2.099999999999999887E-14, -3.491481338843134933E-15, -1.000000000000000000 ) ) ;
#3169 = VERTEX_POINT ( 'NONE', #2403 ) ;
#3170 = DIRECTION ( 'NONE',  ( 1.000000000000000000, 0.000000000000000000, 0.000000000000000000 ) ) ;
#3171 = PRESENTATION_LAYER_ASSIGNMENT (  '', '', ( #4785 ) ) ;
#3172 = PLANE ( 'NONE',  #5675 ) ;
#3173 = ORIENTED_EDGE ( 'NONE', *, *, #6548, .T. ) ;
#3174 = VECTOR ( 'NONE', #3037, 39.37007874015748143 ) ;
#3175 = DIRECTION ( 'NONE',  ( 2.098838354815196063E-14, 3.491481338843135327E-15, 1.000000000000000000 ) ) ;
#3176 = CARTESIAN_POINT ( 'NONE',  ( 0.08834281416333052139, -0.02952749408851984905, -0.07088939501700945722 ) ) ;
#3177 = ORIENTED_EDGE ( 'NONE', *, *, #2612, .T. ) ;
#3178 = LINE ( 'NONE', #2061, #1578 ) ;
#3179 = CARTESIAN_POINT ( 'NONE',  ( -0.1758995891965433600, 0.1936205956005735418, 0.1485759942491733099 ) ) ;
#3180 = VECTOR ( 'NONE', #5942, 39.37007874015748143 ) ;
#3181 = CARTESIAN_POINT ( 'NONE',  ( -0.04085966922767377690, 0.1138476122603381963, 0.07221932904291357425 ) ) ;
#3182 = ORIENTED_EDGE ( 'NONE', *, *, #449, .F. ) ;
#3183 = CARTESIAN_POINT ( 'NONE',  ( -0.03026557783878931415, 0.2454092920503639919, 0.01376286286649580463 ) ) ;
#3184 = CARTESIAN_POINT ( 'NONE',  ( 0.1968447763028161601, 0.07086614173229861813, 0.05115784907747717575 ) ) ;
#3185 = DIRECTION ( 'NONE',  ( 0.000000000000000000, 1.000000000000000000, -3.491481338843134933E-15 ) ) ;
#3186 = CARTESIAN_POINT ( 'NONE',  ( 0.0003002344596201086545, 0.2522990558298917607, 0.04484619628383307299 ) ) ;
#3187 = VECTOR ( 'NONE', #6601, 39.37007874015748143 ) ;
#3188 = EDGE_CURVE ( 'NONE', #619, #5122, #1833, .T. ) ;
#3189 = ORIENTED_EDGE ( 'NONE', *, *, #1704, .T. ) ;
#3190 = CARTESIAN_POINT ( 'NONE',  ( 0.08660855583036969341, -3.619698591605149208E-15, -0.05514136352094543836 ) ) ;
#3191 = DIRECTION ( 'NONE',  ( -2.065531208604895267E-14, -3.491481338843134933E-15, -1.000000000000000000 ) ) ;
#3192 = ORIENTED_EDGE ( 'NONE', *, *, #3118, .F. ) ;
#3193 = CYLINDRICAL_SURFACE ( 'NONE', #3625, 0.02558115269038244502 ) ;
#3194 = AXIS2_PLACEMENT_3D ( 'NONE', #2144, #562, #4236 ) ;
#3195 = CARTESIAN_POINT ( 'NONE',  ( 0.2717767521131244091, 0.1771653543307547263, -0.03368633418161787185 ) ) ;
#3196 = LINE ( 'NONE', #1702, #1235 ) ;
#3197 = ADVANCED_FACE ( 'NONE', ( #4471 ), #3998, .F. ) ;
#3198 = VECTOR ( 'NONE', #1784, 39.37007874015748143 ) ;
#3199 = VECTOR ( 'NONE', #4651, 39.37007874015748143 ) ;
#3200 = CARTESIAN_POINT ( 'NONE',  ( -0.05770551363031868608, 0.1758554862760858262, 0.03201161803921593468 ) ) ;
#3201 = CARTESIAN_POINT ( 'NONE',  ( 0.2675295181064263894, 0.03937007874020354709, -0.04726734777295716478 ) ) ;
#3202 = VECTOR ( 'NONE', #4494, 39.37007874015748143 ) ;
#3203 = VECTOR ( 'NONE', #5644, 39.37007874015748143 ) ;
#3204 = ORIENTED_EDGE ( 'NONE', *, *, #1498, .T. ) ;
#3205 = LINE ( 'NONE', #4215, #3816 ) ;
#3206 = VERTEX_POINT ( 'NONE', #5590 ) ;
#3207 = DIRECTION ( 'NONE',  ( 0.000000000000000000, -3.491481338843135327E-15, -1.000000000000000000 ) ) ;
#3208 = AXIS2_PLACEMENT_3D ( 'NONE', #4469, #6518, #1900 ) ;
#3209 = AXIS2_PLACEMENT_3D ( 'NONE', #4233, #59, #4772 ) ;
#3210 = ORIENTED_EDGE ( 'NONE', *, *, #4717, .T. ) ;
#3211 = ADVANCED_FACE ( 'NONE', ( #3023 ), #3270, .F. ) ;
#3212 = AXIS2_PLACEMENT_3D ( 'NONE', #760, #3319, #5914 ) ;
#3213 = AXIS2_PLACEMENT_3D ( 'NONE', #6374, #5967, #1750 ) ;
#3214 = DIRECTION ( 'NONE',  ( -4.100000000000000200E-14, -3.491481338843134933E-15, -1.000000000000000000 ) ) ;
#3215 = LINE ( 'NONE', #2699, #4045 ) ;
#3216 = ORIENTED_EDGE ( 'NONE', *, *, #5709, .T. ) ;
#3217 = CARTESIAN_POINT ( 'NONE',  ( 0.2558998944131157249, 0.1574803149606765762, 0.1298980065638159487 ) ) ;
#3218 = CARTESIAN_POINT ( 'NONE',  ( -0.01987603590582453367, 0.1276271398193927764, 0.02990053300728340649 ) ) ;
#3219 = ORIENTED_EDGE ( 'NONE', *, *, #2273, .T. ) ;
#3220 = CARTESIAN_POINT ( 'NONE',  ( -0.06788768398997997722, 0.1030208406067946170, 0.02696282295847143157 ) ) ;
#3221 = DIRECTION ( 'NONE',  ( 0.000000000000000000, 1.000000000000000000, -3.491481338843134933E-15 ) ) ;
#3222 = DIRECTION ( 'NONE',  ( 0.000000000000000000, -3.491481338843135327E-15, -1.000000000000000000 ) ) ;
#3223 = CARTESIAN_POINT ( 'NONE',  ( 0.2530242266195483203, 0.1832636175504415155, 0.1567731702202033450 ) ) ;
#3224 = ORIENTED_EDGE ( 'NONE', *, *, #4881, .F. ) ;
#3225 = FACE_OUTER_BOUND ( 'NONE', #3689, .T. ) ;
#3226 = DIRECTION ( 'NONE',  ( 3.200000000000000249E-14, 1.000000000000000000, -3.491481338843134933E-15 ) ) ;
#3227 = EDGE_LOOP ( 'NONE', ( #4360, #419, #6564, #3573 ) ) ;
#3228 = LINE ( 'NONE', #3734, #5140 ) ;
#3229 = EDGE_CURVE ( 'NONE', #672, #3389, #776, .T. ) ;
#3230 = FACE_OUTER_BOUND ( 'NONE', #2573, .T. ) ;
#3231 = DIRECTION ( 'NONE',  ( 2.537655020578940122E-13, -1.000000000000000000, 3.491481338843134933E-15 ) ) ;
#3232 = CARTESIAN_POINT ( 'NONE',  ( 0.2751912329957968417, 0.1771653543307555034, 0.1729682980780299084 ) ) ;
#3233 = ADVANCED_FACE ( 'NONE', ( #270, #2667 ), #4385, .F. ) ;
#3234 = EDGE_LOOP ( 'NONE', ( #2846, #2587, #2462, #5695 ) ) ;
#3235 = DIRECTION ( 'NONE',  ( -2.028035422500210049E-13, -1.000000000000000000, 3.491481338846720700E-15 ) ) ;
#3236 = EDGE_LOOP ( 'NONE', ( #2971, #2173, #121, #4544 ) ) ;
#3237 = CARTESIAN_POINT ( 'NONE',  ( -0.01181664102001756152, 0.03937007874015890224, 0.1417090301798439034 ) ) ;
#3238 = ADVANCED_FACE ( 'NONE', ( #1738 ), #1615, .F. ) ;
#3239 = CARTESIAN_POINT ( 'NONE',  ( -0.06648637496365107646, 0.2011179534676870995, 0.04907806035724060489 ) ) ;
#3240 = ORIENTED_EDGE ( 'NONE', *, *, #2555, .F. ) ;
#3241 = CARTESIAN_POINT ( 'NONE',  ( 0.2751912329957968417, -0.03937007874011079489, 0.1298980065638165593 ) ) ;
#3242 = VERTEX_POINT ( 'NONE', #3367 ) ;
#3243 = ORIENTED_EDGE ( 'NONE', *, *, #3623, .T. ) ;
#3244 = DIRECTION ( 'NONE',  ( 1.000000000000000000, -3.200000000000000249E-14, -2.099999999999999887E-14 ) ) ;
#3245 = CARTESIAN_POINT ( 'NONE',  ( -0.03853511036402124112, 0.09547490884826442814, 0.03108284586197897909 ) ) ;
#3246 = ORIENTED_EDGE ( 'NONE', *, *, #6536, .T. ) ;
#3247 = EDGE_CURVE ( 'NONE', #1215, #2636, #5857, .T. ) ;
#3248 = CARTESIAN_POINT ( 'NONE',  ( -0.04943598110508647114, 0.1053174285333037113, 0.01469163504373395025 ) ) ;
#3249 = PLANE ( 'NONE',  #924 ) ;
#3250 = CARTESIAN_POINT ( 'NONE',  ( -0.1801599924812729847, 0.1800977605487319722, -0.07088939501705616986 ) ) ;
#3251 = ORIENTED_EDGE ( 'NONE', *, *, #6060, .T. ) ;
#3252 = DIRECTION ( 'NONE',  ( -2.099999999999999887E-14, -3.491481338843134933E-15, -1.000000000000000000 ) ) ;
#3253 = LINE ( 'NONE', #5248, #4610 ) ;
#3254 = LINE ( 'NONE', #3869, #4700 ) ;
#3255 = EDGE_LOOP ( 'NONE', ( #716, #349, #5781, #5769 ) ) ;
#3256 = CARTESIAN_POINT ( 'NONE',  ( 0.2558998944131157249, -0.03937007874011079489, 0.1298980065638165593 ) ) ;
#3257 = CARTESIAN_POINT ( 'NONE',  ( -0.1816512612313759822, 0.1574803149606759933, -0.04333033989894229110 ) ) ;
#3258 = CARTESIAN_POINT ( 'NONE',  ( -0.03937569613812913483, 0.07086614173230532110, 0.05115784907748212318 ) ) ;
#3259 = DIRECTION ( 'NONE',  ( 1.000000000000000000, -1.431507348925684052E-28, -4.100000000000000200E-14 ) ) ;
#3260 = CYLINDRICAL_SURFACE ( 'NONE', #3619, 0.04282706631352103943 ) ;
#3261 = ORIENTED_EDGE ( 'NONE', *, *, #4258, .T. ) ;
#3262 = CARTESIAN_POINT ( 'NONE',  ( -0.08465128668925731015, 0.1751968503937112731, 0.1043074553766582813 ) ) ;
#3263 = ORIENTED_EDGE ( 'NONE', *, *, #458, .T. ) ;
#3264 = EDGE_CURVE ( 'NONE', #5605, #1253, #4733, .T. ) ;
#3265 = CARTESIAN_POINT ( 'NONE',  ( 0.01012305462857975707, 0.1873384259086316173, 0.04422378349582845036 ) ) ;
#3266 = AXIS2_PLACEMENT_3D ( 'NONE', #2408, #2546, #1468 ) ;
#3267 = EDGE_LOOP ( 'NONE', ( #6356, #2769, #4834, #6338 ) ) ;
#3268 = EDGE_CURVE ( 'NONE', #1478, #4941, #4165, .T. ) ;
#3269 = LINE ( 'NONE', #1681, #3424 ) ;
#3270 =( BOUNDED_SURFACE ( )  B_SPLINE_SURFACE ( 3, 2, ( 
 ( #2441, #5079, #5449, #6457, #3557, #582, #3117, #5651, #5618, #2605, #998, #4162, #2063, #5715, #3181, #2541, #4125, #4641, #553, #5684, #4701, #4574, #6618, #1030, #6246, #3053, #6144, #2136, #4197, #1093, #4608, #5173, #5109, #6213, #1623, #3585, #1066, #2635, #3085, #3688, #1596, #5144, #52, #1526, #490, #22, #3659, #5745, #6655, #2036, #1122, #526, #4666, #4098, #3148, #2004, #5204, #1558, #91, #2506, #4063, #2098, #2577, #5237, #6174, #6117, #1499, #3621, #2733, #1156, #1687, #1653, #2677 ),
 ( #217, #4836, #2259, #719, #4333, #622, #3245, #2192, #3818, #4740, #6306, #1719, #3722, #5780, #5273, #124, #6377, #150, #1216, #4259, #3218, #1753, #3786, #3759, #4227, #2163, #654, #5813, #2703, #3857, #1188, #4767, #2771, #5301, #5871, #185, #1251, #1288, #684, #2228, #4801, #5333, #5839, #2805, #6272, #4299, #6344, #4365, #3276, #3312, #249, #2292, #5372, #756, #4868, #6409, #1789, #5910, #3347, #3952, #5536, #6475, #422, #383, #5969, #2936, #2361, #5938, #860, #4498, #5036, #1319, #3377 ),
 ( #5437, #2838, #887, #6037, #3890, #6006, #1418, #2906, #2431, #348, #823, #4533, #6577, #2391, #4901, #4940, #6546, #1352, #1928, #287, #3986, #4997, #3474, #921, #2974, #2465, #5504, #1958, #5404, #3412, #322, #4018, #2327, #4428, #6508, #1822, #2875, #1853, #788, #6064, #3917, #1386, #5476, #4966, #1451, #1890, #4458, #4402, #6445, #3443, #4598, #4050, #82, #6643, #3045, #6204, #5070, #2126, #990, #6136, #5165, #1588, #44, #1547, #450, #2088, #3140, #2597, #5100, #3509, #5610, #2056, #4153 ),
 ( #3548, #2496, #4659, #6103, #2567, #482, #3650, #4632, #5707, #5576, #4564, #3610, #6608, #4189, #2028, #1084, #544, #2530, #5641, #1490, #4089, #1991, #962, #1518, #5196, #574, #3014, #2628, #516, #4693, #6237, #3109, #3577, #1019, #1056, #3077, #5133, #14, #4119, #6165, #5676, #745, #4855, #5894, #3297, #847, #3679, #3879, #2381, #117, #5459, #6363, #4887, #1277, #2793, #2279, #4350, #236, #2248, #2858, #2897, #1340, #5228, #6432, #4318, #3804, #6393, #1771, #2312, #3840, #3334, #5737, #5392 ) ),
 .UNSPECIFIED., .F., .F., .T. ) 
 B_SPLINE_SURFACE_WITH_KNOTS ( ( 4, 4 ),
 ( 3, 2, 2, 2, 2, 2, 2, 2, 2, 2, 2, 2, 2, 2, 2, 2, 2, 2, 2, 2, 2, 2, 2, 2, 2, 2, 2, 2, 2, 2, 2, 2, 2, 2, 2, 2, 3 ),
 ( 0.5000000000000000000, 1.000000000000000000 ),
 ( 0.000000000000000000, 0.02777777777777780052, 0.05555555555555560104, 0.08333333333333330095, 0.1111111111111110078, 0.1388888888888890061, 0.1666666666666665186, 0.1944444444444445030, 0.2222222222222219878, 0.2500000000000000000, 0.2777777777777780122, 0.3055555555555554692, 0.3333333333333335369, 0.3611111111111109939, 0.3888888888888890061, 0.4166666666666665186, 0.4444444444444444753, 0.4722222222222220434, 0.5000000000000000000, 0.5277777777777779011, 0.5555555555555560243, 0.5833333333333330373, 0.6111111111111110494, 0.6388888888888889506, 0.6666666666666670737, 0.6944444444444440867, 0.7222222222222219878, 0.7500000000000000000, 0.7777777777777779011, 0.8055555555555560243, 0.8333333333333330373, 0.8611111111111110494, 0.8888888888888889506, 0.9166666666666670737, 0.9444444444444440867, 0.9722222222222219878, 1.000000000000000000 ),
 .UNSPECIFIED. ) 
 GEOMETRIC_REPRESENTATION_ITEM ( )  RATIONAL_B_SPLINE_SURFACE ( (
 ( 1.000000000000000000, 0.8660254037844389297, 1.000000000000000000, 0.8660254037844389297, 1.000000000000000000, 0.8660254037844389297, 1.000000000000000000, 0.8660254037844389297, 1.000000000000000000, 0.8660254037844389297, 1.000000000000000000, 0.8660254037844389297, 1.000000000000000000, 0.8660254037844389297, 1.000000000000000000, 0.8660254037844389297, 1.000000000000000000, 0.8660254037844389297, 1.000000000000000000, 0.8660254037844389297, 1.000000000000000000, 0.8660254037844389297, 1.000000000000000000, 0.8660254037844389297, 1.000000000000000000, 0.8660254037844389297, 1.000000000000000000, 0.8660254037844389297, 1.000000000000000000, 0.8660254037844389297, 1.000000000000000000, 0.8660254037844389297, 1.000000000000000000, 0.8660254037844389297, 1.000000000000000000, 0.8660254037844389297, 1.000000000000000000, 0.8660254037844389297, 1.000000000000000000, 0.8660254037844389297, 1.000000000000000000, 0.8660254037844389297, 1.000000000000000000, 0.8660254037844389297, 1.000000000000000000, 0.8660254037844389297, 1.000000000000000000, 0.8660254037844389297, 1.000000000000000000, 0.8660254037844389297, 1.000000000000000000, 0.8660254037844389297, 1.000000000000000000, 0.8660254037844389297, 1.000000000000000000, 0.8660254037844389297, 1.000000000000000000, 0.8660254037844389297, 1.000000000000000000, 0.8660254037844389297, 1.000000000000000000, 0.8660254037844389297, 1.000000000000000000, 0.8660254037844389297, 1.000000000000000000, 0.8660254037844389297, 1.000000000000000000, 0.8660254037844389297, 1.000000000000000000, 0.8660254037844389297, 1.000000000000000000, 0.8660254037844389297, 1.000000000000000000),
 ( 0.3333333333333335369, 0.2886751345948129766, 0.3333333333333335369, 0.2886751345948129766, 0.3333333333333335369, 0.2886751345948129766, 0.3333333333333335369, 0.2886751345948129766, 0.3333333333333335369, 0.2886751345948129766, 0.3333333333333335369, 0.2886751345948129766, 0.3333333333333335369, 0.2886751345948129766, 0.3333333333333335369, 0.2886751345948129766, 0.3333333333333335369, 0.2886751345948129766, 0.3333333333333335369, 0.2886751345948129766, 0.3333333333333335369, 0.2886751345948129766, 0.3333333333333335369, 0.2886751345948129766, 0.3333333333333335369, 0.2886751345948129766, 0.3333333333333335369, 0.2886751345948129766, 0.3333333333333335369, 0.2886751345948129766, 0.3333333333333335369, 0.2886751345948129766, 0.3333333333333335369, 0.2886751345948129766, 0.3333333333333335369, 0.2886751345948129766, 0.3333333333333335369, 0.2886751345948129766, 0.3333333333333335369, 0.2886751345948129766, 0.3333333333333335369, 0.2886751345948129766, 0.3333333333333335369, 0.2886751345948129766, 0.3333333333333335369, 0.2886751345948129766, 0.3333333333333335369, 0.2886751345948129766, 0.3333333333333335369, 0.2886751345948129766, 0.3333333333333335369, 0.2886751345948129766, 0.3333333333333335369, 0.2886751345948129766, 0.3333333333333335369, 0.2886751345948129766, 0.3333333333333335369, 0.2886751345948129766, 0.3333333333333335369, 0.2886751345948129766, 0.3333333333333335369, 0.2886751345948129766, 0.3333333333333335369, 0.2886751345948129766, 0.3333333333333335369, 0.2886751345948129766, 0.3333333333333335369, 0.2886751345948129766, 0.3333333333333335369, 0.2886751345948129766, 0.3333333333333335369, 0.2886751345948129766, 0.3333333333333335369),
 ( 0.3333333333333335369, 0.2886751345948129766, 0.3333333333333335369, 0.2886751345948129766, 0.3333333333333335369, 0.2886751345948129766, 0.3333333333333335369, 0.2886751345948129766, 0.3333333333333335369, 0.2886751345948129766, 0.3333333333333335369, 0.2886751345948129766, 0.3333333333333335369, 0.2886751345948129766, 0.3333333333333335369, 0.2886751345948129766, 0.3333333333333335369, 0.2886751345948129766, 0.3333333333333335369, 0.2886751345948129766, 0.3333333333333335369, 0.2886751345948129766, 0.3333333333333335369, 0.2886751345948129766, 0.3333333333333335369, 0.2886751345948129766, 0.3333333333333335369, 0.2886751345948129766, 0.3333333333333335369, 0.2886751345948129766, 0.3333333333333335369, 0.2886751345948129766, 0.3333333333333335369, 0.2886751345948129766, 0.3333333333333335369, 0.2886751345948129766, 0.3333333333333335369, 0.2886751345948129766, 0.3333333333333335369, 0.2886751345948129766, 0.3333333333333335369, 0.2886751345948129766, 0.3333333333333335369, 0.2886751345948129766, 0.3333333333333335369, 0.2886751345948129766, 0.3333333333333335369, 0.2886751345948129766, 0.3333333333333335369, 0.2886751345948129766, 0.3333333333333335369, 0.2886751345948129766, 0.3333333333333335369, 0.2886751345948129766, 0.3333333333333335369, 0.2886751345948129766, 0.3333333333333335369, 0.2886751345948129766, 0.3333333333333335369, 0.2886751345948129766, 0.3333333333333335369, 0.2886751345948129766, 0.3333333333333335369, 0.2886751345948129766, 0.3333333333333335369, 0.2886751345948129766, 0.3333333333333335369, 0.2886751345948129766, 0.3333333333333335369, 0.2886751345948129766, 0.3333333333333335369, 0.2886751345948129766, 0.3333333333333335369),
 ( 1.000000000000000000, 0.8660254037844389297, 1.000000000000000000, 0.8660254037844389297, 1.000000000000000000, 0.8660254037844389297, 1.000000000000000000, 0.8660254037844389297, 1.000000000000000000, 0.8660254037844389297, 1.000000000000000000, 0.8660254037844389297, 1.000000000000000000, 0.8660254037844389297, 1.000000000000000000, 0.8660254037844389297, 1.000000000000000000, 0.8660254037844389297, 1.000000000000000000, 0.8660254037844389297, 1.000000000000000000, 0.8660254037844389297, 1.000000000000000000, 0.8660254037844389297, 1.000000000000000000, 0.8660254037844389297, 1.000000000000000000, 0.8660254037844389297, 1.000000000000000000, 0.8660254037844389297, 1.000000000000000000, 0.8660254037844389297, 1.000000000000000000, 0.8660254037844389297, 1.000000000000000000, 0.8660254037844389297, 1.000000000000000000, 0.8660254037844389297, 1.000000000000000000, 0.8660254037844389297, 1.000000000000000000, 0.8660254037844389297, 1.000000000000000000, 0.8660254037844389297, 1.000000000000000000, 0.8660254037844389297, 1.000000000000000000, 0.8660254037844389297, 1.000000000000000000, 0.8660254037844389297, 1.000000000000000000, 0.8660254037844389297, 1.000000000000000000, 0.8660254037844389297, 1.000000000000000000, 0.8660254037844389297, 1.000000000000000000, 0.8660254037844389297, 1.000000000000000000, 0.8660254037844389297, 1.000000000000000000, 0.8660254037844389297, 1.000000000000000000, 0.8660254037844389297, 1.000000000000000000, 0.8660254037844389297, 1.000000000000000000, 0.8660254037844389297, 1.000000000000000000, 0.8660254037844389297, 1.000000000000000000, 0.8660254037844389297, 1.000000000000000000) ) ) 
 REPRESENTATION_ITEM ( '' )  SURFACE ( )  );
#3271 = VERTEX_POINT ( 'NONE', #6466 ) ;
#3272 = CARTESIAN_POINT ( 'NONE',  ( 0.03739595740516948874, -0.1397637795275590566, 0.03540981758141831248 ) ) ;
#3273 = VECTOR ( 'NONE', #3221, 39.37007874015748143 ) ;
#3274 = EDGE_CURVE ( 'NONE', #3275, #5211, #5029, .T. ) ;
#3275 = VERTEX_POINT ( 'NONE', #4449 ) ;
#3276 = CARTESIAN_POINT ( 'NONE',  ( -0.01782820997105006786, 0.1919316017616500836, 0.06221899799109044393 ) ) ;
#3277 = ORIENTED_EDGE ( 'NONE', *, *, #2959, .F. ) ;
#3278 = CARTESIAN_POINT ( 'NONE',  ( 0.01152436365490823456, 0.2270365886382905429, 0.06633902089459731144 ) ) ;
#3279 = CIRCLE ( 'NONE', #1342, 0.04282706631352100474 ) ;
#3280 = PRESENTATION_STYLE_ASSIGNMENT (( #826 ) ) ;
#3281 = CARTESIAN_POINT ( 'NONE',  ( 0.2507213628876701073, 0.1902991893785235811, 0.1469116073910070597 ) ) ;
#3282 = CARTESIAN_POINT ( 'NONE',  ( -0.06890325519319248637, 0.2677165354330795499, 0.04525233726642115262 ) ) ;
#3283 = DIRECTION ( 'NONE',  ( -1.000000000000000000, 2.793421535665765038E-16, 2.099999999999999887E-14 ) ) ;
#3284 = ORIENTED_EDGE ( 'NONE', *, *, #4061, .T. ) ;
#3285 = VECTOR ( 'NONE', #5179, 39.37007874015748143 ) ;
#3286 = LINE ( 'NONE', #3190, #1158 ) ;
#3287 = LINE ( 'NONE', #4776, #1675 ) ;
#3288 = ORIENTED_EDGE ( 'NONE', *, *, #5744, .F. ) ;
#3289 = LINE ( 'NONE', #2271, #724 ) ;
#3290 = ORIENTED_EDGE ( 'NONE', *, *, #4228, .F. ) ;
#3291 = VECTOR ( 'NONE', #3164, 39.37007874015748143 ) ;
#3292 = LINE ( 'NONE', #1808, #476 ) ;
#3293 = CARTESIAN_POINT ( 'NONE',  ( 0.02361642984612027582, -1.024442997624098263E-15, 0.05115784907748110316 ) ) ;
#3294 = CARTESIAN_POINT ( 'NONE',  ( 0.2558998944129232123, 0.1574803149606759933, -0.04333033989894229110 ) ) ;
#3295 = VECTOR ( 'NONE', #2453, 39.37007874015748143 ) ;
#3296 = LINE ( 'NONE', #308, #1142 ) ;
#3297 = CARTESIAN_POINT ( 'NONE',  ( -0.01550365110739785474, 0.1925877697406527811, 0.02108251481015527978 ) ) ;
#3298 = ORIENTED_EDGE ( 'NONE', *, *, #4559, .F. ) ;
#3299 = VECTOR ( 'NONE', #1901, 39.37007874015748143 ) ;
#3300 = ORIENTED_EDGE ( 'NONE', *, *, #5426, .F. ) ;
#3301 = CARTESIAN_POINT ( 'NONE',  ( -0.01237777460051775469, 0.08169538128920945941, 0.07041460340021279962 ) ) ;
#3302 = DIRECTION ( 'NONE',  ( -0.6947768954075180803, -0.7192253232526581996, 3.099701450626830605E-14 ) ) ;
#3303 = VECTOR ( 'NONE', #5293, 39.37007874015748143 ) ;
#3304 = AXIS2_PLACEMENT_3D ( 'NONE', #5552, #2374, #1465 ) ;
#3305 = ORIENTED_EDGE ( 'NONE', *, *, #2365, .T. ) ;
#3306 = ADVANCED_FACE ( 'NONE', ( #1114 ), #3172, .F. ) ;
#3307 = DIRECTION ( 'NONE',  ( 1.000000000000000000, 0.000000000000000000, 0.000000000000000000 ) ) ;
#3308 = CIRCLE ( 'NONE', #1264, 0.01377952755905360177 ) ;
#3309 = ORIENTED_EDGE ( 'NONE', *, *, #5131, .T. ) ;
#3310 = AXIS2_PLACEMENT_3D ( 'NONE', #76, #6327, #700 ) ;
#3311 = ORIENTED_EDGE ( 'NONE', *, *, #5832, .T. ) ;
#3312 = CARTESIAN_POINT ( 'NONE',  ( -0.02681644287768620433, 0.1942281896881595249, 0.06819656524907254103 ) ) ;
#3313 = ORIENTED_EDGE ( 'NONE', *, *, #5861, .F. ) ;
#3314 = AXIS2_PLACEMENT_3D ( 'NONE', #1503, #1973, #3560 ) ;
#3315 = CARTESIAN_POINT ( 'NONE',  ( -0.04523205402610042808, 0.1236901319453774795, 0.08103734724004141299 ) ) ;
#3316 = VECTOR ( 'NONE', #3321, 39.37007874015748143 ) ;
#3317 = EDGE_CURVE ( 'NONE', #3873, #4642, #1979, .T. ) ;
#3318 = CARTESIAN_POINT ( 'NONE',  ( -0.1987934560542176654, 0.1881549127290511603, 0.1194036094722392555 ) ) ;
#3319 = DIRECTION ( 'NONE',  ( -4.100000000000000200E-14, -3.491481338843134933E-15, -1.000000000000000000 ) ) ;
#3320 = DIRECTION ( 'NONE',  ( 1.000000000000000000, -3.221629312528710885E-14, -2.106449935114926299E-14 ) ) ;
#3321 = DIRECTION ( 'NONE',  ( 1.000000000000000000, -5.566118461309930445E-15, -2.099999999999999887E-14 ) ) ;
#3322 = VERTEX_POINT ( 'NONE', #6597 ) ;
#3323 = FACE_OUTER_BOUND ( 'NONE', #3826, .T. ) ;
#3324 = ADVANCED_FACE ( 'NONE', ( #3535 ), #371, .F. ) ;
#3325 = PLANE ( 'NONE',  #2124 ) ;
#3326 = CARTESIAN_POINT ( 'NONE',  ( -0.1980992383882562990, 0.1771653543307550871, 0.1198551626364519757 ) ) ;
#3327 = EDGE_LOOP ( 'NONE', ( #569, #991, #4867, #5933, #423, #2655, #3522, #5652 ) ) ;
#3328 = DIRECTION ( 'NONE',  ( -2.065531208604895267E-14, -3.491481338843134933E-15, -1.000000000000000000 ) ) ;
#3329 = ORIENTED_EDGE ( 'NONE', *, *, #3067, .T. ) ;
#3330 = CARTESIAN_POINT ( 'NONE',  ( 0.2548871871754354590, 0.1968503937008331817, 0.1377720223057799509 ) ) ;
#3331 = CARTESIAN_POINT ( 'NONE',  ( 0.1141676109484856261, 0.07086614173230078306, 0.03540981758141594632 ) ) ;
#3332 = CARTESIAN_POINT ( 'NONE',  ( -0.08465128668925590849, 0.1614173228346534039, 0.1338350144317773383 ) ) ;
#3333 = EDGE_CURVE ( 'NONE', #548, #4453, #1373, .T. ) ;
#3334 = CARTESIAN_POINT ( 'NONE',  ( 0.0003002344596201086545, 0.2522990558298917607, 0.04484619628383307299 ) ) ;
#3335 = EDGE_CURVE ( 'NONE', #2957, #1486, #2086, .T. ) ;
#3336 = VERTEX_POINT ( 'NONE', #1948 ) ;
#3337 = DIRECTION ( 'NONE',  ( 1.000000000000000000, 0.000000000000000000, 0.000000000000000000 ) ) ;
#3338 = ORIENTED_EDGE ( 'NONE', *, *, #4681, .T. ) ;
#3339 = CARTESIAN_POINT ( 'NONE',  ( -0.02609774249628226198, 0.08399196921571866481, 0.07953898098657313787 ) ) ;
#3340 = EDGE_CURVE ( 'NONE', #3844, #3359, #3433, .T. ) ;
#3341 = LINE ( 'NONE', #4892, #2863 ) ;
#3342 = VERTEX_POINT ( 'NONE', #6531 ) ;
#3343 = CARTESIAN_POINT ( 'NONE',  ( -0.003942625271986937262, 0.07086614173230511293, 0.03540981758141843044 ) ) ;
#3344 = ORIENTED_EDGE ( 'NONE', *, *, #2603, .F. ) ;
#3345 = LINE ( 'NONE', #2360, #6115 ) ;
#3346 = ORIENTED_EDGE ( 'NONE', *, *, #4450, .T. ) ;
#3347 = CARTESIAN_POINT ( 'NONE',  ( -0.009522585709339104892, 0.2148974810267419988, 0.04546860907183875034 ) ) ;
#3348 = EDGE_LOOP ( 'NONE', ( #2242, #4991, #3119, #3009, #696, #3251 ) ) ;
#3349 = CARTESIAN_POINT ( 'NONE',  ( -0.06788768398997997722, 0.2132570610792354215, 0.02696282295847109503 ) ) ;
#3350 = SURFACE_STYLE_FILL_AREA ( #2039 ) ;
#3351 = PLANE ( 'NONE',  #518 ) ;
#3352 = FACE_OUTER_BOUND ( 'NONE', #2193, .T. ) ;
#3353 = SURFACE_SIDE_STYLE ('',( #2297 ) ) ;
#3354 = VERTEX_POINT ( 'NONE', #1008 ) ;
#3355 = DIRECTION ( 'NONE',  ( 1.000000000000000000, -1.844397018054724620E-16, 6.439677769955990650E-31 ) ) ;
#3356 = EDGE_CURVE ( 'NONE', #3792, #3668, #3496, .T. ) ;
#3357 = LINE ( 'NONE', #2948, #4936 ) ;
#3358 = CARTESIAN_POINT ( 'NONE',  ( 0.1692857211847393906, -0.1397637795275446793, 0.05115784907747850802 ) ) ;
#3359 = VERTEX_POINT ( 'NONE', #3034 ) ;
#3360 = CARTESIAN_POINT ( 'NONE',  ( 0.02361642984611590779, -0.1397637795275590566, 0.03540981758141859004 ) ) ;
#3361 = DIRECTION ( 'NONE',  ( 1.000000000000000000, -2.793421535665765038E-16, -2.098838354815195116E-14 ) ) ;
#3362 = EDGE_CURVE ( 'NONE', #172, #665, #5089, .T. ) ;
#3363 = CARTESIAN_POINT ( 'NONE',  ( -0.1220528614924594468, 0.07086614173228995839, 0.05115784907748385790 ) ) ;
#3364 = DIRECTION ( 'NONE',  ( 0.000000000000000000, -1.000000000000000000, 3.491481338843134933E-15 ) ) ;
#3365 = EDGE_CURVE ( 'NONE', #1780, #1730, #4484, .T. ) ;
#3366 = CARTESIAN_POINT ( 'NONE',  ( -0.05666355479469196987, 0.2011179534676870162, 0.04845564756923488592 ) ) ;
#3367 = CARTESIAN_POINT ( 'NONE',  ( -0.01503261620223423495, -0.03543300589955290791, 0.1338350144317694834 ) ) ;
#3368 = CARTESIAN_POINT ( 'NONE',  ( 0.1082620991435576802, 0.1614173228351679368, 147.4997545267482337 ) ) ;
#3369 = CARTESIAN_POINT ( 'NONE',  ( -0.05562159595906518428, 0.08858514506873682581, 0.06489967709925448247 ) ) ;
#3370 = CARTESIAN_POINT ( 'NONE',  ( -0.08605545723604902941, 0.2440566820924889579, 0.1043074553766578927 ) ) ;
#3371 = VERTEX_POINT ( 'NONE', #1877 ) ;
#3372 = ADVANCED_FACE ( 'NONE', ( #5561 ), #1477, .F. ) ;
#3373 = CARTESIAN_POINT ( 'NONE',  ( 0.07873454008234349877, 0.07086614173230315616, 0.05115784907747968069 ) ) ;
#3374 = EDGE_LOOP ( 'NONE', ( #4842, #651, #5814, #5886 ) ) ;
#3375 = DIRECTION ( 'NONE',  ( -1.000000000000000000, 5.008758494498320315E-14, -1.748798681431289987E-28 ) ) ;
#3376 = ORIENTED_EDGE ( 'NONE', *, *, #4821, .F. ) ;
#3377 = CARTESIAN_POINT ( 'NONE',  ( -0.01782820997105006786, 0.2470497119978709855, 0.06221899799109031903 ) ) ;
#3378 = ORIENTED_EDGE ( 'NONE', *, *, #34, .T. ) ;
#3379 = CARTESIAN_POINT ( 'NONE',  ( -0.04943598110508647114, 0.1781520742025951565, 0.01469163504373369004 ) ) ;
#3380 = VECTOR ( 'NONE', #1641, 39.37007874015748143 ) ;
#3381 = CARTESIAN_POINT ( 'NONE',  ( 0.009060520035959390706, 0.3425196850393807391, 0.3798980065577472476 ) ) ;
#3382 = DIRECTION ( 'NONE',  ( -4.100000000000000200E-14, -3.491481338843134933E-15, -1.000000000000000000 ) ) ;
#3383 = CARTESIAN_POINT ( 'NONE',  ( -0.01181664102001756152, 0.03937007874015905490, 0.1535200538018911542 ) ) ;
#3384 = VERTEX_POINT ( 'NONE', #2517 ) ;
#3385 = CARTESIAN_POINT ( 'NONE',  ( -0.05770551363031844322, 0.09317832092175523662, 0.03201161803921660776 ) ) ;
#3386 = LINE ( 'NONE', #2917, #4719 ) ;
#3387 = VECTOR ( 'NONE', #203, 39.37007874015748143 ) ;
#3388 = CARTESIAN_POINT ( 'NONE',  ( -0.1805637635731896229, 0.1968503937008324600, -0.05120435564699572090 ) ) ;
#3389 = VERTEX_POINT ( 'NONE', #4585 ) ;
#3390 = FACE_OUTER_BOUND ( 'NONE', #5523, .T. ) ;
#3391 = ORIENTED_EDGE ( 'NONE', *, *, #4515, .T. ) ;
#3392 = EDGE_CURVE ( 'NONE', #6575, #545, #6026, .T. ) ;
#3393 = DIRECTION ( 'NONE',  ( 3.200000000000000249E-14, 1.000000000000000000, -3.491481338843134933E-15 ) ) ;
#3394 = FACE_OUTER_BOUND ( 'NONE', #5325, .T. ) ;
#3395 = CARTESIAN_POINT ( 'NONE',  ( -0.1006335637894395785, 0.007874015748078231139, 0.1574570616759004282 ) ) ;
#3396 = AXIS2_PLACEMENT_3D ( 'NONE', #5889, #5853, #1233 ) ;
#3397 = CARTESIAN_POINT ( 'NONE',  ( 0.1237758850294596452, 0.007874015748077540719, -0.04726734777295708151 ) ) ;
#3398 = DIRECTION ( 'NONE',  ( 1.000000000000000000, 0.000000000000000000, 0.000000000000000000 ) ) ;
#3399 = VECTOR ( 'NONE', #2681, 39.37007874015748143 ) ;
#3400 = EDGE_CURVE ( 'NONE', #2568, #3389, #3937, .T. ) ;
#3401 = ORIENTED_EDGE ( 'NONE', *, *, #984, .T. ) ;
#3402 = CARTESIAN_POINT ( 'NONE',  ( -0.1006335637894395785, 0.007874015748077421023, -0.07088939501700965151 ) ) ;
#3403 = AXIS2_PLACEMENT_3D ( 'NONE', #5566, #5065, #444 ) ;
#3404 = PLANE ( 'NONE',  #1348 ) ;
#3405 = VECTOR ( 'NONE', #2372, 39.37007874015748143 ) ;
#3406 = LINE ( 'NONE', #5570, #6218 ) ;
#3407 = ORIENTED_EDGE ( 'NONE', *, *, #1379, .T. ) ;
#3408 = CARTESIAN_POINT ( 'NONE',  ( 0.08834281416333052139, -0.02952749408851968599, -0.04726734777295692885 ) ) ;
#3409 = VECTOR ( 'NONE', #3021, 39.37007874015748143 ) ;
#3410 = VECTOR ( 'NONE', #3797, 39.37007874015748143 ) ;
#3411 = ADVANCED_FACE ( 'NONE', ( #2554 ), #2013, .F. ) ;
#3412 = CARTESIAN_POINT ( 'NONE',  ( -0.04752334327065738107, 0.1581389508430149360, 0.03706041311996079862 ) ) ;
#3413 = ORIENTED_EDGE ( 'NONE', *, *, #6158, .T. ) ;
#3414 = CARTESIAN_POINT ( 'NONE',  ( -0.04943598110508647114, 0.2431127041238549946, 0.01469163504373345239 ) ) ;
#3415 = VECTOR ( 'NONE', #3519, 39.37007874015748143 ) ;
#3416 = AXIS2_PLACEMENT_3D ( 'NONE', #6387, #2205, #2243 ) ;
#3417 = DIRECTION ( 'NONE',  ( -1.000000000000000000, 7.211763669642101182E-29, 2.065531208604895267E-14 ) ) ;
#3418 = LINE ( 'NONE', #1061, #4916 ) ;
#3419 = DIRECTION ( 'NONE',  ( 0.000000000000000000, 3.491481338843134933E-15, 1.000000000000000000 ) ) ;
#3420 = ORIENTED_EDGE ( 'NONE', *, *, #5064, .F. ) ;
#3421 = CARTESIAN_POINT ( 'NONE',  ( 0.02361642984612027582, -1.024442997624098263E-15, 0.05115784907748110316 ) ) ;
#3422 = AXIS2_PLACEMENT_3D ( 'NONE', #5008, #4510, #6556 ) ;
#3423 = PLANE ( 'NONE',  #2663 ) ;
#3424 = VECTOR ( 'NONE', #5328, 39.37007874015748143 ) ;
#3425 = CARTESIAN_POINT ( 'NONE',  ( -0.2182525716154196660, 0.1999753174074629936, 0.1338350144318078694 ) ) ;
#3426 = ORIENTED_EDGE ( 'NONE', *, *, #3746, .T. ) ;
#3427 = CARTESIAN_POINT ( 'NONE',  ( -0.1003993181853797406, 2.936736593189082516E-15, -0.05514136352094150401 ) ) ;
#3428 = EDGE_LOOP ( 'NONE', ( #2982, #132, #4687, #3982 ) ) ;
#3429 = CARTESIAN_POINT ( 'NONE',  ( -0.02559616857902342543, 0.04724409448819574114, 0.04525233726642015342 ) ) ;
#3430 = CYLINDRICAL_SURFACE ( 'NONE', #3497, 0.02558115269038244155 ) ;
#3431 = DIRECTION ( 'NONE',  ( 2.099999999999999887E-14, 3.491481338843134933E-15, 1.000000000000000000 ) ) ;
#3432 = DIRECTION ( 'NONE',  ( -2.099999999999999887E-14, -3.491481338842462824E-15, -1.000000000000000000 ) ) ;
#3433 = LINE ( 'NONE', #5601, #838 ) ;
#3434 = ORIENTED_EDGE ( 'NONE', *, *, #4742, .T. ) ;
#3435 = DIRECTION ( 'NONE',  ( 1.000000000000000000, -1.431507348925684052E-28, -4.100000000000000200E-14 ) ) ;
#3436 = EDGE_CURVE ( 'NONE', #5804, #2625, #4522, .T. ) ;
#3437 = LINE ( 'NONE', #2930, #6299 ) ;
#3438 = VERTEX_POINT ( 'NONE', #945 ) ;
#3439 = DIRECTION ( 'NONE',  ( 1.000000000000000000, 0.000000000000000000, 0.000000000000000000 ) ) ;
#3440 = EDGE_CURVE ( 'NONE', #4998, #3130, #1679, .T. ) ;
#3441 = ORIENTED_EDGE ( 'NONE', *, *, #599, .T. ) ;
#3442 = FACE_OUTER_BOUND ( 'NONE', #2324, .T. ) ;
#3443 = CARTESIAN_POINT ( 'NONE',  ( -0.02681644287768620433, 0.2040707093731987110, 0.06819656524907238837 ) ) ;
#3444 = ORIENTED_EDGE ( 'NONE', *, *, #4244, .T. ) ;
#3445 = CARTESIAN_POINT ( 'NONE',  ( -0.06508506593732280021, 0.1437032553049573669, 0.07119329775600952148 ) ) ;
#3446 = DIRECTION ( 'NONE',  ( -3.200000000000000249E-14, -1.000000000000000000, 3.491481338843134933E-15 ) ) ;
#3447 = CARTESIAN_POINT ( 'NONE',  ( -0.01237777460051775469, 0.2470497119978709022, 0.07041460340021220288 ) ) ;
#3448 = DIRECTION ( 'NONE',  ( 0.000000000000000000, 0.000000000000000000, 1.000000000000000000 ) ) ;
#3449 = EDGE_CURVE ( 'NONE', #922, #1419, #1474, .T. ) ;
#3450 = DIRECTION ( 'NONE',  ( 4.100000000000000200E-14, 8.573022390369880337E-14, 1.000000000000000000 ) ) ;
#3451 = FACE_OUTER_BOUND ( 'NONE', #3064, .T. ) ;
#3452 = ORIENTED_EDGE ( 'NONE', *, *, #396, .T. ) ;
#3453 = CARTESIAN_POINT ( 'NONE',  ( -0.0007417243760064197141, 0.1023646726277920443, 0.02840216675381489544 ) ) ;
#3454 = FACE_OUTER_BOUND ( 'NONE', #5191, .T. ) ;
#3455 = DIRECTION ( 'NONE',  ( -4.100000000000000200E-14, -3.491481338843134933E-15, -1.000000000000000000 ) ) ;
#3456 = ORIENTED_EDGE ( 'NONE', *, *, #6449, .F. ) ;
#3457 = FACE_OUTER_BOUND ( 'NONE', #4968, .T. ) ;
#3458 = CARTESIAN_POINT ( 'NONE',  ( -0.08511977789730709731, 0.1968503937008335147, -0.02167679659181448448 ) ) ;
#3459 = CARTESIAN_POINT ( 'NONE',  ( 0.2675295181064263894, 0.03937007874020417159, 0.1338350144317690948 ) ) ;
#3460 = ADVANCED_FACE ( 'NONE', ( #501 ), #5, .T. ) ;
#3461 = CARTESIAN_POINT ( 'NONE',  ( 0.2558998944131157249, -0.03937007874011102387, 0.06886498602283307180 ) ) ;
#3462 = CARTESIAN_POINT ( 'NONE',  ( -0.1594544362955578887, 0.1259842519685110407, 0.06887438451052933786 ) ) ;
#3463 = EDGE_LOOP ( 'NONE', ( #3261, #1464, #410, #3420, #3593, #4158, #6602, #229, #6333, #5251, #6386, #4507, #2328, #1580, #5292, #4660, #5662, #1101, #3456, #3472 ) ) ;
#3464 = EDGE_LOOP ( 'NONE', ( #5302, #2868, #2473, #999 ) ) ;
#3465 = DIRECTION ( 'NONE',  ( 2.793421535665029918E-16, 1.000000000000000000, -3.491481338842465190E-15 ) ) ;
#3466 = ORIENTED_EDGE ( 'NONE', *, *, #4600, .T. ) ;
#3467 = FACE_OUTER_BOUND ( 'NONE', #2458, .T. ) ;
#3468 = CARTESIAN_POINT ( 'NONE',  ( -0.1594544362955578887, 0.05905511811024627411, 0.06887438451052953214 ) ) ;
#3469 = ORIENTED_EDGE ( 'NONE', *, *, #674, .F. ) ;
#3470 = ADVANCED_FACE ( 'NONE', ( #5215 ), #1133, .F. ) ;
#3471 = CARTESIAN_POINT ( 'NONE',  ( -0.1594544362955578887, 0.05905511811024627411, 0.06887438451052953214 ) ) ;
#3472 = ORIENTED_EDGE ( 'NONE', *, *, #3850, .T. ) ;
#3473 = CARTESIAN_POINT ( 'NONE',  ( 0.1751912329957273917, 0.03937007874017133674, -0.06695238714299468763 ) ) ;
#3474 = CARTESIAN_POINT ( 'NONE',  ( -0.009522585709339104892, 0.1420628353574508174, 0.04546860907183899320 ) ) ;
#3475 = EDGE_CURVE ( 'NONE', #4194, #5086, #2615, .T. ) ;
#3476 = VERTEX_POINT ( 'NONE', #6227 ) ;
#3477 = CARTESIAN_POINT ( 'NONE',  ( -0.06648637496365107646, 0.1735588983495766624, 0.04907806035724066734 ) ) ;
#3478 = ADVANCED_FACE ( 'NONE', ( #3099 ), #3635, .F. ) ;
#3479 = CARTESIAN_POINT ( 'NONE',  ( -0.0006963444832000768468, 0.04724409448819574114, 0.009819266400273583481 ) ) ;
#3480 = CARTESIAN_POINT ( 'NONE',  ( -0.1006335637894395785, 0.007874015748077540719, -0.04726734777295708151 ) ) ;
#3481 = CARTESIAN_POINT ( 'NONE',  ( -0.06189358770222146144, 0.2677165354330795499, 0.02163029002232748008 ) ) ;
#3482 = DIRECTION ( 'NONE',  ( -2.793421535665029918E-16, -1.000000000000000000, 3.491481338842465190E-15 ) ) ;
#3483 = ORIENTED_EDGE ( 'NONE', *, *, #5649, .T. ) ;
#3484 = CARTESIAN_POINT ( 'NONE',  ( -0.01550365110739785474, 0.1000680847012826724, 0.02108251481015559203 ) ) ;
#3485 = CARTESIAN_POINT ( 'NONE',  ( -0.01503261620223423495, -0.03543300589955346303, 0.3267484002585417935 ) ) ;
#3486 = EDGE_CURVE ( 'NONE', #2636, #6153, #5696, .T. ) ;
#3487 = ORIENTED_EDGE ( 'NONE', *, *, #3356, .F. ) ;
#3488 = LINE ( 'NONE', #2989, #5249 ) ;
#3489 = VECTOR ( 'NONE', #5952, 39.37007874015748143 ) ;
#3490 = DIRECTION ( 'NONE',  ( -2.065531208604895267E-14, -3.491481338843134933E-15, -1.000000000000000000 ) ) ;
#3491 = CARTESIAN_POINT ( 'NONE',  ( -0.03026557783878933150, 0.1351730715779231318, 0.01376286286649623485 ) ) ;
#3492 = ORIENTED_EDGE ( 'NONE', *, *, #5606, .F. ) ;
#3493 = VECTOR ( 'NONE', #5767, 39.37007874015748143 ) ;
#3494 = CARTESIAN_POINT ( 'NONE',  ( 0.07873454008234349877, 0.07086614173230315616, 0.05115784907747968069 ) ) ;
#3495 = ADVANCED_FACE ( 'NONE', ( #4109 ), #2646, .T. ) ;
#3496 = LINE ( 'NONE', #6628, #2113 ) ;
#3497 = AXIS2_PLACEMENT_3D ( 'NONE', #5924, #1767, #4883 ) ;
#3498 = VERTEX_POINT ( 'NONE', #1666 ) ;
#3499 = DIRECTION ( 'NONE',  ( -1.000000000000000000, 0.000000000000000000, 0.000000000000000000 ) ) ;
#3500 = VECTOR ( 'NONE', #1457, 39.37007874015748143 ) ;
#3501 = DIRECTION ( 'NONE',  ( -2.099999999999999887E-14, -3.491481338843134933E-15, -1.000000000000000000 ) ) ;
#3502 = VERTEX_POINT ( 'NONE', #537 ) ;
#3503 = AXIS2_PLACEMENT_3D ( 'NONE', #4224, #6269, #3716 ) ;
#3504 = DIRECTION ( 'NONE',  ( -2.065531208604895267E-14, -3.491481338843134933E-15, -1.000000000000000000 ) ) ;
#3505 = ORIENTED_EDGE ( 'NONE', *, *, #5788, .F. ) ;
#3506 = DIRECTION ( 'NONE',  ( 1.000000000000000000, 0.000000000000000000, 0.000000000000000000 ) ) ;
#3507 = AXIS2_PLACEMENT_3D ( 'NONE', #3974, #370, #6627 ) ;
#3508 = EDGE_CURVE ( 'NONE', #4364, #1217, #3228, .T. ) ;
#3509 = CARTESIAN_POINT ( 'NONE',  ( -0.01020519435426384819, 0.2500024679033823194, 0.03469578741056959098 ) ) ;
#3510 = VERTEX_POINT ( 'NONE', #1104 ) ;
#3511 = FACE_BOUND ( 'NONE', #3024, .T. ) ;
#3512 = DIRECTION ( 'NONE',  ( 3.199999999999992676E-14, 1.000000000000000000, -3.491481338843135327E-15 ) ) ;
#3513 = AXIS2_PLACEMENT_3D ( 'NONE', #819, #2289, #5936 ) ;
#3514 = CARTESIAN_POINT ( 'NONE',  ( -0.09797014192566003143, 0.2555663541949303452, 0.1043074553766578927 ) ) ;
#3515 = LINE ( 'NONE', #5512, #4943 ) ;
#3516 = VECTOR ( 'NONE', #1605, 39.37007874015748143 ) ;
#3517 = VERTEX_POINT ( 'NONE', #2045 ) ;
#3518 = CARTESIAN_POINT ( 'NONE',  ( -0.01550365110739785474, 0.1276271398193929429, 0.02108251481015547060 ) ) ;
#3519 = DIRECTION ( 'NONE',  ( 2.065531208604895267E-14, 3.491481338843134933E-15, 1.000000000000000000 ) ) ;
#3520 = ADVANCED_FACE ( 'NONE', ( #4209 ), #3193, .T. ) ;
#3521 = DIRECTION ( 'NONE',  ( 1.000000000000000000, -1.431507348925684052E-28, -4.100000000000000200E-14 ) ) ;
#3522 = ORIENTED_EDGE ( 'NONE', *, *, #4477, .T. ) ;
#3523 = AXIS2_PLACEMENT_3D ( 'NONE', #5225, #3207, #608 ) ;
#3524 = LINE ( 'NONE', #462, #5354 ) ;
#3525 = VECTOR ( 'NONE', #3930, 39.37007874015748143 ) ;
#3526 = APPLICATION_CONTEXT ( 'automotive_design' ) ;
#3527 = CYLINDRICAL_SURFACE ( 'NONE', #3266, 0.05056999097458962644 ) ;
#3528 = LINE ( 'NONE', #401, #4724 ) ;
#3529 = DIRECTION ( 'NONE',  ( 1.000000000000000000, -7.211763669642100061E-29, -2.065531208604895267E-14 ) ) ;
#3530 = CARTESIAN_POINT ( 'NONE',  ( 0.0003002344596201086545, 0.1420628353574507896, 0.04484619628383346851 ) ) ;
#3531 = ADVANCED_FACE ( 'NONE', ( #5284 ), #1568, .F. ) ;
#3532 = ORIENTED_EDGE ( 'NONE', *, *, #5095, .F. ) ;
#3533 = CARTESIAN_POINT ( 'NONE',  ( 0.1417266660666277600, -0.1535433070866141780, 0.05115784907747912558 ) ) ;
#3534 = ORIENTED_EDGE ( 'NONE', *, *, #2456, .T. ) ;
#3535 = FACE_OUTER_BOUND ( 'NONE', #2994, .T. ) ;
#3536 =( GEOMETRIC_REPRESENTATION_CONTEXT ( 3 ) GLOBAL_UNCERTAINTY_ASSIGNED_CONTEXT ( ( #6102 ) ) GLOBAL_UNIT_ASSIGNED_CONTEXT ( ( #2912, #2942, #1356 ) ) REPRESENTATION_CONTEXT ( 'NONE', 'WORKASPACE' ) );
#3537 = AXIS2_PLACEMENT_3D ( 'NONE', #320, #6443, #3815 ) ;
#3538 = ORIENTED_EDGE ( 'NONE', *, *, #4319, .F. ) ;
#3539 = DIRECTION ( 'NONE',  ( 0.000000000000000000, -3.337232330195357035E-15, -1.000000000000000000 ) ) ;
#3540 = EDGE_CURVE ( 'NONE', #1500, #4591, #3669, .T. ) ;
#3541 = CARTESIAN_POINT ( 'NONE',  ( -0.08465128668926320821, 0.1614173228346527933, -0.04333033989893796123 ) ) ;
#3542 = EDGE_CURVE ( 'NONE', #3545, #1751, #32, .T. ) ;
#3543 = EDGE_LOOP ( 'NONE', ( #4436, #1823, #6047, #245 ) ) ;
#3544 = PLANE ( 'NONE',  #6106 ) ;
#3545 = VERTEX_POINT ( 'NONE', #1171 ) ;
#3546 = CARTESIAN_POINT ( 'NONE',  ( -0.2000510244193372533, 0.1841617455168418349, -0.03216118223407049559 ) ) ;
#3547 = UNCERTAINTY_MEASURE_WITH_UNIT (LENGTH_MEASURE( 1.000000000000000082E-05 ), #2336, 'distance_accuracy_value', 'NONE');
#3548 = CARTESIAN_POINT ( 'NONE',  ( -0.01237777460051775469, 0.09153790097424881200, 0.07041460340021279962 ) ) ;
#3549 = ORIENTED_EDGE ( 'NONE', *, *, #458, .F. ) ;
#3550 = DIRECTION ( 'NONE',  ( 0.000000000000000000, -1.000000000000000000, 3.491481338843134933E-15 ) ) ;
#3551 = B_SPLINE_CURVE_WITH_KNOTS ( 'NONE', 3,
 ( #2719, #4349, #1770, #2352, #4317, #6392, #2211, #1205 ),
 .UNSPECIFIED., .F., .F.,
 ( 4, 2, 2, 4 ),
 ( 1.233179767787888176E-16, 0.0002048640954389524180, 0.0004097281908777815080, 0.0008194563817554407180 ),
 .UNSPECIFIED. ) ;
#3552 = PLANE ( 'NONE',  #2966 ) ;
#3553 = LINE ( 'NONE', #6110, #3842 ) ;
#3554 = ORIENTED_EDGE ( 'NONE', *, *, #2939, .F. ) ;
#3555 = CARTESIAN_POINT ( 'NONE',  ( -0.1220528614924594468, 0.07086614173228995839, 0.03540981758142090763 ) ) ;
#3556 = FACE_OUTER_BOUND ( 'NONE', #3616, .T. ) ;
#3557 = CARTESIAN_POINT ( 'NONE',  ( -0.05666355479469196987, 0.09088173299524605897, 0.04845564756923527450 ) ) ;
#3558 = ORIENTED_EDGE ( 'NONE', *, *, #1739, .F. ) ;
#3559 = LINE ( 'NONE', #1867, #4066 ) ;
#3560 = DIRECTION ( 'NONE',  ( 0.000000000000000000, 3.337232330195356641E-15, 1.000000000000000000 ) ) ;
#3561 = PLANE ( 'NONE',  #1557 ) ;
#3562 = CARTESIAN_POINT ( 'NONE',  ( -0.04085966922767377690, 0.2339263524178185338, 0.07221932904291318567 ) ) ;
#3563 = EDGE_CURVE ( 'NONE', #5091, #2625, #5660, .T. ) ;
#3564 = ORIENTED_EDGE ( 'NONE', *, *, #2280, .T. ) ;
#3565 = PLANE ( 'NONE',  #3194 ) ;
#3566 = CARTESIAN_POINT ( 'NONE',  ( -0.1980992383882562990, 0.1771653543307550871, 0.1198551626364519757 ) ) ;
#3567 = EDGE_CURVE ( 'NONE', #1377, #4757, #5796, .T. ) ;
#3568 = EDGE_LOOP ( 'NONE', ( #273, #2215, #6273, #393 ) ) ;
#3569 = CARTESIAN_POINT ( 'NONE',  ( 0.1751912329957273917, 0.03937007874017133674, -0.05514136352094740900 ) ) ;
#3570 = ADVANCED_FACE ( 'NONE', ( #4751 ), #4677, .T. ) ;
#3571 = CARTESIAN_POINT ( 'NONE',  ( -0.01550365110739785474, 0.1827452500556134007, 0.02108251481015527978 ) ) ;
#3572 = CARTESIAN_POINT ( 'NONE',  ( -0.04945246142723173227, 0.007874015748078170424, 0.1338350144317692891 ) ) ;
#3573 = ORIENTED_EDGE ( 'NONE', *, *, #4654, .F. ) ;
#3574 = LINE ( 'NONE', #3294, #4179 ) ;
#3575 = ORIENTED_EDGE ( 'NONE', *, *, #1587, .F. ) ;
#3576 = CARTESIAN_POINT ( 'NONE',  ( -0.03173592599414968435, 0.1771653543307555034, 0.1574570616758997899 ) ) ;
#3577 = CARTESIAN_POINT ( 'NONE',  ( -0.01550365110739785474, 0.1650287146225425383, 0.02108251481015535264 ) ) ;
#3578 = EDGE_LOOP ( 'NONE', ( #1699, #839, #5412, #2414, #6002, #3903, #1985, #503, #3947, #5270, #4005, #38, #6264, #4909, #498, #5433, #4625, #3708, #5831, #6151 ) ) ;
#3579 = DIRECTION ( 'NONE',  ( 1.000000000000000000, -3.200000000000000249E-14, -2.099999999999999887E-14 ) ) ;
#3580 = LINE ( 'NONE', #3176, #3079 ) ;
#3581 = DIRECTION ( 'NONE',  ( 1.000000000000000000, -1.431507348925684052E-28, -4.100000000000000200E-14 ) ) ;
#3582 = ORIENTED_EDGE ( 'NONE', *, *, #2456, .F. ) ;
#3583 = PLANE ( 'NONE',  #2761 ) ;
#3584 = CARTESIAN_POINT ( 'NONE',  ( -0.002563056893065208779, 0.3543307086614264634, 0.3798980065577469145 ) ) ;
#3585 = CARTESIAN_POINT ( 'NONE',  ( 0.001342193295246887907, 0.1620759587170309268, 0.06129022581385256546 ) ) ;
#3586 = ORIENTED_EDGE ( 'NONE', *, *, #1549, .T. ) ;
#3587 = CARTESIAN_POINT ( 'NONE',  ( -0.05770551363031868608, 0.2132570610792353383, 0.03201161803921578203 ) ) ;
#3588 = VECTOR ( 'NONE', #3162, 39.37007874015748143 ) ;
#3589 = LINE ( 'NONE', #2706, #1018 ) ;
#3590 = LINE ( 'NONE', #464, #6113 ) ;
#3591 = CARTESIAN_POINT ( 'NONE',  ( -0.09449380637435238206, 3.346513792238724267E-15, 0.05115784907748354565 ) ) ;
#3592 = CARTESIAN_POINT ( 'NONE',  ( -0.05770551363031844322, 0.1856980059611253453, 0.03201161803921628857 ) ) ;
#3593 = ORIENTED_EDGE ( 'NONE', *, *, #445, .F. ) ;
#3594 = CARTESIAN_POINT ( 'NONE',  ( 0.1082620991375084635, 0.04724409448819551216, -0.04333033989893748245 ) ) ;
#3595 = CARTESIAN_POINT ( 'NONE',  ( 0.2440888707910039424, 0.03937007874016921344, -0.06695238714299607541 ) ) ;
#3596 = EDGE_CURVE ( 'NONE', #613, #5264, #4623, .T. ) ;
#3597 = ORIENTED_EDGE ( 'NONE', *, *, #1220, .F. ) ;
#3598 = FACE_OUTER_BOUND ( 'NONE', #978, .T. ) ;
#3599 = COLOUR_RGB ( '',0.7921568627450980005, 0.8196078431372548767, 0.9333333333333333481 ) ;
#3600 = CARTESIAN_POINT ( 'NONE',  ( -0.003942625271986937262, 0.03937007874015865938, 0.05115784907748149174 ) ) ;
#3601 = AXIS2_PLACEMENT_3D ( 'NONE', #5218, #5825, #5799 ) ;
#3602 = EDGE_CURVE ( 'NONE', #367, #1377, #1302, .T. ) ;
#3603 = ORIENTED_EDGE ( 'NONE', *, *, #1582, .T. ) ;
#3604 = DIRECTION ( 'NONE',  ( -1.000000000000000000, 2.793421535665765038E-16, 2.099999999999999887E-14 ) ) ;
#3605 = ORIENTED_EDGE ( 'NONE', *, *, #4160, .T. ) ;
#3606 = CARTESIAN_POINT ( 'NONE',  ( -0.1594544362955551409, 0.1751968503937112731, 0.1338350144317948798 ) ) ;
#3607 = CIRCLE ( 'NONE', #1134, 0.05056999097458962644 ) ;
#3608 = ADVANCED_FACE ( 'NONE', ( #4914 ), #5922, .T. ) ;
#3609 = ADVANCED_FACE ( 'NONE', ( #228 ), #200, .F. ) ;
#3610 = CARTESIAN_POINT ( 'NONE',  ( 0.001342193295246887907, 0.1168003681658497661, 0.06129022581385275975 ) ) ;
#3611 = ORIENTED_EDGE ( 'NONE', *, *, #4425, .T. ) ;
#3612 = AXIS2_PLACEMENT_3D ( 'NONE', #2830, #2799, #4861 ) ;
#3613 = DIRECTION ( 'NONE',  ( 4.100000000000000200E-14, 3.491481338843134933E-15, 1.000000000000000000 ) ) ;
#3614 = LINE ( 'NONE', #4635, #286 ) ;
#3615 = CARTESIAN_POINT ( 'NONE',  ( -0.003942625271986937262, 0.03937007874015865938, 0.05115784907748149174 ) ) ;
#3616 = EDGE_LOOP ( 'NONE', ( #6262, #3984, #6540, #590 ) ) ;
#3617 = PLANE ( 'NONE',  #3743 ) ;
#3618 = ADVANCED_FACE ( 'NONE', ( #5884 ), #2304, .F. ) ;
#3619 = AXIS2_PLACEMENT_3D ( 'NONE', #1813, #2857, #3839 ) ;
#3620 = DIRECTION ( 'NONE',  ( -1.000000000000000000, -1.442352733928416201E-28, -4.131062417209784855E-14 ) ) ;
#3621 = CARTESIAN_POINT ( 'NONE',  ( -0.03026557783878931415, 0.2355667723653249446, 0.01376286286649585147 ) ) ;
#3622 = ORIENTED_EDGE ( 'NONE', *, *, #1299, .F. ) ;
#3623 = EDGE_CURVE ( 'NONE', #1280, #6153, #4273, .T. ) ;
#3624 = CARTESIAN_POINT ( 'NONE',  ( -0.04085966922767377690, 0.2063672972997082911, 0.07221932904291318567 ) ) ;
#3625 = AXIS2_PLACEMENT_3D ( 'NONE', #4175, #64, #3129 ) ;
#3626 =( NAMED_UNIT ( * ) SI_UNIT ( $, .STERADIAN. ) SOLID_ANGLE_UNIT ( ) );
#3627 = CARTESIAN_POINT ( 'NONE',  ( 0.08660855583037402328, -2.936736593189082516E-15, 0.1417090301798419327 ) ) ;
#3628 = CARTESIAN_POINT ( 'NONE',  ( -0.1932060945040063038, 0.03937007874020417159, 0.1338350144318084523 ) ) ;
#3629 = CARTESIAN_POINT ( 'NONE',  ( -0.04398554573455393940, 0.2155536490057448906, 0.02288724045285602665 ) ) ;
#3630 = VERTEX_POINT ( 'NONE', #3360 ) ;
#3631 = AXIS2_PLACEMENT_3D ( 'NONE', #4457, #4596, #448 ) ;
#3632 = VECTOR ( 'NONE', #1591, 39.37007874015748143 ) ;
#3633 = DIRECTION ( 'NONE',  ( -4.047688110609999447E-14, -5.782411586585713496E-15, -1.000000000000000000 ) ) ;
#3634 = EDGE_LOOP ( 'NONE', ( #3329, #2305, #3817, #3219 ) ) ;
#3635 = PLANE ( 'NONE',  #1147 ) ;
#3636 = ORIENTED_EDGE ( 'NONE', *, *, #3365, .T. ) ;
#3637 = CIRCLE ( 'NONE', #5255, 0.04282706631352100474 ) ;
#3638 = CARTESIAN_POINT ( 'NONE',  ( -0.2182525716154196660, 0.1999753174074622442, -0.07088939501701024826 ) ) ;
#3639 = VECTOR ( 'NONE', #318, 39.37007874015748143 ) ;
#3640 = LINE ( 'NONE', #36, #4380 ) ;
#3641 = AXIS2_PLACEMENT_3D ( 'NONE', #1531, #4102, #974 ) ;
#3642 =( GEOMETRIC_REPRESENTATION_CONTEXT ( 3 ) GLOBAL_UNCERTAINTY_ASSIGNED_CONTEXT ( ( #3547 ) ) GLOBAL_UNIT_ASSIGNED_CONTEXT ( ( #2336, #5339, #762 ) ) REPRESENTATION_CONTEXT ( 'NONE', 'WORKASPACE' ) );
#3643 = VERTEX_POINT ( 'NONE', #5850 ) ;
#3644 = ORIENTED_EDGE ( 'NONE', *, *, #5565, .T. ) ;
#3645 = FACE_OUTER_BOUND ( 'NONE', #1869, .T. ) ;
#3646 = DIRECTION ( 'NONE',  ( -1.000000000000000000, 3.200000000000000249E-14, 2.099999999999988843E-14 ) ) ;
#3647 = ORIENTED_EDGE ( 'NONE', *, *, #5223, .T. ) ;
#3648 = CARTESIAN_POINT ( 'NONE',  ( 0.1749569873916675400, 0.007874015748077540719, -0.04726734777295708151 ) ) ;
#3649 = ADVANCED_FACE ( 'NONE', ( #1200 ), #5347, .F. ) ;
#3650 = CARTESIAN_POINT ( 'NONE',  ( -0.04398554573455393940, 0.1053174285333037530, 0.02288724045285638053 ) ) ;
#3651 = ORIENTED_EDGE ( 'NONE', *, *, #6077, .T. ) ;
#3652 = ADVANCED_FACE ( 'NONE', ( #6355 ), #4414, .F. ) ;
#3653 = DIRECTION ( 'NONE',  ( 2.099999999999999887E-14, 3.491481338843134933E-15, 1.000000000000000000 ) ) ;
#3654 = DIRECTION ( 'NONE',  ( 1.000000000000000000, 4.906538933386110302E-14, -1.713108912422489926E-28 ) ) ;
#3655 = EDGE_CURVE ( 'NONE', #1327, #4126, #5417, .T. ) ;
#3656 = ORIENTED_EDGE ( 'NONE', *, *, #4967, .T. ) ;
#3657 = CARTESIAN_POINT ( 'NONE',  ( 0.0003002344596201086545, 0.1597793707905216520, 0.04484619628383346851 ) ) ;
#3658 = CARTESIAN_POINT ( 'NONE',  ( 0.2548871871754354590, 0.1968503937008331817, 0.1377720223057799509 ) ) ;
#3659 = CARTESIAN_POINT ( 'NONE',  ( 0.0003002344596201086545, 0.1873384259086318948, 0.04484619628383331585 ) ) ;
#3660 = EDGE_LOOP ( 'NONE', ( #2763, #1229, #152, #3401 ) ) ;
#3661 = CARTESIAN_POINT ( 'NONE',  ( -0.05562159595906518428, 0.1535457749899967195, 0.06489967709925431594 ) ) ;
#3662 = DIRECTION ( 'NONE',  ( 1.000000000000000000, 1.442352733928416201E-28, 4.131062417209784855E-14 ) ) ;
#3663 = PLANE ( 'NONE',  #3753 ) ;
#3664 = CARTESIAN_POINT ( 'NONE',  ( -0.003942625271986937262, 0.03937007874015865938, 0.03540981758141854840 ) ) ;
#3665 = CARTESIAN_POINT ( 'NONE',  ( 0.2505076909241322203, 0.1917232713746206962, 0.1514657581312662538 ) ) ;
#3666 = EDGE_LOOP ( 'NONE', ( #2137, #676, #1268, #5088 ) ) ;
#3667 = CARTESIAN_POINT ( 'NONE',  ( 0.007868398350059016902, 1.092739197465704696E-15, 0.03540981758141843044 ) ) ;
#3668 = VERTEX_POINT ( 'NONE', #6460 ) ;
#3669 = LINE ( 'NONE', #2588, #3096 ) ;
#3670 = EDGE_CURVE ( 'NONE', #1879, #1076, #1835, .T. ) ;
#3671 = ORIENTED_EDGE ( 'NONE', *, *, #109, .T. ) ;
#3672 = DIRECTION ( 'NONE',  ( 4.100000000000000200E-14, 3.491481338843134933E-15, 1.000000000000000000 ) ) ;
#3673 = CARTESIAN_POINT ( 'NONE',  ( 0.01070125054417265728, 0.05905511811024606594, 0.02163029002232822948 ) ) ;
#3674 = ORIENTED_EDGE ( 'NONE', *, *, #5953, .T. ) ;
#3675 = ORIENTED_EDGE ( 'NONE', *, *, #2160, .F. ) ;
#3676 = CARTESIAN_POINT ( 'NONE',  ( 0.08834281416333052139, -0.02952749408851984905, -0.07088939501700945722 ) ) ;
#3677 = ORIENTED_EDGE ( 'NONE', *, *, #4764, .F. ) ;
#3678 = CARTESIAN_POINT ( 'NONE',  ( -0.06189358770221949774, 0.05905511811024627411, 0.06887438451051200450 ) ) ;
#3679 = CARTESIAN_POINT ( 'NONE',  ( 0.0003002344596201086545, 0.1971809455936712752, 0.04484619628383331585 ) ) ;
#3680 = ORIENTED_EDGE ( 'NONE', *, *, #3670, .F. ) ;
#3681 = EDGE_CURVE ( 'NONE', #545, #906, #3902, .T. ) ;
#3682 = DIRECTION ( 'NONE',  ( 2.099999999999999887E-14, 3.491481338843134933E-15, 1.000000000000000000 ) ) ;
#3683 = CARTESIAN_POINT ( 'NONE',  ( 0.1082620991375129876, 0.1259842519685110407, 0.06887438451051181021 ) ) ;
#3684 = ORIENTED_EDGE ( 'NONE', *, *, #6499, .F. ) ;
#3685 = CARTESIAN_POINT ( 'NONE',  ( -0.04398554573455393940, 0.1505930190844848582, 0.02288724045285622094 ) ) ;
#3686 = EDGE_CURVE ( 'NONE', #3130, #4998, #5999, .T. ) ;
#3687 = CARTESIAN_POINT ( 'NONE',  ( 0.01070125054417265728, 0.2677165354330795499, 0.02163029002232748008 ) ) ;
#3688 = CARTESIAN_POINT ( 'NONE',  ( -0.05562159595906518428, 0.1712623104230677207, 0.06489967709925423267 ) ) ;
#3689 = EDGE_LOOP ( 'NONE', ( #4788, #4737, #5829, #2735 ) ) ;
#3690 = CARTESIAN_POINT ( 'NONE',  ( -0.04085966922767377690, 0.1236901319453773684, 0.07221932904291357425 ) ) ;
#3691 = EDGE_CURVE ( 'NONE', #1014, #6038, #3289, .T. ) ;
#3692 = SURFACE_STYLE_USAGE ( .BOTH. , #1069 ) ;
#3693 = DIRECTION ( 'NONE',  ( -1.000000000000000000, 1.442352733928416201E-28, 4.131062417209784855E-14 ) ) ;
#3694 = DIRECTION ( 'NONE',  ( 0.000000000000000000, -3.491481338843135327E-15, -1.000000000000000000 ) ) ;
#3695 = CARTESIAN_POINT ( 'NONE',  ( -0.06189358770221949774, 0.05905511811024627411, 0.06887438451051200450 ) ) ;
#3696 = ORIENTED_EDGE ( 'NONE', *, *, #3449, .F. ) ;
#3697 = EDGE_CURVE ( 'NONE', #99, #3888, #4343, .T. ) ;
#3698 = LINE ( 'NONE', #4748, #2995 ) ;
#3699 = CARTESIAN_POINT ( 'NONE',  ( 0.2675295181064263894, 0.03937007874020354709, -0.04726734777295716478 ) ) ;
#3700 = EDGE_LOOP ( 'NONE', ( #6024, #4441, #623, #5635, #2000, #6435 ) ) ;
#3701 = DIRECTION ( 'NONE',  ( 2.100000000000010931E-14, 3.491481338843135722E-15, 1.000000000000000000 ) ) ;
#3702 = CLOSED_SHELL ( 'NONE', ( #5464, #5918, #271, #2467, #1177, #638, #3570, #3899, #4523, #6336, #2696, #2654, #5167, #3954, #2196, #3324, #243, #3858, #3039, #3372, #5072, #6572, #3111, #1287, #1439, #6541, #5468, #5643, #5928, #3910, #2622, #3470, #2362, #2648, #3460, #20, #4143, #4138, #561, #2997, #5752, #5639, #3306, #5057, #3936, #478, #1225, #6532, #1807, #5665, #2134, #6065 ) ) ;
#3703 = ORIENTED_EDGE ( 'NONE', *, *, #2090, .T. ) ;
#3704 = CARTESIAN_POINT ( 'NONE',  ( 0.1968447763028161601, 0.03937007874017181552, 0.05115784907747732146 ) ) ;
#3705 = CIRCLE ( 'NONE', #800, 0.01377952755905360177 ) ;
#3706 = EDGE_CURVE ( 'NONE', #5477, #1804, #1847, .T. ) ;
#3707 = LINE ( 'NONE', #4723, #5125 ) ;
#3708 = ORIENTED_EDGE ( 'NONE', *, *, #109, .F. ) ;
#3709 = CARTESIAN_POINT ( 'NONE',  ( -0.08511977789730709731, 0.1968503937008335147, -0.02167679659181448448 ) ) ;
#3710 = VERTEX_POINT ( 'NONE', #3832 ) ;
#3711 = CARTESIAN_POINT ( 'NONE',  ( 0.1060593495963950833, -0.02952749408851901639, 0.1574570616759005948 ) ) ;
#3712 = VECTOR ( 'NONE', #4022, 39.37007874015748143 ) ;
#3713 = EDGE_LOOP ( 'NONE', ( #6090, #5642, #704, #5939 ) ) ;
#3714 = VECTOR ( 'NONE', #2349, 39.37007874015748143 ) ;
#3715 = CARTESIAN_POINT ( 'NONE',  ( -0.08465128668926202860, 0.3425196850393791292, -0.01380278084381933272 ) ) ;
#3716 = DIRECTION ( 'NONE',  ( -1.000000000000000000, 0.000000000000000000, 0.000000000000000000 ) ) ;
#3717 = ORIENTED_EDGE ( 'NONE', *, *, #3118, .T. ) ;
#3718 = LINE ( 'NONE', #2701, #4495 ) ;
#3719 = EDGE_CURVE ( 'NONE', #111, #2190, #4814, .T. ) ;
#3720 = CARTESIAN_POINT ( 'NONE',  ( 0.1589747102916773680, 0.1968503937008335147, -0.02167679659181448448 ) ) ;
#3721 = VECTOR ( 'NONE', #6071, 39.37007874015748854 ) ;
#3722 = CARTESIAN_POINT ( 'NONE',  ( -0.01782820997105006786, 0.1092544364073196744, 0.06221899799109081169 ) ) ;
#3723 = EDGE_LOOP ( 'NONE', ( #279, #3554, #3407, #3757 ) ) ;
#3724 = CARTESIAN_POINT ( 'NONE',  ( -0.03098427822019291997, 0.1351730715779229097, 0.002420447128996540062 ) ) ;
#3725 = CARTESIAN_POINT ( 'NONE',  ( -0.1594544362955602756, 0.04724409448819574114, 0.009819266400291062555 ) ) ;
#3726 = LINE ( 'NONE', #3123, #6297 ) ;
#3727 = CARTESIAN_POINT ( 'NONE',  ( 0.2563287443777701458, 0.1771653543307767364, 0.1574570616758609320 ) ) ;
#3728 = AXIS2_PLACEMENT_3D ( 'NONE', #2093, #4157, #6208 ) ;
#3729 = ORIENTED_EDGE ( 'NONE', *, *, #3131, .F. ) ;
#3730 = ADVANCED_FACE ( 'NONE', ( #3390 ), #5451, .T. ) ;
#3731 = LINE ( 'NONE', #1761, #6105 ) ;
#3732 = DIRECTION ( 'NONE',  ( -1.000000000000000000, 3.200000000000000249E-14, 2.099999999999988843E-14 ) ) ;
#3733 = ORIENTED_EDGE ( 'NONE', *, *, #1136, .F. ) ;
#3734 = CARTESIAN_POINT ( 'NONE',  ( -0.08465128668923979638, 0.1968503937008335147, -0.02167679659181448448 ) ) ;
#3735 = CIRCLE ( 'NONE', #2210, 0.04330708661417716904 ) ;
#3736 = CARTESIAN_POINT ( 'NONE',  ( -0.02559616857902582976, 0.3543307086614251866, -0.01380278084381937088 ) ) ;
#3737 = ADVANCED_FACE ( 'NONE', ( #3457 ), #6079, .T. ) ;
#3738 = DIRECTION ( 'NONE',  ( 4.047688110609999447E-14, 5.782411586585713496E-15, 1.000000000000000000 ) ) ;
#3739 = VECTOR ( 'NONE', #2574, 39.37007874015748143 ) ;
#3740 = VECTOR ( 'NONE', #4987, 39.37007874015748143 ) ;
#3741 = CARTESIAN_POINT ( 'NONE',  ( -0.04398554573455393940, 0.2057111293207055103, 0.02288724045285602665 ) ) ;
#3742 = LINE ( 'NONE', #3133, #930 ) ;
#3743 = AXIS2_PLACEMENT_3D ( 'NONE', #3555, #5234, #4095 ) ;
#3744 = VECTOR ( 'NONE', #213, 39.37007874015748143 ) ;
#3745 = ORIENTED_EDGE ( 'NONE', *, *, #953, .F. ) ;
#3746 = EDGE_CURVE ( 'NONE', #500, #4859, #398, .T. ) ;
#3747 = LINE ( 'NONE', #1111, #3380 ) ;
#3748 = ORIENTED_EDGE ( 'NONE', *, *, #5288, .T. ) ;
#3749 = DIRECTION ( 'NONE',  ( 0.000000000000000000, 3.491481338843135327E-15, 1.000000000000000000 ) ) ;
#3750 = VECTOR ( 'NONE', #5790, 39.37007874015748143 ) ;
#3751 = AXIS2_PLACEMENT_3D ( 'NONE', #2103, #660, #5245 ) ;
#3752 = ORIENTED_EDGE ( 'NONE', *, *, #677, .F. ) ;
#3753 = AXIS2_PLACEMENT_3D ( 'NONE', #3090, #128, #5720 ) ;
#3754 = EDGE_CURVE ( 'NONE', #3973, #99, #3524, .T. ) ;
#3755 = CARTESIAN_POINT ( 'NONE',  ( -0.08465128668924587485, 0.3425196850393807391, 0.3798980065577472476 ) ) ;
#3756 = ORIENTED_EDGE ( 'NONE', *, *, #1704, .F. ) ;
#3757 = ORIENTED_EDGE ( 'NONE', *, *, #5946, .F. ) ;
#3758 = CARTESIAN_POINT ( 'NONE',  ( 0.01070125054417460538, 0.05905511811024627411, 0.06887438451051200450 ) ) ;
#3759 = CARTESIAN_POINT ( 'NONE',  ( -0.008839977064414398025, 0.1345169035989205175, 0.05624143073310801377 ) ) ;
#3760 = VERTEX_POINT ( 'NONE', #972 ) ;
#3761 = CARTESIAN_POINT ( 'NONE',  ( -0.06648637496365107646, 0.1834014180346162648, 0.04907806035724066734 ) ) ;
#3762 = CARTESIAN_POINT ( 'NONE',  ( 0.2751912329957967862, 0.1789299842414231734, 0.1193670112585771409 ) ) ;
#3763 = DIRECTION ( 'NONE',  ( 0.000000000000000000, -1.000000000000000000, 3.491481338843134933E-15 ) ) ;
#3764 = CARTESIAN_POINT ( 'NONE',  ( -0.04862928026496787792, 0.3543307086614255752, 0.1043074553766574902 ) ) ;
#3765 = ORIENTED_EDGE ( 'NONE', *, *, #6474, .T. ) ;
#3766 = DIRECTION ( 'NONE',  ( 0.000000000000000000, 3.491481338843134933E-15, 1.000000000000000000 ) ) ;
#3767 = LINE ( 'NONE', #2684, #5895 ) ;
#3768 = DIRECTION ( 'NONE',  ( 2.099999999999999887E-14, 3.491481338843134933E-15, 1.000000000000000000 ) ) ;
#3769 = ORIENTED_EDGE ( 'NONE', *, *, #2115, .T. ) ;
#3770 = CARTESIAN_POINT ( 'NONE',  ( -0.1006335637894395785, 0.007874015748077540719, -0.04726734777295708151 ) ) ;
#3771 = EDGE_CURVE ( 'NONE', #2901, #3643, #3559, .T. ) ;
#3772 = CARTESIAN_POINT ( 'NONE',  ( -0.1594544362955578887, 0.1259842519685110407, 0.06887438451052933786 ) ) ;
#3773 = FACE_OUTER_BOUND ( 'NONE', #6520, .T. ) ;
#3774 = FACE_OUTER_BOUND ( 'NONE', #4064, .T. ) ;
#3775 = CARTESIAN_POINT ( 'NONE',  ( -0.2000510244193372533, 0.1841617455168418349, -0.03216118223407049559 ) ) ;
#3776 = EDGE_CURVE ( 'NONE', #1082, #3510, #6048, .T. ) ;
#3777 = EDGE_CURVE ( 'NONE', #5011, #1500, #2006, .T. ) ;
#3778 = VERTEX_POINT ( 'NONE', #2405 ) ;
#3779 = LINE ( 'NONE', #2249, #2087 ) ;
#3780 = ORIENTED_EDGE ( 'NONE', *, *, #2254, .T. ) ;
#3781 = CARTESIAN_POINT ( 'NONE',  ( -0.04943598110508647114, 0.2057111293207050107, 0.01469163504373359290 ) ) ;
#3782 = EDGE_LOOP ( 'NONE', ( #6442, #568, #1282, #3177, #2319, #6141, #1673, #3127, #746, #3452, #5528, #4429, #4595, #2323 ) ) ;
#3783 = DIRECTION ( 'NONE',  ( 0.000000000000000000, 1.000000000000000000, -3.491481338843134933E-15 ) ) ;
#3784 = ORIENTED_EDGE ( 'NONE', *, *, #4431, .T. ) ;
#3785 = ORIENTED_EDGE ( 'NONE', *, *, #6087, .F. ) ;
#3786 = CARTESIAN_POINT ( 'NONE',  ( -0.009522585709339104892, 0.1322203156724113260, 0.04546860907183903483 ) ) ;
#3787 = VERTEX_POINT ( 'NONE', #6620 ) ;
#3788 = CARTESIAN_POINT ( 'NONE',  ( 0.008721745602250967344, 0.1948843576671620004, 0.02210854609705920765 ) ) ;
#3789 = LINE ( 'NONE', #5842, #202 ) ;
#3790 = FACE_OUTER_BOUND ( 'NONE', #6489, .T. ) ;
#3791 = CARTESIAN_POINT ( 'NONE',  ( -0.06890325519319248637, 0.2677165354330795499, 0.04525233726642154120 ) ) ;
#3792 = VERTEX_POINT ( 'NONE', #361 ) ;
#3793 = CARTESIAN_POINT ( 'NONE',  ( -0.01181664102002630105, 7.512581982576732232E-16, -0.05514136352094338445 ) ) ;
#3794 = CARTESIAN_POINT ( 'NONE',  ( -0.1816512612313759822, -0.1123849554454065119, 0.01770268064204655670 ) ) ;
#3795 = DIRECTION ( 'NONE',  ( -2.065531208604895267E-14, -3.491481338843134933E-15, -1.000000000000000000 ) ) ;
#3796 = ORIENTED_EDGE ( 'NONE', *, *, #4922, .F. ) ;
#3797 = DIRECTION ( 'NONE',  ( -2.793421535665029918E-16, -1.000000000000000000, 3.491481338842465190E-15 ) ) ;
#3798 = VERTEX_POINT ( 'NONE', #3427 ) ;
#3799 = LINE ( 'NONE', #4381, #369 ) ;
#3800 = LINE ( 'NONE', #6359, #5968 ) ;
#3801 = DIRECTION ( 'NONE',  ( -1.000000000000000000, -1.442352733928416201E-28, -4.131062417209784855E-14 ) ) ;
#3802 = EDGE_CURVE ( 'NONE', #5370, #3169, #4442, .T. ) ;
#3803 = SURFACE_SIDE_STYLE ('',( #3877 ) ) ;
#3804 = CARTESIAN_POINT ( 'NONE',  ( -0.05770551363031868608, 0.2408161161973456921, 0.03201161803921569182 ) ) ;
#3805 = ORIENTED_EDGE ( 'NONE', *, *, #3010, .F. ) ;
#3806 = DIRECTION ( 'NONE',  ( 0.8326735095668313935, -1.933457487894140668E-15, -0.5537642336461031656 ) ) ;
#3807 = VERTEX_POINT ( 'NONE', #2508 ) ;
#3808 = CARTESIAN_POINT ( 'NONE',  ( -0.04398554573455393940, 0.09547490884826437263, 0.02288724045285641870 ) ) ;
#3809 = ADVANCED_FACE ( 'NONE', ( #5052 ), #2478, .F. ) ;
#3810 = LINE ( 'NONE', #4324, #4695 ) ;
#3811 = EDGE_LOOP ( 'NONE', ( #2785, #2466, #3696, #4534 ) ) ;
#3812 = DIRECTION ( 'NONE',  ( 0.000000000000000000, -3.469446951953996392E-15, -1.000000000000000000 ) ) ;
#3813 = ADVANCED_FACE ( 'NONE', ( #1431 ), #4000, .F. ) ;
#3814 = EDGE_LOOP ( 'NONE', ( #6509, #3224, #753, #5482 ) ) ;
#3815 = DIRECTION ( 'NONE',  ( 0.000000000000000000, -3.717952610315228740E-15, -1.000000000000000000 ) ) ;
#3816 = VECTOR ( 'NONE', #141, 39.37007874015748143 ) ;
#3817 = ORIENTED_EDGE ( 'NONE', *, *, #4640, .T. ) ;
#3818 = CARTESIAN_POINT ( 'NONE',  ( -0.01987603590582453367, 0.1000680847012827696, 0.02990053300728346547 ) ) ;
#3819 = ORIENTED_EDGE ( 'NONE', *, *, #2413, .F. ) ;
#3820 = CARTESIAN_POINT ( 'NONE',  ( -0.06788768398997997722, 0.1305798957249048320, 0.02696282295847136912 ) ) ;
#3821 = AXIS2_PLACEMENT_3D ( 'NONE', #3368, #1378, #373 ) ;
#3822 =( CONVERSION_BASED_UNIT ( 'INCH', #1191 ) LENGTH_UNIT ( ) NAMED_UNIT ( #4682 ) );
#3823 = FACE_OUTER_BOUND ( 'NONE', #787, .T. ) ;
#3824 = EDGE_CURVE ( 'NONE', #1577, #661, #5035, .T. ) ;
#3825 = CARTESIAN_POINT ( 'NONE',  ( 0.1237758850294596452, -0.02952749408851909271, 0.1338350144317692891 ) ) ;
#3826 = EDGE_LOOP ( 'NONE', ( #248, #6256, #5174, #2116, #2094, #4307, #1790, #2565, #4163, #439, #3733, #6298, #3575, #4362 ) ) ;
#3827 = LINE ( 'NONE', #662, #3750 ) ;
#3828 = VECTOR ( 'NONE', #5278, 39.37007874015748143 ) ;
#3829 = LINE ( 'NONE', #1168, #2451 ) ;
#3830 = CARTESIAN_POINT ( 'NONE',  ( 0.2563287443777702013, 0.1771653543307758205, -0.07088939501704935586 ) ) ;
#3831 = ORIENTED_EDGE ( 'NONE', *, *, #234, .T. ) ;
#3832 = CARTESIAN_POINT ( 'NONE',  ( 0.2563287443777120256, 0.1771653543307773193, 0.1354279781212988087 ) ) ;
#3833 = EDGE_LOOP ( 'NONE', ( #3644, #118, #6619, #706, #4297, #1740 ) ) ;
#3834 = VECTOR ( 'NONE', #6500, 39.37007874015748143 ) ;
#3835 = CARTESIAN_POINT ( 'NONE',  ( -0.1594544362955578887, 0.05905511811024627411, 0.06887438451052953214 ) ) ;
#3836 = CARTESIAN_POINT ( 'NONE',  ( 0.2558998944129232123, -0.03937007874011121816, 0.01770268064204629996 ) ) ;
#3837 = CARTESIAN_POINT ( 'NONE',  ( 0.2558998944130499997, 0.03937007874016921344, -0.06695238714299646399 ) ) ;
#3838 = VECTOR ( 'NONE', #5724, 39.37007874015748143 ) ;
#3839 = DIRECTION ( 'NONE',  ( 1.000000000000000000, 0.000000000000000000, 0.000000000000000000 ) ) ;
#3840 = CARTESIAN_POINT ( 'NONE',  ( -0.0007417243760064197141, 0.2500024679033825414, 0.02840216675381434727 ) ) ;
#3841 = EDGE_LOOP ( 'NONE', ( #4044, #5329, #2797, #3914 ) ) ;
#3842 = VECTOR ( 'NONE', #1896, 39.37007874015748143 ) ;
#3843 = AXIS2_PLACEMENT_3D ( 'NONE', #2484, #3001, #5060 ) ;
#3844 = VERTEX_POINT ( 'NONE', #6590 ) ;
#3845 = CARTESIAN_POINT ( 'NONE',  ( -0.006927339229985205599, 0.2194906568797605206, 0.07861020880933472510 ) ) ;
#3846 = CARTESIAN_POINT ( 'NONE',  ( 0.1749569873916675400, 0.007874015748077421023, -0.07088939501700965151 ) ) ;
#3847 = CIRCLE ( 'NONE', #4711, 0.01771653543308204445 ) ;
#3848 = AXIS2_PLACEMENT_3D ( 'NONE', #3480, #893, #2470 ) ;
#3849 = ORIENTED_EDGE ( 'NONE', *, *, #313, .T. ) ;
#3850 = EDGE_CURVE ( 'NONE', #3502, #4443, #3488, .T. ) ;
#3851 = CARTESIAN_POINT ( 'NONE',  ( 0.08834281416333052139, -0.02952749408851968599, -0.04726734777295692885 ) ) ;
#3852 = VECTOR ( 'NONE', #4950, 39.37007874015748143 ) ;
#3853 = ORIENTED_EDGE ( 'NONE', *, *, #2909, .T. ) ;
#3854 = DIRECTION ( 'NONE',  ( -1.000000000000000000, 5.566118461305780248E-15, 2.099999999999999887E-14 ) ) ;
#3855 = VECTOR ( 'NONE', #5670, 39.37007874015748143 ) ;
#3856 = VERTEX_POINT ( 'NONE', #434 ) ;
#3857 = CARTESIAN_POINT ( 'NONE',  ( -0.04752334327065738107, 0.1482964311579757499, 0.03706041311996086107 ) ) ;
#3858 = ADVANCED_FACE ( 'NONE', ( #902 ), #3968, .T. ) ;
#3859 = ORIENTED_EDGE ( 'NONE', *, *, #3670, .T. ) ;
#3860 = CARTESIAN_POINT ( 'NONE',  ( 0.01012305462857975707, 0.1971809455936711641, 0.04422378349582845036 ) ) ;
#3861 = MECHANICAL_DESIGN_GEOMETRIC_PRESENTATION_REPRESENTATION (  '', ( #101 ), #3642 ) ;
#3862 = ADVANCED_FACE ( 'NONE', ( #1971 ), #53, .F. ) ;
#3863 = CARTESIAN_POINT ( 'NONE',  ( -0.1952651750647959872, 0.1919925024194772400, 0.1214367474055232099 ) ) ;
#3864 = FACE_OUTER_BOUND ( 'NONE', #5608, .T. ) ;
#3865 = PLANE ( 'NONE',  #5661 ) ;
#3866 = LINE ( 'NONE', #2883, #3316 ) ;
#3867 = ORIENTED_EDGE ( 'NONE', *, *, #4017, .F. ) ;
#3868 = CARTESIAN_POINT ( 'NONE',  ( -0.1801571725592694684, 0.1801022416791871195, 0.1574570616758672881 ) ) ;
#3869 = CARTESIAN_POINT ( 'NONE',  ( 0.1749569873916675400, 0.007874015748077540719, -0.04726734777295708151 ) ) ;
#3870 = ORIENTED_EDGE ( 'NONE', *, *, #3771, .F. ) ;
#3871 = ADVANCED_FACE ( 'NONE', ( #5042 ), #965, .F. ) ;
#3872 = DIRECTION ( 'NONE',  ( 1.000000000000000000, -1.442352733928416201E-28, -4.131062417209784855E-14 ) ) ;
#3873 = VERTEX_POINT ( 'NONE', #6612 ) ;
#3874 = LINE ( 'NONE', #201, #5104 ) ;
#3875 = CARTESIAN_POINT ( 'NONE',  ( -0.1932060945040063038, 0.1652358356420010055, 0.1574570616759000119 ) ) ;
#3876 = CARTESIAN_POINT ( 'NONE',  ( 0.1082620991375153607, 0.1751968503937112731, 0.1244571954898437138 ) ) ;
#3877 = SURFACE_STYLE_FILL_AREA ( #1276 ) ;
#3878 = EDGE_CURVE ( 'NONE', #2802, #602, #4054, .T. ) ;
#3879 = CARTESIAN_POINT ( 'NONE',  ( 0.001342193295246887907, 0.1994775335201804667, 0.06129022581385256546 ) ) ;
#3880 = DIMENSIONAL_EXPONENTS ( 1.000000000000000000, 0.000000000000000000, 0.000000000000000000, 0.000000000000000000, 0.000000000000000000, 0.000000000000000000, 0.000000000000000000 ) ;
#3881 = VERTEX_POINT ( 'NONE', #4023 ) ;
#3882 = LINE ( 'NONE', #4989, #2301 ) ;
#3883 = CARTESIAN_POINT ( 'NONE',  ( -0.05666355479469196987, 0.1459998432314665306, 0.04845564756923504551 ) ) ;
#3884 = ORIENTED_EDGE ( 'NONE', *, *, #2012, .T. ) ;
#3885 = CARTESIAN_POINT ( 'NONE',  ( -0.01401939056108515713, 0.03937007874020417159, 0.1338350144317690948 ) ) ;
#3886 = ORIENTED_EDGE ( 'NONE', *, *, #6446, .F. ) ;
#3887 = CARTESIAN_POINT ( 'NONE',  ( 0.08834281416333052139, 0.03937007874020338749, -0.07088939501700984580 ) ) ;
#3888 = VERTEX_POINT ( 'NONE', #2395 ) ;
#3889 = EDGE_CURVE ( 'NONE', #665, #15, #5542, .T. ) ;
#3890 = CARTESIAN_POINT ( 'NONE',  ( -0.04684073462573252328, 0.1007242526802854948, 0.04783323478123013145 ) ) ;
#3891 = VERTEX_POINT ( 'NONE', #484 ) ;
#3892 = CARTESIAN_POINT ( 'NONE',  ( -0.06788768398997997722, 0.1758554862760857984, 0.02696282295847122687 ) ) ;
#3893 = CARTESIAN_POINT ( 'NONE',  ( -0.1820449620185704831, 0.1918580953367677588, 0.1729682980780299084 ) ) ;
#3894 = CARTESIAN_POINT ( 'NONE',  ( -0.1820053207754567248, 0.1771653543307547263, -0.04726734777291834166 ) ) ;
#3895 = CARTESIAN_POINT ( 'NONE',  ( -0.2013363006014440848, 0.1935516124725102372, -0.09204568856043759961 ) ) ;
#3896 = VERTEX_POINT ( 'NONE', #1962 ) ;
#3897 = CARTESIAN_POINT ( 'NONE',  ( -0.05562159595906518428, 0.1437032553049573669, 0.06489967709925431594 ) ) ;
#3898 = CARTESIAN_POINT ( 'NONE',  ( -0.1820053207754567248, 0.1771653543307547263, -0.04726734777291834166 ) ) ;
#3899 = ADVANCED_FACE ( 'NONE', ( #6010 ), #6551, .T. ) ;
#3900 = FACE_OUTER_BOUND ( 'NONE', #4835, .T. ) ;
#3901 = EDGE_LOOP ( 'NONE', ( #456, #5418, #6609, #963 ) ) ;
#3902 = LINE ( 'NONE', #3770, #4490 ) ;
#3903 = ORIENTED_EDGE ( 'NONE', *, *, #5887, .T. ) ;
#3904 = DIRECTION ( 'NONE',  ( -1.000000000000000000, 0.000000000000000000, 0.000000000000000000 ) ) ;
#3905 = CARTESIAN_POINT ( 'NONE',  ( 0.2675295181064263894, 0.1652358356420011720, -0.04726734777295763662 ) ) ;
#3906 = DIRECTION ( 'NONE',  ( -4.100255488672080101E-14, 9.738106785596190714E-14, -1.000000000000000000 ) ) ;
#3907 = DIRECTION ( 'NONE',  ( 0.000000000000000000, -3.491481338843135327E-15, -1.000000000000000000 ) ) ;
#3908 = EDGE_LOOP ( 'NONE', ( #4524, #2064, #4937, #5733 ) ) ;
#3909 = PLANE ( 'NONE',  #3821 ) ;
#3910 = ADVANCED_FACE ( 'NONE', ( #6512 ), #1932, .T. ) ;
#3911 = CARTESIAN_POINT ( 'NONE',  ( -0.01550365110739785474, 0.1551861949375031580, 0.02108251481015539081 ) ) ;
#3912 = ORIENTED_EDGE ( 'NONE', *, *, #3996, .F. ) ;
#3913 = DIRECTION ( 'NONE',  ( -0.6947768954074831083, -0.7192253232526920614, 3.099701450626700601E-14 ) ) ;
#3914 = ORIENTED_EDGE ( 'NONE', *, *, #4083, .T. ) ;
#3915 = PLANE ( 'NONE',  #3213 ) ;
#3916 = PRESENTATION_LAYER_ASSIGNMENT (  '', '', ( #1644 ) ) ;
#3917 = CARTESIAN_POINT ( 'NONE',  ( -0.04684073462573252328, 0.1834014180346162648, 0.04783323478122982614 ) ) ;
#3918 = ORIENTED_EDGE ( 'NONE', *, *, #3188, .T. ) ;
#3919 = CARTESIAN_POINT ( 'NONE',  ( -0.006927339229985205599, 0.2568922316829099772, 0.07861020880933462796 ) ) ;
#3920 = VECTOR ( 'NONE', #4406, 39.37007874015748143 ) ;
#3921 = DIRECTION ( 'NONE',  ( -1.000000000000000000, 0.000000000000000000, 0.000000000000000000 ) ) ;
#3922 = CARTESIAN_POINT ( 'NONE',  ( 0.03739595740513453059, -0.09125785776262008986, 0.03540981758141811125 ) ) ;
#3923 = ADVANCED_FACE ( 'NONE', ( #4537 ), #5102, .F. ) ;
#3924 = ORIENTED_EDGE ( 'NONE', *, *, #72, .F. ) ;
#3925 = CARTESIAN_POINT ( 'NONE',  ( 0.1082620991375088659, 0.1712598425196911467, -0.02955081233988000183 ) ) ;
#3926 = DIRECTION ( 'NONE',  ( -1.844397018054724620E-16, -1.000000000000000000, 3.491481338843140061E-15 ) ) ;
#3927 = AXIS2_PLACEMENT_3D ( 'NONE', #3461, #5623, #2955 ) ;
#3928 = CARTESIAN_POINT ( 'NONE',  ( -0.1811079796026980049, 5.873473186378165032E-15, 0.1535200538018948735 ) ) ;
#3929 = VERTEX_POINT ( 'NONE', #1493 ) ;
#3930 = DIRECTION ( 'NONE',  ( -3.200000000000000249E-14, -1.000000000000000000, 3.491481338843134933E-15 ) ) ;
#3931 = ORIENTED_EDGE ( 'NONE', *, *, #3147, .F. ) ;
#3932 = CARTESIAN_POINT ( 'NONE',  ( -0.1984674173630531502, 0.1794331104931153609, -0.03304958899701176955 ) ) ;
#3933 = CARTESIAN_POINT ( 'NONE',  ( -0.05049599267484968651, 0.04724409448819574114, 0.009819266400273583481 ) ) ;
#3934 = LINE ( 'NONE', #5988, #6004 ) ;
#3935 = VECTOR ( 'NONE', #4547, 39.37007874015748143 ) ;
#3936 = ADVANCED_FACE ( 'NONE', ( #993, #5612, #352, #3048 ), #3990, .F. ) ;
#3937 = LINE ( 'NONE', #6495, #81 ) ;
#3938 = VECTOR ( 'NONE', #3302, 39.37007874015748143 ) ;
#3939 = EDGE_CURVE ( 'NONE', #209, #3873, #4601, .T. ) ;
#3940 = VERTEX_POINT ( 'NONE', #6648 ) ;
#3941 = DIRECTION ( 'NONE',  ( 1.000000000000000000, -7.211763669642100061E-29, -2.065531208604895267E-14 ) ) ;
#3942 = AXIS2_PLACEMENT_3D ( 'NONE', #1372, #1947, #907 ) ;
#3943 = CARTESIAN_POINT ( 'NONE',  ( -0.1811079796027023625, 5.122214988120487569E-15, -0.06695238714298701321 ) ) ;
#3944 = ORIENTED_EDGE ( 'NONE', *, *, #642, .T. ) ;
#3945 = VECTOR ( 'NONE', #6423, 39.37007874015748143 ) ;
#3946 = CARTESIAN_POINT ( 'NONE',  ( -0.1594544362955551409, 0.1751968503937112731, 0.1338350144317948798 ) ) ;
#3947 = ORIENTED_EDGE ( 'NONE', *, *, #2947, .F. ) ;
#3948 = EDGE_CURVE ( 'NONE', #2258, #1610, #2435, .T. ) ;
#3949 = DIRECTION ( 'NONE',  ( 4.131062417209784855E-14, 3.491481338843134933E-15, 1.000000000000000000 ) ) ;
#3950 = VECTOR ( 'NONE', #2216, 39.37007874015748143 ) ;
#3951 = AXIS2_PLACEMENT_3D ( 'NONE', #3343, #2833, #1782 ) ;
#3952 = CARTESIAN_POINT ( 'NONE',  ( -0.008839977064414398025, 0.2171940689532516622, 0.05624143073310773622 ) ) ;
#3953 = ORIENTED_EDGE ( 'NONE', *, *, #6275, .F. ) ;
#3954 = ADVANCED_FACE ( 'NONE', ( #1520 ), #5268, .F. ) ;
#3955 = CARTESIAN_POINT ( 'NONE',  ( 0.01152436365490823456, 0.2545956437564009245, 0.06633902089459715878 ) ) ;
#3956 = VECTOR ( 'NONE', #2135, 39.37007874015748143 ) ;
#3957 = AXIS2_PLACEMENT_3D ( 'NONE', #6040, #3512, #2534 ) ;
#3958 = DIRECTION ( 'NONE',  ( -3.200000000000000249E-14, -1.000000000000000000, 3.491481338843134933E-15 ) ) ;
#3959 = CARTESIAN_POINT ( 'NONE',  ( 0.001342193295246887907, 0.2447531240713617662, 0.06129022581385230872 ) ) ;
#3960 = CARTESIAN_POINT ( 'NONE',  ( 0.1589747102916773680, 0.1968503937008335147, -0.02167679659181448448 ) ) ;
#3961 = DIRECTION ( 'NONE',  ( 2.099999999999999887E-14, 3.491481338843134933E-15, 1.000000000000000000 ) ) ;
#3962 = ORIENTED_EDGE ( 'NONE', *, *, #5176, .F. ) ;
#3963 = CARTESIAN_POINT ( 'NONE',  ( -0.05666355479469196987, 0.09088173299524605897, 0.04845564756923527450 ) ) ;
#3964 = CARTESIAN_POINT ( 'NONE',  ( 0.08834281416333052139, 0.03937007874020425485, 0.1574570616759004282 ) ) ;
#3965 = VECTOR ( 'NONE', #5162, 39.37007874015748143 ) ;
#3966 = CARTESIAN_POINT ( 'NONE',  ( -0.07166239195090216840, 0.3543307086614264634, 0.3798980065577469145 ) ) ;
#3967 = VERTEX_POINT ( 'NONE', #4191 ) ;
#3968 = PLANE ( 'NONE',  #4612 ) ;
#3969 = CARTESIAN_POINT ( 'NONE',  ( 0.2558998944129232123, -0.1123849554454065119, 0.01770268064204655670 ) ) ;
#3970 = LINE ( 'NONE', #6021, #1375 ) ;
#3971 = CARTESIAN_POINT ( 'NONE',  ( -0.2243445873496708598, 0.1968503937008335147, -0.07651371076763781309 ) ) ;
#3972 = CARTESIAN_POINT ( 'NONE',  ( 0.2675295181064263894, 0.1652358356420002283, -0.07088939501704961954 ) ) ;
#3973 = VERTEX_POINT ( 'NONE', #5739 ) ;
#3974 = CARTESIAN_POINT ( 'NONE',  ( 0.1227626593883104217, -0.03543300589955346303, 0.3267484002585417935 ) ) ;
#3975 = DIRECTION ( 'NONE',  ( 1.000000000000000000, -3.200000000000007822E-14, -2.099999999999999887E-14 ) ) ;
#3976 = EDGE_CURVE ( 'NONE', #5630, #5313, #4735, .T. ) ;
#3977 = ORIENTED_EDGE ( 'NONE', *, *, #2984, .T. ) ;
#3978 = CARTESIAN_POINT ( 'NONE',  ( -0.1932060945040063038, 0.1652358356420002283, -0.07088939501701024826 ) ) ;
#3979 = EDGE_CURVE ( 'NONE', #4768, #1527, #3080, .T. ) ;
#3980 = FACE_OUTER_BOUND ( 'NONE', #2907, .T. ) ;
#3981 = EDGE_CURVE ( 'NONE', #2892, #955, #2331, .T. ) ;
#3982 = ORIENTED_EDGE ( 'NONE', *, *, #1635, .T. ) ;
#3983 = DIRECTION ( 'NONE',  ( 4.484155085839414627E-44, 1.000000000000000000, -3.491481338843134933E-15 ) ) ;
#3984 = ORIENTED_EDGE ( 'NONE', *, *, #5061, .F. ) ;
#3985 = CARTESIAN_POINT ( 'NONE',  ( -0.2243445873496708598, 0.1968503937008342641, 0.1630813774264923410 ) ) ;
#3986 = CARTESIAN_POINT ( 'NONE',  ( -0.01987603590582453367, 0.1374696595044322678, 0.02990053300728335098 ) ) ;
#3987 = ORIENTED_EDGE ( 'NONE', *, *, #246, .F. ) ;
#3988 = CARTESIAN_POINT ( 'NONE',  ( -0.06648637496365107646, 0.09088173299524612836, 0.04907806035724094490 ) ) ;
#3989 = DIRECTION ( 'NONE',  ( -0.6727643994741011602, -0.7398567853309532261, 3.016653653783764503E-14 ) ) ;
#3990 = PLANE ( 'NONE',  #3957 ) ;
#3991 = APPLICATION_PROTOCOL_DEFINITION ( 'draft international standard', 'automotive_design', 1998, #4217 ) ;
#3992 = DIRECTION ( 'NONE',  ( 1.000000000000000000, 0.000000000000000000, 0.000000000000000000 ) ) ;
#3993 = PLANE ( 'NONE',  #2325 ) ;
#3994 = VERTEX_POINT ( 'NONE', #1646 ) ;
#3995 = CARTESIAN_POINT ( 'NONE',  ( -0.04398554573455393940, 0.09547490884826437263, 0.02288724045285641870 ) ) ;
#3996 = EDGE_CURVE ( 'NONE', #242, #4254, #119, .T. ) ;
#3997 = CARTESIAN_POINT ( 'NONE',  ( 0.2440888707910086886, 0.03937007874016992121, 0.1535200538018858252 ) ) ;
#3998 = PLANE ( 'NONE',  #2652 ) ;
#3999 = EDGE_LOOP ( 'NONE', ( #176, #1331, #5723, #6614 ) ) ;
#4000 = CYLINDRICAL_SURFACE ( 'NONE', #844, 0.04330708661416905747 ) ;
#4001 = DIRECTION ( 'NONE',  ( 1.000000000000000000, -1.442352733928416201E-28, -4.131062417209784855E-14 ) ) ;
#4002 = PLANE ( 'NONE',  #2128 ) ;
#4003 = CARTESIAN_POINT ( 'NONE',  ( 0.1751912329957273917, -5.122214988120487569E-15, 0.1417090301798401564 ) ) ;
#4004 = CARTESIAN_POINT ( 'NONE',  ( -0.05770551363031844322, 0.1305798957249047765, 0.03201161803921647592 ) ) ;
#4005 = ORIENTED_EDGE ( 'NONE', *, *, #6155, .F. ) ;
#4006 = CARTESIAN_POINT ( 'NONE',  ( 0.2555061936257114197, 0.1918580953367677588, 0.1729682980780299084 ) ) ;
#4007 = DIRECTION ( 'NONE',  ( 0.000000000000000000, -1.000000000000000000, 3.491481338843134933E-15 ) ) ;
#4008 = ORIENTED_EDGE ( 'NONE', *, *, #6305, .T. ) ;
#4009 = CARTESIAN_POINT ( 'NONE',  ( 0.2751912329957968417, -0.1123849554454065119, 0.04328383333244213704 ) ) ;
#4010 = EDGE_CURVE ( 'NONE', #6153, #5619, #2158, .T. ) ;
#4011 = CARTESIAN_POINT ( 'NONE',  ( 0.1968447763028161601, 0.07086614173229861813, 0.05115784907747717575 ) ) ;
#4012 = VERTEX_POINT ( 'NONE', #6240 ) ;
#4013 = LINE ( 'NONE', #957, #1485 ) ;
#4014 = B_SPLINE_CURVE_WITH_KNOTS ( 'NONE', 3,
 ( #4656, #5854, #1544, #511 ),
 .UNSPECIFIED., .F., .F.,
 ( 4, 4 ),
 ( 1.857269651038528398E-16, 0.0003126524636015714804 ),
 .UNSPECIFIED. ) ;
#4015 = VERTEX_POINT ( 'NONE', #2630 ) ;
#4016 = DIRECTION ( 'NONE',  ( -1.000000000000000000, 7.211763669642100061E-29, 2.065531208604895267E-14 ) ) ;
#4017 = EDGE_CURVE ( 'NONE', #3141, #2876, #84, .T. ) ;
#4018 = CARTESIAN_POINT ( 'NONE',  ( -0.02954687745738516017, 0.1627321266960332635, 0.02510527860399680219 ) ) ;
#4019 = ORIENTED_EDGE ( 'NONE', *, *, #34, .F. ) ;
#4020 = CARTESIAN_POINT ( 'NONE',  ( -0.03098427822019291997, 0.1528896070109937999, 0.002420447128996478479 ) ) ;
#4021 = EDGE_CURVE ( 'NONE', #2876, #6056, #16, .T. ) ;
#4022 = DIRECTION ( 'NONE',  ( -1.388035422500259982E-13, 1.000000000000000000, -3.491481338839545221E-15 ) ) ;
#4023 = CARTESIAN_POINT ( 'NONE',  ( -0.1594544362955573336, 0.04724409448819590768, 0.08068540813256674937 ) ) ;
#4024 = LINE ( 'NONE', #1392, #5121 ) ;
#4025 = LINE ( 'NONE', #2944, #5902 ) ;
#4026 = EDGE_LOOP ( 'NONE', ( #6078, #3597, #3870, #5970 ) ) ;
#4027 = CARTESIAN_POINT ( 'NONE',  ( -0.02609774249628226545, 0.1115510243338290602, 0.07953898098657313787 ) ) ;
#4028 = FACE_OUTER_BOUND ( 'NONE', #1519, .T. ) ;
#4029 = DIRECTION ( 'NONE',  ( 0.000000000000000000, 1.000000000000000000, -3.491481338843134933E-15 ) ) ;
#4030 = ORIENTED_EDGE ( 'NONE', *, *, #5379, .T. ) ;
#4031 = DIRECTION ( 'NONE',  ( 0.000000000000000000, 3.491481338843134933E-15, 1.000000000000000000 ) ) ;
#4032 = DIRECTION ( 'NONE',  ( 1.000000000000000000, -1.431507348925684052E-28, -4.100000000000000200E-14 ) ) ;
#4033 = FACE_OUTER_BOUND ( 'NONE', #5840, .T. ) ;
#4034 = CARTESIAN_POINT ( 'NONE',  ( 0.001342193295246887907, 0.1719184784020703349, 0.06129022581385255852 ) ) ;
#4035 = ORIENTED_EDGE ( 'NONE', *, *, #712, .F. ) ;
#4036 = CIRCLE ( 'NONE', #913, 0.005905511811027342947 ) ;
#4037 = DIRECTION ( 'NONE',  ( -2.099999999999999887E-14, -3.491481338843134933E-15, -1.000000000000000000 ) ) ;
#4038 = VERTEX_POINT ( 'NONE', #4223 ) ;
#4039 = DIRECTION ( 'NONE',  ( -4.100000000000000200E-14, -3.491481338843134933E-15, -1.000000000000000000 ) ) ;
#4040 = ORIENTED_EDGE ( 'NONE', *, *, #5025, .F. ) ;
#4041 = CARTESIAN_POINT ( 'NONE',  ( -0.03937569613812913483, 0.07086614173230532110, 0.05115784907748212318 ) ) ;
#4042 = AXIS2_PLACEMENT_3D ( 'NONE', #220, #5511, #3992 ) ;
#4043 = LINE ( 'NONE', #1483, #4592 ) ;
#4044 = ORIENTED_EDGE ( 'NONE', *, *, #5744, .T. ) ;
#4045 = VECTOR ( 'NONE', #577, 39.37007874015748143 ) ;
#4046 = CARTESIAN_POINT ( 'NONE',  ( -0.1932060945040063038, 0.03937007874020417159, 0.1338350144318084523 ) ) ;
#4047 = VERTEX_POINT ( 'NONE', #3715 ) ;
#4048 = DIRECTION ( 'NONE',  ( 0.000000000000000000, 1.000000000000000000, -3.491481338843134933E-15 ) ) ;
#4049 = VECTOR ( 'NONE', #4281, 39.37007874015748143 ) ;
#4050 = CARTESIAN_POINT ( 'NONE',  ( -0.04615812598080749896, 0.2086638852262173993, 0.05860605644249920754 ) ) ;
#4051 = ORIENTED_EDGE ( 'NONE', *, *, #5621, .T. ) ;
#4052 = EDGE_CURVE ( 'NONE', #1496, #6578, #5231, .T. ) ;
#4053 = PLANE ( 'NONE',  #4461 ) ;
#4054 = LINE ( 'NONE', #4972, #2117 ) ;
#4055 = CIRCLE ( 'NONE', #1812, 0.05056999097458962644 ) ;
#4056 = PLANE ( 'NONE',  #5771 ) ;
#4057 = DIRECTION ( 'NONE',  ( 0.000000000000000000, -3.491481338843135327E-15, -1.000000000000000000 ) ) ;
#4058 = AXIS2_PLACEMENT_3D ( 'NONE', #4923, #1308, #3398 ) ;
#4059 = ORIENTED_EDGE ( 'NONE', *, *, #129, .F. ) ;
#4060 = CARTESIAN_POINT ( 'NONE',  ( -0.02609774249628226545, 0.1666691345700493376, 0.07953898098657291582 ) ) ;
#4061 = EDGE_CURVE ( 'NONE', #5313, #861, #546, .T. ) ;
#4062 = DIRECTION ( 'NONE',  ( -4.100000000000000200E-14, -3.491481338843134933E-15, -1.000000000000000000 ) ) ;
#4063 = CARTESIAN_POINT ( 'NONE',  ( -0.01237777460051775469, 0.2194906568797606317, 0.07041460340021239717 ) ) ;
#4064 = EDGE_LOOP ( 'NONE', ( #5834, #4255, #3012, #5746 ) ) ;
#4065 = DIRECTION ( 'NONE',  ( 1.000000000000000000, -1.431507348925685397E-28, -4.100000000000000200E-14 ) ) ;
#4066 = VECTOR ( 'NONE', #3025, 39.37007874015748143 ) ;
#4067 = EDGE_CURVE ( 'NONE', #2037, #1817, #1551, .T. ) ;
#4068 = DIRECTION ( 'NONE',  ( 0.000000000000000000, -1.000000000000000000, 3.491481338843135327E-15 ) ) ;
#4069 = DIRECTION ( 'NONE',  ( 0.000000000000000000, -3.491481338843135327E-15, -1.000000000000000000 ) ) ;
#4070 = LINE ( 'NONE', #3058, #1021 ) ;
#4071 = CARTESIAN_POINT ( 'NONE',  ( -0.03026557783878933150, 0.2454092920503643527, 0.01376286286649584627 ) ) ;
#4072 = ORIENTED_EDGE ( 'NONE', *, *, #2340, .F. ) ;
#4073 = VECTOR ( 'NONE', #1832, 39.37007874015748143 ) ;
#4074 = VECTOR ( 'NONE', #1850, 39.37007874015748143 ) ;
#4075 = ADVANCED_FACE ( 'NONE', ( #615 ), #3112, .T. ) ;
#4076 = CARTESIAN_POINT ( 'NONE',  ( 0.1259786345705315169, -3.209921392555507852E-15, 0.05115784907747889659 ) ) ;
#4077 = ORIENTED_EDGE ( 'NONE', *, *, #4052, .F. ) ;
#4078 = DIRECTION ( 'NONE',  ( -1.000000000000000000, 0.000000000000000000, 0.000000000000000000 ) ) ;
#4079 = AXIS2_PLACEMENT_3D ( 'NONE', #1192, #1259, #4337 ) ;
#4080 = VECTOR ( 'NONE', #2224, 39.37007874015748143 ) ;
#4081 = ORIENTED_EDGE ( 'NONE', *, *, #3131, .T. ) ;
#4082 = DIRECTION ( 'NONE',  ( 1.000000000000000000, -1.406270871240574143E-28, -4.027719855167626086E-14 ) ) ;
#4083 = EDGE_CURVE ( 'NONE', #5445, #3342, #6300, .T. ) ;
#4084 = PLANE ( 'NONE',  #5022 ) ;
#4085 = ORIENTED_EDGE ( 'NONE', *, *, #1129, .F. ) ;
#4086 = LINE ( 'NONE', #3071, #2768 ) ;
#4087 = ORIENTED_EDGE ( 'NONE', *, *, #919, .T. ) ;
#4088 = CARTESIAN_POINT ( 'NONE',  ( -0.2013363006014538825, 0.1771653543307571688, -0.03368633418163379661 ) ) ;
#4089 = CARTESIAN_POINT ( 'NONE',  ( -0.01550365110739785474, 0.1374696595044322955, 0.02108251481015543244 ) ) ;
#4090 = ORIENTED_EDGE ( 'NONE', *, *, #1396, .T. ) ;
#4091 = CARTESIAN_POINT ( 'NONE',  ( -0.1006335637894395785, 0.007874015748078170424, 0.1338350144318086743 ) ) ;
#4092 = CARTESIAN_POINT ( 'NONE',  ( 0.1082620991375110309, 0.05905511811024606594, 0.02163029002232822948 ) ) ;
#4093 = CARTESIAN_POINT ( 'NONE',  ( 0.2925759952178397794, 0.1999753174074633544, 0.1574570616758604324 ) ) ;
#4094 = ORIENTED_EDGE ( 'NONE', *, *, #494, .T. ) ;
#4095 = DIRECTION ( 'NONE',  ( 1.000000000000000000, -3.200000000000000249E-14, -2.099999999999999887E-14 ) ) ;
#4096 = ADVANCED_FACE ( 'NONE', ( #1022 ), #3142, .F. ) ;
#4097 = LINE ( 'NONE', #5108, #3415 ) ;
#4098 = CARTESIAN_POINT ( 'NONE',  ( -0.05770551363031868608, 0.2034145413941959857, 0.03201161803921583754 ) ) ;
#4099 = VERTEX_POINT ( 'NONE', #5198 ) ;
#4100 = CARTESIAN_POINT ( 'NONE',  ( -0.03026557783878931415, 0.1351730715779231873, 0.01376286286649618974 ) ) ;
#4101 = CARTESIAN_POINT ( 'NONE',  ( 0.2555061936257114197, -0.1123849554454065119, 0.01770268064204655670 ) ) ;
#4102 = DIRECTION ( 'NONE',  ( 2.899137802863772963E-14, 0.7071067811868114728, 0.7071067811862835617 ) ) ;
#4103 = EDGE_CURVE ( 'NONE', #5238, #5031, #2017, .T. ) ;
#4104 = DIRECTION ( 'NONE',  ( 1.000000000000000000, -7.211763669642100061E-29, -2.065531208604895267E-14 ) ) ;
#4105 = CARTESIAN_POINT ( 'NONE',  ( -0.01550365110739785474, 0.1374696595044322955, 0.02108251481015543244 ) ) ;
#4106 = ORIENTED_EDGE ( 'NONE', *, *, #5356, .T. ) ;
#4107 = EDGE_CURVE ( 'NONE', #3929, #3354, #4394, .T. ) ;
#4108 = FACE_OUTER_BOUND ( 'NONE', #3660, .T. ) ;
#4109 = FACE_OUTER_BOUND ( 'NONE', #575, .T. ) ;
#4110 = ORIENTED_EDGE ( 'NONE', *, *, #6548, .F. ) ;
#4111 = DIRECTION ( 'NONE',  ( -4.100255488672080101E-14, 9.738106785596190714E-14, -1.000000000000000000 ) ) ;
#4112 = LINE ( 'NONE', #2179, #2206 ) ;
#4113 = B_SPLINE_CURVE_WITH_KNOTS ( 'NONE', 3,
 ( #1039, #4207, #3062, #2172 ),
 .UNSPECIFIED., .F., .F.,
 ( 4, 4 ),
 ( 0.000000000000000000, 0.0001736013346966850063 ),
 .UNSPECIFIED. ) ;
#4114 = ORIENTED_EDGE ( 'NONE', *, *, #1995, .F. ) ;
#4115 = EDGE_CURVE ( 'NONE', #4796, #4174, #1060, .T. ) ;
#4116 = CARTESIAN_POINT ( 'NONE',  ( -0.06003881502188917335, 0.3425196850393794623, 0.1043074553766576706 ) ) ;
#4117 = EDGE_LOOP ( 'NONE', ( #850, #5951, #3288, #5384 ) ) ;
#4118 = EDGE_CURVE ( 'NONE', #1939, #1094, #4795, .T. ) ;
#4119 = CARTESIAN_POINT ( 'NONE',  ( -0.04085966922767377690, 0.1788082421815980205, 0.07221932904291337996 ) ) ;
#4120 = ORIENTED_EDGE ( 'NONE', *, *, #285, .F. ) ;
#4121 = CARTESIAN_POINT ( 'NONE',  ( 0.1060593495963950833, -0.02952749408851984905, -0.07088939501700945722 ) ) ;
#4122 = DIRECTION ( 'NONE',  ( -4.100000000000000200E-14, -3.491481338843134933E-15, -1.000000000000000000 ) ) ;
#4123 = ORIENTED_EDGE ( 'NONE', *, *, #2402, .F. ) ;
#4124 = CARTESIAN_POINT ( 'NONE',  ( 0.001342193295246887907, 0.2447531240713617662, 0.06129022581385230178 ) ) ;
#4125 = CARTESIAN_POINT ( 'NONE',  ( -0.05666355479469196987, 0.1184407881133563017, 0.04845564756923519817 ) ) ;
#4126 = VERTEX_POINT ( 'NONE', #3241 ) ;
#4127 = CARTESIAN_POINT ( 'NONE',  ( -0.01550365110739785474, 0.1650287146225425383, 0.02108251481015535264 ) ) ;
#4128 = EDGE_CURVE ( 'NONE', #3206, #941, #4896, .T. ) ;
#4129 = AXIS2_PLACEMENT_3D ( 'NONE', #5852, #1870, #5888 ) ;
#4130 = FACE_OUTER_BOUND ( 'NONE', #6302, .T. ) ;
#4131 = PLANE ( 'NONE',  #3002 ) ;
#4132 = CARTESIAN_POINT ( 'NONE',  ( 0.1141676109484856261, 0.07086614173230078306, 0.05115784907747889659 ) ) ;
#4133 = CARTESIAN_POINT ( 'NONE',  ( -0.0007417243760064197141, 0.1397662474309415148, 0.02840216675381476361 ) ) ;
#4134 = ORIENTED_EDGE ( 'NONE', *, *, #932, .F. ) ;
#4135 = DIRECTION ( 'NONE',  ( 1.000000000000000000, -1.431507348925684052E-28, -4.100000000000000200E-14 ) ) ;
#4136 = ORIENTED_EDGE ( 'NONE', *, *, #2569, .T. ) ;
#4137 = DIRECTION ( 'NONE',  ( 1.000000000000000000, -3.200000000000000249E-14, -2.099999999999999887E-14 ) ) ;
#4138 = ADVANCED_FACE ( 'NONE', ( #2764 ), #5400, .F. ) ;
#4139 = ORIENTED_EDGE ( 'NONE', *, *, #4188, .T. ) ;
#4140 = CARTESIAN_POINT ( 'NONE',  ( 0.2440888707910086886, 0.03937007874016992121, 0.1535200538018858252 ) ) ;
#4141 = VECTOR ( 'NONE', #3168, 39.37007874015748143 ) ;
#4142 = DIRECTION ( 'NONE',  ( 0.000000000000000000, -3.491481338843134933E-15, -1.000000000000000000 ) ) ;
#4143 = ADVANCED_FACE ( 'NONE', ( #1315 ), #1283, .F. ) ;
#4144 = VECTOR ( 'NONE', #6396, 39.37007874015748143 ) ;
#4145 = ORIENTED_EDGE ( 'NONE', *, *, #940, .F. ) ;
#4146 = EDGE_CURVE ( 'NONE', #4038, #861, #5297, .T. ) ;
#4147 = ORIENTED_EDGE ( 'NONE', *, *, #4400, .F. ) ;
#4148 = DIRECTION ( 'NONE',  ( 2.899137802863773594E-14, 0.7071067811868115838, 0.7071067811862835617 ) ) ;
#4149 = VERTEX_POINT ( 'NONE', #2287 ) ;
#4150 = CARTESIAN_POINT ( 'NONE',  ( -0.05887281091738342381, 0.05441342046635690849, 0.07351608215459248807 ) ) ;
#4151 = AXIS2_PLACEMENT_3D ( 'NONE', #3971, #5556, #2512 ) ;
#4152 = EDGE_CURVE ( 'NONE', #5531, #1597, #4426, .T. ) ;
#4153 = CARTESIAN_POINT ( 'NONE',  ( -0.01782820997105006786, 0.2568922316829099772, 0.06221899799109022883 ) ) ;
#4154 = ORIENTED_EDGE ( 'NONE', *, *, #2413, .T. ) ;
#4155 = VECTOR ( 'NONE', #4784, 39.37007874015748143 ) ;
#4156 = CARTESIAN_POINT ( 'NONE',  ( -0.1003993181853708727, 0.03937007874016110187, 0.1417090301798458740 ) ) ;
#4157 = DIRECTION ( 'NONE',  ( -1.000000000000000000, 7.211763669642100061E-29, 2.065531208604895267E-14 ) ) ;
#4158 = ORIENTED_EDGE ( 'NONE', *, *, #5763, .T. ) ;
#4159 = CARTESIAN_POINT ( 'NONE',  ( -0.02609774249628226545, 0.1942281896881596359, 0.07953898098657269378 ) ) ;
#4160 = EDGE_CURVE ( 'NONE', #6166, #5403, #1184, .T. ) ;
#4161 = LINE ( 'NONE', #6616, #4823 ) ;
#4162 = CARTESIAN_POINT ( 'NONE',  ( 0.001342193295246887907, 0.1069578484808104274, 0.06129022581385275975 ) ) ;
#4163 = ORIENTED_EDGE ( 'NONE', *, *, #6101, .F. ) ;
#4164 = CARTESIAN_POINT ( 'NONE',  ( -0.0007417243760064197141, 0.1948843576671620281, 0.02840216675381457972 ) ) ;
#4165 = CIRCLE ( 'NONE', #1250, 0.01771653543308204792 ) ;
#4166 = CARTESIAN_POINT ( 'NONE',  ( -0.1594544362955598593, 0.05905511811024606594, 0.02163029002234571202 ) ) ;
#4167 = CARTESIAN_POINT ( 'NONE',  ( 0.1417266660666234579, -0.1397637795275626094, -0.07088939501700905477 ) ) ;
#4168 = CARTESIAN_POINT ( 'NONE',  ( 0.1082620991375084635, 0.1751968503937108290, -0.04333033989893796123 ) ) ;
#4169 = CARTESIAN_POINT ( 'NONE',  ( 0.2502230127988674391, 0.1936205956005861706, 0.1485759942491541030 ) ) ;
#4170 = ORIENTED_EDGE ( 'NONE', *, *, #722, .F. ) ;
#4171 = VECTOR ( 'NONE', #1546, 39.37007874015748143 ) ;
#4172 = VECTOR ( 'NONE', #1904, 39.37007874015748143 ) ;
#4173 = CYLINDRICAL_SURFACE ( 'NONE', #2869, 0.005905511811027342947 ) ;
#4174 = VERTEX_POINT ( 'NONE', #1713 ) ;
#4175 = CARTESIAN_POINT ( 'NONE',  ( -0.1820449620185704831, -0.1123849554454065119, 0.04328383333244213704 ) ) ;
#4176 = DIRECTION ( 'NONE',  ( 1.000000000000000000, -2.793421535665763066E-16, -2.099999999999999887E-14 ) ) ;
#4177 = VECTOR ( 'NONE', #5588, 39.37007874015748143 ) ;
#4178 = DIRECTION ( 'NONE',  ( 1.000000000000000000, -3.200000000000007822E-14, -2.099999999999999887E-14 ) ) ;
#4179 = VECTOR ( 'NONE', #4594, 39.37007874015748143 ) ;
#4180 = EDGE_CURVE ( 'NONE', #4149, #5129, #5934, .T. ) ;
#4181 = PLANE ( 'NONE',  #1564 ) ;
#4182 = AXIS2_PLACEMENT_3D ( 'NONE', #1602, #98, #6222 ) ;
#4183 = EDGE_LOOP ( 'NONE', ( #631, #5949, #914, #4170, #5285, #3338 ) ) ;
#4184 = ORIENTED_EDGE ( 'NONE', *, *, #1053, .T. ) ;
#4185 = CARTESIAN_POINT ( 'NONE',  ( -0.1006335637894395785, 0.007874015748078170424, 0.1338350144318086743 ) ) ;
#4186 = ORIENTED_EDGE ( 'NONE', *, *, #2550, .F. ) ;
#4187 = DIRECTION ( 'NONE',  ( 1.000000000000000000, 0.000000000000000000, 0.000000000000000000 ) ) ;
#4188 = EDGE_CURVE ( 'NONE', #3476, #1301, #281, .T. ) ;
#4189 = CARTESIAN_POINT ( 'NONE',  ( -0.02609774249628226198, 0.1213935440188682047, 0.07953898098657292970 ) ) ;
#4190 = ORIENTED_EDGE ( 'NONE', *, *, #883, .T. ) ;
#4191 = CARTESIAN_POINT ( 'NONE',  ( -0.06189358770222146144, 0.05905511811024606594, 0.02163029002232822948 ) ) ;
#4192 = ADVANCED_FACE ( 'NONE', ( #178, #2221 ), #4327, .T. ) ;
#4193 = LINE ( 'NONE', #120, #68 ) ;
#4194 = VERTEX_POINT ( 'NONE', #2870 ) ;
#4195 = CARTESIAN_POINT ( 'NONE',  ( -0.01550365110739785474, 0.1827452500556134007, 0.02108251481015527978 ) ) ;
#4196 = DIRECTION ( 'NONE',  ( 0.000000000000000000, -3.491481338843134933E-15, -1.000000000000000000 ) ) ;
#4197 = CARTESIAN_POINT ( 'NONE',  ( -0.05666355479469196987, 0.1459998432314665306, 0.04845564756923504551 ) ) ;
#4198 = ORIENTED_EDGE ( 'NONE', *, *, #3365, .F. ) ;
#4199 = CARTESIAN_POINT ( 'NONE',  ( -0.04085966922767377690, 0.1788082421815980205, 0.07221932904291337996 ) ) ;
#4200 = LENGTH_MEASURE_WITH_UNIT ( LENGTH_MEASURE( 0.02539999999999999897 ), #1561 );
#4201 = CARTESIAN_POINT ( 'NONE',  ( -0.01401939056108515713, -0.02952749408851901639, 0.1574570616759005948 ) ) ;
#4202 = EDGE_CURVE ( 'NONE', #5445, #5280, #1819, .T. ) ;
#4203 = DIRECTION ( 'NONE',  ( 0.000000000000000000, -1.000000000000000000, 3.491481338843134933E-15 ) ) ;
#4204 = PLANE ( 'NONE',  #5883 ) ;
#4205 = ORIENTED_EDGE ( 'NONE', *, *, #5107, .T. ) ;
#4206 = LINE ( 'NONE', #2643, #5998 ) ;
#4207 = CARTESIAN_POINT ( 'NONE',  ( 0.2726898428190394075, 0.1792072533914653432, -0.03311300561307346790 ) ) ;
#4208 = ORIENTED_EDGE ( 'NONE', *, *, #1374, .T. ) ;
#4209 = FACE_OUTER_BOUND ( 'NONE', #114, .T. ) ;
#4210 = ORIENTED_EDGE ( 'NONE', *, *, #6576, .T. ) ;
#4211 = CARTESIAN_POINT ( 'NONE',  ( -0.08465128668923979638, 0.1771653543307547263, -0.02167679659181440815 ) ) ;
#4212 = DIMENSIONAL_EXPONENTS ( 1.000000000000000000, 0.000000000000000000, 0.000000000000000000, 0.000000000000000000, 0.000000000000000000, 0.000000000000000000, 0.000000000000000000 ) ;
#4213 = LINE ( 'NONE', #2653, #5562 ) ;
#4214 = ORIENTED_EDGE ( 'NONE', *, *, #3005, .F. ) ;
#4215 = CARTESIAN_POINT ( 'NONE',  ( 0.2555061936257114197, 0.1574803149606749941, -0.04333033989894229110 ) ) ;
#4216 = ADVANCED_FACE ( 'NONE', ( #5432 ), #2358, .T. ) ;
#4217 = APPLICATION_CONTEXT ( 'automotive_design' ) ;
#4218 = ORIENTED_EDGE ( 'NONE', *, *, #5671, .T. ) ;
#4219 = CARTESIAN_POINT ( 'NONE',  ( -0.03937569613812913483, 0.03937007874015865938, 0.05115784907748228971 ) ) ;
#4220 = B_SPLINE_CURVE_WITH_KNOTS ( 'NONE', 3,
 ( #2738, #3762, #791, #4905 ),
 .UNSPECIFIED., .F., .F.,
 ( 4, 4 ),
 ( 3.679904200040097469E-18, 0.0001381356851085840454 ),
 .UNSPECIFIED. ) ;
#4221 = ORIENTED_EDGE ( 'NONE', *, *, #4742, .F. ) ;
#4222 = EDGE_CURVE ( 'NONE', #5211, #720, #5367, .T. ) ;
#4223 = CARTESIAN_POINT ( 'NONE',  ( -0.002563056893076492721, 0.3543307086614255752, 0.1043074553766574902 ) ) ;
#4224 = CARTESIAN_POINT ( 'NONE',  ( 0.1060593495963950833, -0.02952749408851909271, 0.1338350144317692891 ) ) ;
#4225 = ORIENTED_EDGE ( 'NONE', *, *, #3157, .F. ) ;
#4226 = LINE ( 'NONE', #182, #1048 ) ;
#4227 = CARTESIAN_POINT ( 'NONE',  ( -0.01782820997105006786, 0.1368134915254298756, 0.06221899799109067292 ) ) ;
#4228 = EDGE_CURVE ( 'NONE', #3760, #4047, #1212, .T. ) ;
#4229 = ORIENTED_EDGE ( 'NONE', *, *, #4593, .T. ) ;
#4230 = CARTESIAN_POINT ( 'NONE',  ( -0.05666355479469196987, 0.2385195282708366116, 0.04845564756923473326 ) ) ;
#4231 = DIRECTION ( 'NONE',  ( -1.000000000000000000, 0.000000000000000000, 0.000000000000000000 ) ) ;
#4232 = CARTESIAN_POINT ( 'NONE',  ( 0.1417266660666277600, -0.1397637795275622208, 0.05115784907747912558 ) ) ;
#4233 = CARTESIAN_POINT ( 'NONE',  ( -0.03173592599414968435, -0.02952749408851901639, 0.1574570616759005948 ) ) ;
#4234 = ORIENTED_EDGE ( 'NONE', *, *, #5763, .F. ) ;
#4235 = DIRECTION ( 'NONE',  ( -1.000000000000000000, 1.431507348925684052E-28, 4.100000000000000200E-14 ) ) ;
#4236 = DIRECTION ( 'NONE',  ( 1.000000000000000000, 0.000000000000000000, 0.000000000000000000 ) ) ;
#4237 = ORIENTED_EDGE ( 'NONE', *, *, #614, .F. ) ;
#4238 = CARTESIAN_POINT ( 'NONE',  ( 0.1141676109484856261, 0.07086614173230078306, 0.03540981758141594632 ) ) ;
#4239 = ORIENTED_EDGE ( 'NONE', *, *, #407, .F. ) ;
#4240 = EDGE_CURVE ( 'NONE', #3787, #2755, #3269, .T. ) ;
#4241 = CARTESIAN_POINT ( 'NONE',  ( -0.1820053207754567248, 0.1771653543307550871, 0.1338350144318080637 ) ) ;
#4242 = VECTOR ( 'NONE', #1367, 39.37007874015748143 ) ;
#4243 = CARTESIAN_POINT ( 'NONE',  ( 0.1692857211869466527, -16.03086094197375999, -0.07088939501695412648 ) ) ;
#4244 = EDGE_CURVE ( 'NONE', #5789, #602, #2255, .T. ) ;
#4245 = AXIS2_PLACEMENT_3D ( 'NONE', #5001, #388, #1611 ) ;
#4246 = ORIENTED_EDGE ( 'NONE', *, *, #1269, .T. ) ;
#4247 = CARTESIAN_POINT ( 'NONE',  ( 0.2563287443776842700, 0.1771653543307547263, -0.04726734777295763662 ) ) ;
#4248 = VERTEX_POINT ( 'NONE', #752 ) ;
#4249 = FACE_OUTER_BOUND ( 'NONE', #3811, .T. ) ;
#4250 = VECTOR ( 'NONE', #1734, 39.37007874015748143 ) ;
#4251 = VERTEX_POINT ( 'NONE', #2801 ) ;
#4252 = VECTOR ( 'NONE', #4264, 39.37007874015748143 ) ;
#4253 = DIRECTION ( 'NONE',  ( 1.000000000000000000, 0.000000000000000000, 0.000000000000000000 ) ) ;
#4254 = VERTEX_POINT ( 'NONE', #4864 ) ;
#4255 = ORIENTED_EDGE ( 'NONE', *, *, #5411, .F. ) ;
#4256 = CARTESIAN_POINT ( 'NONE',  ( -0.1816512612313759822, -0.1123849554454063038, 0.06886498602283327997 ) ) ;
#4257 = VECTOR ( 'NONE', #5307, 39.37007874015748143 ) ;
#4258 = EDGE_CURVE ( 'NONE', #4443, #2454, #3406, .T. ) ;
#4259 = CARTESIAN_POINT ( 'NONE',  ( -0.02954687745738516017, 0.1253305518928838347, 0.02510527860399687505 ) ) ;
#4260 = ORIENTED_EDGE ( 'NONE', *, *, #2357, .T. ) ;
#4261 = CARTESIAN_POINT ( 'NONE',  ( -0.06508506593732280021, 0.1535457749899965529, 0.07119329775600939658 ) ) ;
#4262 = SURFACE_SIDE_STYLE ('',( #3350 ) ) ;
#4263 = DIRECTION ( 'NONE',  ( 0.000000000000000000, -3.491481338843134933E-15, -1.000000000000000000 ) ) ;
#4264 = DIRECTION ( 'NONE',  ( 2.099999999999999887E-14, 3.491481338843134933E-15, 1.000000000000000000 ) ) ;
#4265 = CARTESIAN_POINT ( 'NONE',  ( -0.1761842673217086097, 0.1917232713746376271, -0.06489809147244007814 ) ) ;
#4266 = AXIS2_PLACEMENT_3D ( 'NONE', #4603, #6649, #2031 ) ;
#4267 = ADVANCED_FACE ( 'NONE', ( #4992 ), #2427, .T. ) ;
#4268 = VERTEX_POINT ( 'NONE', #987 ) ;
#4269 = CARTESIAN_POINT ( 'NONE',  ( -0.1816512612313759822, 0.1771653543307547263, -0.09204568856043759961 ) ) ;
#4270 = EDGE_CURVE ( 'NONE', #2931, #5122, #4013, .T. ) ;
#4271 = CARTESIAN_POINT ( 'NONE',  ( 0.1227626593883104217, -0.03543300589955646063, -0.07088939501700945722 ) ) ;
#4272 = ORIENTED_EDGE ( 'NONE', *, *, #3681, .T. ) ;
#4273 = LINE ( 'NONE', #697, #3410 ) ;
#4274 = AXIS2_PLACEMENT_3D ( 'NONE', #2553, #5155, #2685 ) ;
#4275 = FACE_OUTER_BOUND ( 'NONE', #1815, .T. ) ;
#4276 = CYLINDRICAL_SURFACE ( 'NONE', #3601, 0.01771653543306454456 ) ;
#4277 = FACE_OUTER_BOUND ( 'NONE', #6330, .T. ) ;
#4278 = ADVANCED_FACE ( 'NONE', ( #1349 ), #1886, .F. ) ;
#4279 = CIRCLE ( 'NONE', #1678, 0.01771653543308204792 ) ;
#4280 = AXIS2_PLACEMENT_3D ( 'NONE', #1230, #769, #2852 ) ;
#4281 = DIRECTION ( 'NONE',  ( 0.000000000000000000, -1.000000000000000000, 3.491481338843134933E-15 ) ) ;
#4282 = AXIS2_PLACEMENT_3D ( 'NONE', #6212, #3052, #1525 ) ;
#4283 = VECTOR ( 'NONE', #1087, 39.37007874015748143 ) ;
#4284 = ORIENTED_EDGE ( 'NONE', *, *, #2318, .F. ) ;
#4285 = DIRECTION ( 'NONE',  ( -2.793421535665029918E-16, -1.000000000000000000, 3.491481338842465190E-15 ) ) ;
#4286 = EDGE_CURVE ( 'NONE', #4099, #1879, #5470, .T. ) ;
#4287 = ORIENTED_EDGE ( 'NONE', *, *, #4681, .F. ) ;
#4288 = LINE ( 'NONE', #1181, #3950 ) ;
#4289 = CARTESIAN_POINT ( 'NONE',  ( -0.01113126630897090172, 0.2103043051737235047, 0.01226449661302780360 ) ) ;
#4290 = VECTOR ( 'NONE', #3382, 39.37007874015748143 ) ;
#4291 = VECTOR ( 'NONE', #3604, 39.37007874015748143 ) ;
#4292 = DIRECTION ( 'NONE',  ( -2.099999999999999887E-14, -3.491481338843134933E-15, -1.000000000000000000 ) ) ;
#4293 = ORIENTED_EDGE ( 'NONE', *, *, #251, .F. ) ;
#4294 = DIRECTION ( 'NONE',  ( -4.131062417209784855E-14, -3.491481338843134933E-15, -1.000000000000000000 ) ) ;
#4295 = VERTEX_POINT ( 'NONE', #2933 ) ;
#4296 = FACE_OUTER_BOUND ( 'NONE', #2303, .T. ) ;
#4297 = ORIENTED_EDGE ( 'NONE', *, *, #3706, .F. ) ;
#4298 = DIRECTION ( 'NONE',  ( -1.000000000000000000, 7.211763669642101182E-29, 2.065531208604895267E-14 ) ) ;
#4299 = CARTESIAN_POINT ( 'NONE',  ( -0.01020519435426384819, 0.1850418379821225090, 0.03469578741056985466 ) ) ;
#4300 = ORIENTED_EDGE ( 'NONE', *, *, #1145, .T. ) ;
#4301 = CARTESIAN_POINT ( 'NONE',  ( -0.01113126630897090172, 0.1925877697406526423, 0.01226449661302787472 ) ) ;
#4302 = CARTESIAN_POINT ( 'NONE',  ( 0.2675295181064263894, 0.03937007874020354709, -0.04726734777295716478 ) ) ;
#4303 = DIRECTION ( 'NONE',  ( 0.7192253232526930606, -0.6947768954074821091, -2.706243768838579656E-14 ) ) ;
#4304 = DIRECTION ( 'NONE',  ( -2.099999999999999887E-14, -3.491481338842462824E-15, -1.000000000000000000 ) ) ;
#4305 = FACE_OUTER_BOUND ( 'NONE', #491, .T. ) ;
#4306 = EDGE_CURVE ( 'NONE', #218, #5789, #4963, .T. ) ;
#4307 = ORIENTED_EDGE ( 'NONE', *, *, #6187, .F. ) ;
#4308 = LINE ( 'NONE', #1573, #4618 ) ;
#4309 = DIRECTION ( 'NONE',  ( 2.899137802865913616E-14, -0.7071067811862835617, 0.7071067811868115838 ) ) ;
#4310 = CARTESIAN_POINT ( 'NONE',  ( -26.03713589280814844, 0.07086614173244684678, -0.07088939501646004948 ) ) ;
#4311 = ORIENTED_EDGE ( 'NONE', *, *, #1986, .T. ) ;
#4312 = CARTESIAN_POINT ( 'NONE',  ( -0.1594544362955598593, 0.1259842519685108464, 0.02163029002234547263 ) ) ;
#4313 = CARTESIAN_POINT ( 'NONE',  ( 0.08834281416333052139, 0.03937007874020354709, -0.04726734777295716478 ) ) ;
#4314 = CARTESIAN_POINT ( 'NONE',  ( -0.2013363006014440848, -0.03937007874011102387, 0.06886498602283307180 ) ) ;
#4315 = LINE ( 'NONE', #2594, #3855 ) ;
#4316 = EDGE_CURVE ( 'NONE', #3336, #212, #6061, .T. ) ;
#4317 = CARTESIAN_POINT ( 'NONE',  ( 0.2675696216284567108, 0.1928720392586615873, 0.1231286408859538634 ) ) ;
#4318 = CARTESIAN_POINT ( 'NONE',  ( -0.05666355479469196987, 0.2385195282708366116, 0.04845564756923473326 ) ) ;
#4319 = EDGE_CURVE ( 'NONE', #3271, #6589, #6539, .T. ) ;
#4320 = ORIENTED_EDGE ( 'NONE', *, *, #1875, .F. ) ;
#4321 = CARTESIAN_POINT ( 'NONE',  ( 0.1237758850294596452, 0.007874015748078231139, 0.1574570616759004282 ) ) ;
#4322 = ORIENTED_EDGE ( 'NONE', *, *, #3010, .T. ) ;
#4323 = CARTESIAN_POINT ( 'NONE',  ( 0.01152436365490823456, 0.2171940689532516622, 0.06633902089459731144 ) ) ;
#4324 = CARTESIAN_POINT ( 'NONE',  ( 0.1141676109484856261, 0.07086614173230078306, 0.05115784907747889659 ) ) ;
#4325 = ORIENTED_EDGE ( 'NONE', *, *, #192, .F. ) ;
#4326 = ADVANCED_FACE ( 'NONE', ( #447 ), #2463, .F. ) ;
#4327 = PLANE ( 'NONE',  #4496 ) ;
#4328 = EDGE_LOOP ( 'NONE', ( #4272, #3752, #1534, #1759 ) ) ;
#4329 = ADVANCED_FACE ( 'NONE', ( #1987 ), #6542, .F. ) ;
#4330 = CARTESIAN_POINT ( 'NONE',  ( -0.03173592599414968435, -0.02952749408851909271, 0.1338350144317692891 ) ) ;
#4331 = ORIENTED_EDGE ( 'NONE', *, *, #6576, .F. ) ;
#4332 = B_SPLINE_CURVE_WITH_KNOTS ( 'NONE', 3,
 ( #1328, #2440, #4949, #6483 ),
 .UNSPECIFIED., .F., .F.,
 ( 4, 4 ),
 ( 6.471256827169303535E-16, 0.0003128832505981741759 ),
 .UNSPECIFIED. ) ;
#4333 = CARTESIAN_POINT ( 'NONE',  ( -0.04684073462573252328, 0.09088173299524612836, 0.04783323478123013145 ) ) ;
#4334 = ORIENTED_EDGE ( 'NONE', *, *, #4244, .F. ) ;
#4335 = CARTESIAN_POINT ( 'NONE',  ( -0.01113126630897090172, 0.1650287146225423995, 0.01226449661302797360 ) ) ;
#4336 = DIRECTION ( 'NONE',  ( 1.000000000000000000, 1.844397018054724620E-16, -6.439677769955990650E-31 ) ) ;
#4337 = DIRECTION ( 'NONE',  ( 1.000000000000000000, -7.211763669642101182E-29, -2.065531208604895267E-14 ) ) ;
#4338 = DIRECTION ( 'NONE',  ( -4.100000000000000200E-14, -3.887226118545670100E-13, -1.000000000000000000 ) ) ;
#4339 = EDGE_LOOP ( 'NONE', ( #1732, #5551, #4139, #2229 ) ) ;
#4340 = CARTESIAN_POINT ( 'NONE',  ( 0.2563287443777701458, 0.1771653543307767364, 0.1574570616758609320 ) ) ;
#4341 = DIRECTION ( 'NONE',  ( -1.000000000000000000, 0.000000000000000000, 0.000000000000000000 ) ) ;
#4342 = EDGE_LOOP ( 'NONE', ( #6288, #6000, #916, #4633 ) ) ;
#4343 = LINE ( 'NONE', #2748, #196 ) ;
#4344 = EDGE_LOOP ( 'NONE', ( #143, #2204, #4087, #3346 ) ) ;
#4345 = CARTESIAN_POINT ( 'NONE',  ( -0.1006335637894395785, 0.03937007874020417159, 0.1338350144318084523 ) ) ;
#4346 = CARTESIAN_POINT ( 'NONE',  ( -0.06189358770222146144, 0.05905511811024606594, 0.02163029002232822948 ) ) ;
#4347 = LINE ( 'NONE', #5456, #3103 ) ;
#4348 = CARTESIAN_POINT ( 'NONE',  ( -0.04085966922767377690, 0.1965247776146688830, 0.07221932904291337996 ) ) ;
#4349 = CARTESIAN_POINT ( 'NONE',  ( 0.2737537057946646257, 0.1850282206582519462, 0.1190668695634337776 ) ) ;
#4350 = CARTESIAN_POINT ( 'NONE',  ( -0.01550365110739785474, 0.2201468248587629961, 0.02108251481015515488 ) ) ;
#4351 = EDGE_CURVE ( 'NONE', #3141, #1057, #1446, .T. ) ;
#4352 = ORIENTED_EDGE ( 'NONE', *, *, #2322, .F. ) ;
#4353 = DIRECTION ( 'NONE',  ( -1.000000000000000000, 0.000000000000000000, 0.000000000000000000 ) ) ;
#4354 = EDGE_LOOP ( 'NONE', ( #5380, #4648, #2450, #3675 ) ) ;
#4355 = EDGE_CURVE ( 'NONE', #6354, #1500, #5607, .T. ) ;
#4356 = CARTESIAN_POINT ( 'NONE',  ( -0.04085966922767377690, 0.08628855714222774531, 0.07221932904291378241 ) ) ;
#4357 = DIRECTION ( 'NONE',  ( 1.000000000000000000, -1.431507348925684052E-28, -4.100000000000000200E-14 ) ) ;
#4358 = VECTOR ( 'NONE', #4955, 39.37007874015748143 ) ;
#4359 = ADVANCED_FACE ( 'NONE', ( #379 ), #3544, .T. ) ;
#4360 = ORIENTED_EDGE ( 'NONE', *, *, #1863, .T. ) ;
#4361 = DIRECTION ( 'NONE',  ( -2.099999999999999887E-14, -3.491481338843134933E-15, -1.000000000000000000 ) ) ;
#4362 = ORIENTED_EDGE ( 'NONE', *, *, #5598, .F. ) ;
#4363 = DIRECTION ( 'NONE',  ( 0.000000000000000000, -1.000000000000000000, 3.491481338843134933E-15 ) ) ;
#4364 = VERTEX_POINT ( 'NONE', #3041 ) ;
#4365 = CARTESIAN_POINT ( 'NONE',  ( -0.008839977064414398025, 0.1896350138351411696, 0.05624143073310779867 ) ) ;
#4366 = ORIENTED_EDGE ( 'NONE', *, *, #677, .T. ) ;
#4367 = CARTESIAN_POINT ( 'NONE',  ( 0.01012305462857975707, 0.1420628353574508174, 0.04422378349582863771 ) ) ;
#4368 = VECTOR ( 'NONE', #5351, 39.37007874015748143 ) ;
#4369 = DIRECTION ( 'NONE',  ( -1.000000000000000000, 3.200000000000000249E-14, 2.099999999999999887E-14 ) ) ;
#4370 = CYLINDRICAL_SURFACE ( 'NONE', #2669, 0.06061619997491574097 ) ;
#4371 = CARTESIAN_POINT ( 'NONE',  ( 0.1237758850294596452, -0.02952749408851909271, 0.1338350144317692891 ) ) ;
#4372 = DIRECTION ( 'NONE',  ( -1.000000000000000000, -1.442352733928417770E-28, -4.131062417209784855E-14 ) ) ;
#4373 = EDGE_LOOP ( 'NONE', ( #1726, #1115, #4427, #4650, #2182, #5725 ) ) ;
#4374 = CARTESIAN_POINT ( 'NONE',  ( -0.2013363006014440848, -0.03937007874011102387, 0.06886498602283307180 ) ) ;
#4375 = EDGE_CURVE ( 'NONE', #1610, #1316, #6434, .T. ) ;
#4376 = VECTOR ( 'NONE', #130, 39.37007874015748143 ) ;
#4377 = CARTESIAN_POINT ( 'NONE',  ( 0.2505082925483718137, 0.1917192616663046245, -0.06490419855216666978 ) ) ;
#4378 = ORIENTED_EDGE ( 'NONE', *, *, #6033, .T. ) ;
#4379 = DIRECTION ( 'NONE',  ( 1.000000000000000000, -7.211763669642100061E-29, -2.065531208604895267E-14 ) ) ;
#4380 = VECTOR ( 'NONE', #2079, 39.37007874015748143 ) ;
#4381 = CARTESIAN_POINT ( 'NONE',  ( 0.2440888707909996402, 1.167865017291472482E-14, -0.06695238714299607541 ) ) ;
#4382 = DIRECTION ( 'NONE',  ( 0.7192253232526930606, -0.6947768954074821091, -2.706243768838579656E-14 ) ) ;
#4383 = LINE ( 'NONE', #1909, #1266 ) ;
#4384 = AXIS2_PLACEMENT_3D ( 'NONE', #4521, #3432, #846 ) ;
#4385 = PLANE ( 'NONE',  #5463 ) ;
#4386 = ORIENTED_EDGE ( 'NONE', *, *, #4355, .T. ) ;
#4387 = AXIS2_PLACEMENT_3D ( 'NONE', #4330, #180, #4938 ) ;
#4388 = LINE ( 'NONE', #5930, #5435 ) ;
#4389 = AXIS2_PLACEMENT_3D ( 'NONE', #834, #6486, #1865 ) ;
#4390 = B_SPLINE_CURVE_WITH_KNOTS ( 'NONE', 3,
 ( #2487, #3102, #412, #3006 ),
 .UNSPECIFIED., .F., .F.,
 ( 4, 4 ),
 ( 2.507860637005088364E-17, 0.0001586178362835409007 ),
 .UNSPECIFIED. ) ;
#4391 = ADVANCED_FACE ( 'NONE', ( #5097 ), #6032, .F. ) ;
#4392 = CARTESIAN_POINT ( 'NONE',  ( -0.006927339229985205599, 0.2470497119978709855, 0.07861020880933472510 ) ) ;
#4393 = VECTOR ( 'NONE', #173, 39.37007874015748143 ) ;
#4394 = CIRCLE ( 'NONE', #6642, 0.04330708661417716904 ) ;
#4395 = ORIENTED_EDGE ( 'NONE', *, *, #237, .T. ) ;
#4396 = DIRECTION ( 'NONE',  ( 3.200000000000000249E-14, 1.000000000000000000, -3.491481338843134933E-15 ) ) ;
#4397 = VECTOR ( 'NONE', #3355, 39.37007874015748143 ) ;
#4398 = ORIENTED_EDGE ( 'NONE', *, *, #2504, .F. ) ;
#4399 = CARTESIAN_POINT ( 'NONE',  ( -0.1594544362955624128, 0.04724409448819551216, -0.04333033989892008664 ) ) ;
#4400 = EDGE_CURVE ( 'NONE', #77, #4813, #2524, .T. ) ;
#4401 = VERTEX_POINT ( 'NONE', #5965 ) ;
#4402 = CARTESIAN_POINT ( 'NONE',  ( -0.008839977064414398025, 0.1994775335201803279, 0.05624143073310779867 ) ) ;
#4403 = ORIENTED_EDGE ( 'NONE', *, *, #2449, .F. ) ;
#4404 = CARTESIAN_POINT ( 'NONE',  ( 0.01012305462857975707, 0.2247400007117815457, 0.04422378349582833934 ) ) ;
#4405 = AXIS2_PLACEMENT_3D ( 'NONE', #3272, #1852, #2767 ) ;
#4406 = DIRECTION ( 'NONE',  ( 0.000000000000000000, -1.000000000000000000, 3.491481338843134933E-15 ) ) ;
#4407 = CARTESIAN_POINT ( 'NONE',  ( 0.1237758850294596452, -0.02952749408851968599, -0.04726734777295692885 ) ) ;
#4408 = CARTESIAN_POINT ( 'NONE',  ( 0.1082620991375088659, 0.1751968503937108290, -0.03395252095700421885 ) ) ;
#4409 = ORIENTED_EDGE ( 'NONE', *, *, #2612, .F. ) ;
#4410 = CARTESIAN_POINT ( 'NONE',  ( -0.01237777460051775469, 0.1368134915254301531, 0.07041460340021260533 ) ) ;
#4411 = CARTESIAN_POINT ( 'NONE',  ( -0.08465128668925590849, 0.04724409448819613666, 0.1338350144317777546 ) ) ;
#4412 = CARTESIAN_POINT ( 'NONE',  ( -0.1594544362955620243, 0.1751968503937108290, -0.03395252095698673284 ) ) ;
#4413 = VERTEX_POINT ( 'NONE', #4116 ) ;
#4414 = PLANE ( 'NONE',  #4280 ) ;
#4415 = ORIENTED_EDGE ( 'NONE', *, *, #3392, .T. ) ;
#4416 = EDGE_CURVE ( 'NONE', #554, #1112, #4014, .T. ) ;
#4417 = LINE ( 'NONE', #5454, #5961 ) ;
#4418 = DIRECTION ( 'NONE',  ( 0.000000000000000000, -3.491481338843134933E-15, -1.000000000000000000 ) ) ;
#4419 = CARTESIAN_POINT ( 'NONE',  ( -0.01401939056108515713, 0.03937007874020354709, -0.04726734777295716478 ) ) ;
#4420 = CARTESIAN_POINT ( 'NONE',  ( -0.1982727292358663906, 0.1888384723298357215, -0.03313522198731978785 ) ) ;
#4421 = DIRECTION ( 'NONE',  ( 1.000000000000000000, 0.000000000000000000, 0.000000000000000000 ) ) ;
#4422 = LINE ( 'NONE', #5960, #4144 ) ;
#4423 = CARTESIAN_POINT ( 'NONE',  ( -0.04398554573455393940, 0.1505930190844848582, 0.02288724045285622094 ) ) ;
#4424 = ORIENTED_EDGE ( 'NONE', *, *, #1374, .F. ) ;
#4425 = EDGE_CURVE ( 'NONE', #1346, #1879, #5636, .T. ) ;
#4426 = LINE ( 'NONE', #2728, #6319 ) ;
#4427 = ORIENTED_EDGE ( 'NONE', *, *, #3706, .T. ) ;
#4428 = CARTESIAN_POINT ( 'NONE',  ( -0.01020519435426384819, 0.1673253025490519241, 0.03469578741056985466 ) ) ;
#4429 = ORIENTED_EDGE ( 'NONE', *, *, #4579, .T. ) ;
#4430 = CARTESIAN_POINT ( 'NONE',  ( -0.03098427822019291997, 0.2454092920503636310, 0.002420447128996157556 ) ) ;
#4431 = EDGE_CURVE ( 'NONE', #2616, #1478, #3137, .T. ) ;
#4432 = CYLINDRICAL_SURFACE ( 'NONE', #5762, 0.06061619997491574791 ) ;
#4433 = CARTESIAN_POINT ( 'NONE',  ( 0.01771091803515374014, 0.1259842519685108464, 0.04525233726641798154 ) ) ;
#4434 = CARTESIAN_POINT ( 'NONE',  ( 0.2724226619906940927, 0.1771653543307550871, 0.1198551626364519757 ) ) ;
#4435 = LINE ( 'NONE', #221, #942 ) ;
#4436 = ORIENTED_EDGE ( 'NONE', *, *, #3486, .T. ) ;
#4437 = CARTESIAN_POINT ( 'NONE',  ( 0.0003002344596201086545, 0.1046612605543011804, 0.04484619628383362810 ) ) ;
#4438 = EDGE_CURVE ( 'NONE', #6578, #1527, #1203, .T. ) ;
#4439 = DIRECTION ( 'NONE',  ( -4.100000000000000200E-14, -4.695867234132910308E-13, -1.000000000000000000 ) ) ;
#4440 = DIRECTION ( 'NONE',  ( 1.000000000000000000, 0.000000000000000000, 0.000000000000000000 ) ) ;
#4441 = ORIENTED_EDGE ( 'NONE', *, *, #940, .T. ) ;
#4442 = LINE ( 'NONE', #4545, #3525 ) ;
#4443 = VERTEX_POINT ( 'NONE', #6161 ) ;
#4444 = LINE ( 'NONE', #4313, #4783 ) ;
#4445 = CARTESIAN_POINT ( 'NONE',  ( 0.1968447763028161601, 0.07086614173229861813, 0.03540981758141421853 ) ) ;
#4446 = CARTESIAN_POINT ( 'NONE',  ( 0.1751912329957273917, -5.122214988120487569E-15, 0.1417090301798401564 ) ) ;
#4447 = EDGE_CURVE ( 'NONE', #343, #6066, #4315, .T. ) ;
#4448 = CARTESIAN_POINT ( 'NONE',  ( 0.2440888707909996402, 1.167865017291472482E-14, -0.06695238714299607541 ) ) ;
#4449 = CARTESIAN_POINT ( 'NONE',  ( 0.08935603980465453566, -0.03543300589955354629, -0.04726734777295692885 ) ) ;
#4450 = EDGE_CURVE ( 'NONE', #5820, #31, #1081, .T. ) ;
#4451 = ORIENTED_EDGE ( 'NONE', *, *, #1379, .F. ) ;
#4452 = LINE ( 'NONE', #1443, #2641 ) ;
#4453 = VERTEX_POINT ( 'NONE', #2022 ) ;
#4454 = AXIS2_PLACEMENT_3D ( 'NONE', #1173, #2717, #538 ) ;
#4455 = DIRECTION ( 'NONE',  ( 1.000000000000000000, -1.431507348925684052E-28, -4.100000000000000200E-14 ) ) ;
#4456 = ORIENTED_EDGE ( 'NONE', *, *, #3436, .F. ) ;
#4457 = CARTESIAN_POINT ( 'NONE',  ( -0.01237777460051775469, 0.2470497119978709022, 0.07041460340021220288 ) ) ;
#4458 = CARTESIAN_POINT ( 'NONE',  ( -0.009522585709339104892, 0.1971809455936711641, 0.04546860907183880585 ) ) ;
#4459 = EDGE_LOOP ( 'NONE', ( #323, #5296, #6132, #3918, #1714, #2525, #1603, #2282, #106, #2723, #5937, #4322, #5299 ) ) ;
#4460 = CARTESIAN_POINT ( 'NONE',  ( -0.06648637496365107646, 0.2385195282708365561, 0.04907806035724048693 ) ) ;
#4461 = AXIS2_PLACEMENT_3D ( 'NONE', #4566, #6107, #3446 ) ;
#4462 = DIRECTION ( 'NONE',  ( 1.000000000000000000, -1.431507348925684052E-28, -4.100000000000000200E-14 ) ) ;
#4463 = CARTESIAN_POINT ( 'NONE',  ( -0.2013363006014440848, 0.1574803149606759933, -0.04333033989894229110 ) ) ;
#4464 = FACE_OUTER_BOUND ( 'NONE', #2286, .T. ) ;
#4465 = DIRECTION ( 'NONE',  ( -0.7398567853309250264, -0.6727643994741320244, 3.268307254476985529E-14 ) ) ;
#4466 = EDGE_LOOP ( 'NONE', ( #3107, #5331, #6126, #1471 ) ) ;
#4467 = DIRECTION ( 'NONE',  ( 0.000000000000000000, 1.000000000000000000, -3.491481338843135327E-15 ) ) ;
#4468 = EDGE_CURVE ( 'NONE', #3167, #1072, #5826, .T. ) ;
#4469 = CARTESIAN_POINT ( 'NONE',  ( -0.1820449620185704831, -0.1123849554454063038, 0.06886498602283327997 ) ) ;
#4470 = CIRCLE ( 'NONE', #5440, 0.04330708661417716904 ) ;
#4471 = FACE_OUTER_BOUND ( 'NONE', #5274, .T. ) ;
#4472 = ORIENTED_EDGE ( 'NONE', *, *, #5484, .T. ) ;
#4473 = CARTESIAN_POINT ( 'NONE',  ( -0.05770551363031868608, 0.1030208406067946031, 0.03201161803921619142 ) ) ;
#4474 = ORIENTED_EDGE ( 'NONE', *, *, #1743, .T. ) ;
#4475 = CARTESIAN_POINT ( 'NONE',  ( -0.1594544362955573336, 0.04724409448819590768, 0.08068540813256674937 ) ) ;
#4476 = CARTESIAN_POINT ( 'NONE',  ( -0.1816512612313759822, 0.1918580953367677588, 0.1729682980780299084 ) ) ;
#4477 = EDGE_CURVE ( 'NONE', #257, #6314, #2083, .T. ) ;
#4478 = DIRECTION ( 'NONE',  ( -2.065531208604895267E-14, -3.491481338843134933E-15, -1.000000000000000000 ) ) ;
#4479 = CARTESIAN_POINT ( 'NONE',  ( 0.2751912329957962866, 0.1792866058099442383, -0.03309072487972291449 ) ) ;
#4480 = CIRCLE ( 'NONE', #6402, 0.05510791045490172346 ) ;
#4481 = ORIENTED_EDGE ( 'NONE', *, *, #4010, .F. ) ;
#4482 = EDGE_CURVE ( 'NONE', #2711, #1959, #5318, .T. ) ;
#4483 = PLANE ( 'NONE',  #4384 ) ;
#4484 = LINE ( 'NONE', #1914, #5885 ) ;
#4485 = VECTOR ( 'NONE', #4627, 39.37007874015748143 ) ;
#4486 = ORIENTED_EDGE ( 'NONE', *, *, #2402, .T. ) ;
#4487 = DIRECTION ( 'NONE',  ( -1.000000000000000000, 1.431507348925684052E-28, 4.100000000000000200E-14 ) ) ;
#4488 = VECTOR ( 'NONE', #1198, 39.37007874015748143 ) ;
#4489 = CARTESIAN_POINT ( 'NONE',  ( -0.01181664102002192955, 0.03937007874015827080, -0.05514136352094346077 ) ) ;
#4490 = VECTOR ( 'NONE', #163, 39.37007874015748143 ) ;
#4491 = EDGE_CURVE ( 'NONE', #735, #720, #5359, .T. ) ;
#4492 = DIRECTION ( 'NONE',  ( 0.000000000000000000, 3.491481338843135327E-15, 1.000000000000000000 ) ) ;
#4493 = VERTEX_POINT ( 'NONE', #3106 ) ;
#4494 = DIRECTION ( 'NONE',  ( 1.000000000000000000, -1.431507348925684052E-28, -4.100000000000000200E-14 ) ) ;
#4495 = VECTOR ( 'NONE', #5271, 39.37007874015748143 ) ;
#4496 = AXIS2_PLACEMENT_3D ( 'NONE', #6403, #3783, #6441 ) ;
#4497 =( BOUNDED_CURVE ( )  B_SPLINE_CURVE ( 3, ( #3673, #5730, #5220, #5259 ),
 .UNSPECIFIED., .F., .F. ) 
 B_SPLINE_CURVE_WITH_KNOTS ( ( 4, 4 ),
 ( 5.289320325621139851, 5.670630568839880148 ),
 .UNSPECIFIED. ) 
 CURVE ( )  GEOMETRIC_REPRESENTATION_ITEM ( )  RATIONAL_B_SPLINE_CURVE ( ( 1.000000000000000000, 0.9879201992349970762, 0.9879201992349970762, 1.000000000000000000 ) ) 
 REPRESENTATION_ITEM ( '' )  );
#4498 = CARTESIAN_POINT ( 'NONE',  ( -0.01020519435426384819, 0.2401599482183433831, 0.03469578741056966731 ) ) ;
#4499 = ORIENTED_EDGE ( 'NONE', *, *, #1624, .F. ) ;
#4500 = CARTESIAN_POINT ( 'NONE',  ( 0.008721745602250967344, 0.2500024679033823194, 0.02210854609705899948 ) ) ;
#4501 = VECTOR ( 'NONE', #5203, 39.37007874015748143 ) ;
#4502 = AXIS2_PLACEMENT_3D ( 'NONE', #477, #1414, #2970 ) ;
#4503 = DIRECTION ( 'NONE',  ( -1.032765604302446056E-14, -3.491481338843134933E-15, -1.000000000000000000 ) ) ;
#4504 = CARTESIAN_POINT ( 'NONE',  ( -0.01550365110739785474, 0.2378633602918338863, 0.02108251481015511672 ) ) ;
#4505 = DIRECTION ( 'NONE',  ( -1.000000000000000000, 0.000000000000000000, 0.000000000000000000 ) ) ;
#4506 = CARTESIAN_POINT ( 'NONE',  ( -0.1594544362955598593, 0.1259842519685108464, 0.02163029002234547263 ) ) ;
#4507 = ORIENTED_EDGE ( 'NONE', *, *, #603, .F. ) ;
#4508 = CARTESIAN_POINT ( 'NONE',  ( 0.2440888707910086886, 0.03937007874016992121, 0.1535200538018858252 ) ) ;
#4509 = PRODUCT_DEFINITION_FORMATION_WITH_SPECIFIED_SOURCE ( 'ANY', '', #729, .NOT_KNOWN. ) ;
#4510 = DIRECTION ( 'NONE',  ( -1.000000000000000000, 3.200000000000000249E-14, 2.099999999999988843E-14 ) ) ;
#4511 = VECTOR ( 'NONE', #2536, 39.37007874015748143 ) ;
#4512 = LINE ( 'NONE', #2949, #2552 ) ;
#4513 = ORIENTED_EDGE ( 'NONE', *, *, #6413, .F. ) ;
#4514 = CARTESIAN_POINT ( 'NONE',  ( 0.08660855583037402328, -2.936736593189082516E-15, 0.1417090301798419327 ) ) ;
#4515 = EDGE_CURVE ( 'NONE', #3242, #6405, #4939, .T. ) ;
#4516 = DIRECTION ( 'NONE',  ( -0.7398567853309531150, 0.6727643994741010491, 2.798518385236725501E-14 ) ) ;
#4517 = CARTESIAN_POINT ( 'NONE',  ( -0.1003993181853752026, 3.619698591605149208E-15, 0.1417090301798458740 ) ) ;
#4518 = CARTESIAN_POINT ( 'NONE',  ( -0.08511977789730709731, 0.1771653543307547263, -0.02167679659181440815 ) ) ;
#4519 = CARTESIAN_POINT ( 'NONE',  ( -0.04398554573455393940, 0.1879945938876346478, 0.02288724045285610992 ) ) ;
#4520 = VERTEX_POINT ( 'NONE', #541 ) ;
#4521 = CARTESIAN_POINT ( 'NONE',  ( 0.1141676109484856261, 0.07086614173230078306, 0.05115784907747889659 ) ) ;
#4522 = LINE ( 'NONE', #6566, #5241 ) ;
#4523 = ADVANCED_FACE ( 'NONE', ( #4277 ), #1581, .T. ) ;
#4524 = ORIENTED_EDGE ( 'NONE', *, *, #2617, .F. ) ;
#4525 = FACE_OUTER_BOUND ( 'NONE', #2220, .T. ) ;
#4526 = FACE_OUTER_BOUND ( 'NONE', #3901, .T. ) ;
#4527 = EDGE_CURVE ( 'NONE', #2817, #1249, #5704, .T. ) ;
#4528 = ORIENTED_EDGE ( 'NONE', *, *, #6376, .T. ) ;
#4529 = CARTESIAN_POINT ( 'NONE',  ( -0.06003881502187775887, 0.3425196850393807391, 0.3798980065577472476 ) ) ;
#4530 = ORIENTED_EDGE ( 'NONE', *, *, #3340, .T. ) ;
#4531 = CARTESIAN_POINT ( 'NONE',  ( -0.03173592599414968435, -0.02952749408851901639, 0.1574570616759005948 ) ) ;
#4532 = ADVANCED_FACE ( 'NONE', ( #3774 ), #2624, .T. ) ;
#4533 = CARTESIAN_POINT ( 'NONE',  ( -0.008839977064414398025, 0.1168003681658497800, 0.05624143073310807622 ) ) ;
#4534 = ORIENTED_EDGE ( 'NONE', *, *, #2544, .F. ) ;
#4535 = CARTESIAN_POINT ( 'NONE',  ( -0.02537904211487844452, 0.1391100794519390116, 0.09088139672407290204 ) ) ;
#4536 = CARTESIAN_POINT ( 'NONE',  ( 0.2555061936257114197, 0.1771653543307550871, 0.1198551626364519757 ) ) ;
#4537 = FACE_OUTER_BOUND ( 'NONE', #507, .T. ) ;
#4538 = DIRECTION ( 'NONE',  ( -1.032765604302446056E-14, -3.491481338843134933E-15, -1.000000000000000000 ) ) ;
#4539 = DIRECTION ( 'NONE',  ( -2.099999999999999887E-14, -3.491481338842462824E-15, -1.000000000000000000 ) ) ;
#4540 = VERTEX_POINT ( 'NONE', #2752 ) ;
#4541 = CARTESIAN_POINT ( 'NONE',  ( -0.05770551363031844322, 0.1207373760398653822, 0.03201161803921651061 ) ) ;
#4542 = PLANE ( 'NONE',  #1585 ) ;
#4543 = DIRECTION ( 'NONE',  ( 2.028035422500210049E-13, 1.000000000000000000, -3.157880670389650180E-15 ) ) ;
#4544 = ORIENTED_EDGE ( 'NONE', *, *, #5539, .F. ) ;
#4545 = CARTESIAN_POINT ( 'NONE',  ( 0.1751912329957273917, 0.03937007874017133674, -0.06695238714299468763 ) ) ;
#4546 = FACE_OUTER_BOUND ( 'NONE', #1289, .T. ) ;
#4547 = DIRECTION ( 'NONE',  ( 0.000000000000000000, -1.000000000000000000, 3.491481338843134933E-15 ) ) ;
#4548 = CARTESIAN_POINT ( 'NONE',  ( -0.01237777460051775469, 0.2293331765647999843, 0.07041460340021239717 ) ) ;
#4549 = ORIENTED_EDGE ( 'NONE', *, *, #656, .T. ) ;
#4550 = PLANE ( 'NONE',  #6522 ) ;
#4551 = ORIENTED_EDGE ( 'NONE', *, *, #1927, .F. ) ;
#4552 = DIRECTION ( 'NONE',  ( 0.000000000000000000, -3.491481338843135327E-15, -1.000000000000000000 ) ) ;
#4553 = ORIENTED_EDGE ( 'NONE', *, *, #3976, .T. ) ;
#4554 = DIRECTION ( 'NONE',  ( -2.065531208604895267E-14, -3.491481338843134933E-15, -1.000000000000000000 ) ) ;
#4555 = EDGE_CURVE ( 'NONE', #1695, #1249, #5352, .T. ) ;
#4556 = DIRECTION ( 'NONE',  ( 1.000000000000000000, 0.000000000000000000, 0.000000000000000000 ) ) ;
#4557 = EDGE_LOOP ( 'NONE', ( #2747, #5838, #214, #1935 ) ) ;
#4558 = CARTESIAN_POINT ( 'NONE',  ( -0.1594544362955624128, 0.04724409448819551216, -0.04333033989892008664 ) ) ;
#4559 = EDGE_CURVE ( 'NONE', #889, #15, #2247, .T. ) ;
#4560 = EDGE_LOOP ( 'NONE', ( #4513, #362, #4184, #3441, #1140 ) ) ;
#4561 = PLANE ( 'NONE',  #3631 ) ;
#4562 = EDGE_CURVE ( 'NONE', #3940, #3271, #3574, .T. ) ;
#4563 = CLOSED_SHELL ( 'NONE', ( #3862, #5261, #5327, #3211 ) ) ;
#4564 = CARTESIAN_POINT ( 'NONE',  ( 0.0003002344596201086545, 0.1145037802393405607, 0.04484619628383354484 ) ) ;
#4565 = ORIENTED_EDGE ( 'NONE', *, *, #6653, .F. ) ;
#4566 = CARTESIAN_POINT ( 'NONE',  ( -0.003942625271986937262, 0.07086614173230532110, 0.05115784907748141541 ) ) ;
#4567 = CARTESIAN_POINT ( 'NONE',  ( -0.04085966922767377690, 0.2240838327327791257, 0.07221932904291318567 ) ) ;
#4568 = LINE ( 'NONE', #1424, #2859 ) ;
#4569 = DIRECTION ( 'NONE',  ( -2.099999999999999887E-14, -3.491481338842462824E-15, -1.000000000000000000 ) ) ;
#4570 = AXIS2_PLACEMENT_3D ( 'NONE', #6219, #5748, #3662 ) ;
#4571 = ORIENTED_EDGE ( 'NONE', *, *, #1842, .F. ) ;
#4572 = CARTESIAN_POINT ( 'NONE',  ( -0.1003993181853708727, 0.03937007874016110187, 0.1417090301798458740 ) ) ;
#4573 = DIRECTION ( 'NONE',  ( 1.000000000000000000, 0.000000000000000000, 0.000000000000000000 ) ) ;
#4574 = CARTESIAN_POINT ( 'NONE',  ( -0.0007417243760064197141, 0.1299237277459021345, 0.02840216675381481565 ) ) ;
#4575 = ORIENTED_EDGE ( 'NONE', *, *, #2727, .F. ) ;
#4576 = CARTESIAN_POINT ( 'NONE',  ( -0.08465128668925731015, 0.03539148894044334692, 0.1043074553766586698 ) ) ;
#4577 = DIRECTION ( 'NONE',  ( -3.200000000000000249E-14, -1.000000000000000000, 3.491481338843134933E-15 ) ) ;
#4578 = DIRECTION ( 'NONE',  ( -1.000000000000000000, 0.000000000000000000, 0.000000000000000000 ) ) ;
#4579 = EDGE_CURVE ( 'NONE', #257, #6354, #4086, .T. ) ;
#4580 = DIRECTION ( 'NONE',  ( -2.065531208604895267E-14, -3.491481338843134933E-15, -1.000000000000000000 ) ) ;
#4581 = CARTESIAN_POINT ( 'NONE',  ( -0.05562159595906518428, 0.1259867198718866432, 0.06489967709925431594 ) ) ;
#4582 = ORIENTED_EDGE ( 'NONE', *, *, #3047, .T. ) ;
#4583 = VECTOR ( 'NONE', #4369, 39.37007874015748143 ) ;
#4584 = DIRECTION ( 'NONE',  ( 0.000000000000000000, -1.000000000000000000, 3.491481338843134933E-15 ) ) ;
#4585 = CARTESIAN_POINT ( 'NONE',  ( 0.1749569873916675400, 0.007874015748078231139, 0.1574570616758610431 ) ) ;
#4586 = VECTOR ( 'NONE', #3904, 39.37007874015748143 ) ;
#4587 = ORIENTED_EDGE ( 'NONE', *, *, #4857, .F. ) ;
#4588 = DIRECTION ( 'NONE',  ( 1.000000000000000000, 0.000000000000000000, 0.000000000000000000 ) ) ;
#4589 = AXIS2_PLACEMENT_3D ( 'NONE', #3922, #4304, #6348 ) ;
#4590 = CARTESIAN_POINT ( 'NONE',  ( 0.1751912329957273917, -5.053918788278880742E-15, 0.1535200538018874072 ) ) ;
#4591 = VERTEX_POINT ( 'NONE', #3876 ) ;
#4592 = VECTOR ( 'NONE', #2384, 39.37007874015748143 ) ;
#4593 = EDGE_CURVE ( 'NONE', #4251, #6314, #305, .T. ) ;
#4594 = DIRECTION ( 'NONE',  ( 1.000000000000000000, -1.442352733928416201E-28, -4.131062417209784855E-14 ) ) ;
#4595 = ORIENTED_EDGE ( 'NONE', *, *, #6357, .T. ) ;
#4596 = DIRECTION ( 'NONE',  ( -0.8326735095668313935, 1.933457487894138696E-15, 0.5537642336461031656 ) ) ;
#4597 = AXIS2_PLACEMENT_3D ( 'NONE', #4877, #2714, #5823 ) ;
#4598 = CARTESIAN_POINT ( 'NONE',  ( -0.03648728442924677184, 0.2063672972997080968, 0.06340131084578583265 ) ) ;
#4599 = ORIENTED_EDGE ( 'NONE', *, *, #5093, .F. ) ;
#4600 = EDGE_CURVE ( 'NONE', #4401, #2839, #4383, .T. ) ;
#4601 = LINE ( 'NONE', #4091, #2990 ) ;
#4602 = VECTOR ( 'NONE', #122, 39.37007874015748143 ) ;
#4603 = CARTESIAN_POINT ( 'NONE',  ( 0.1060593495963950833, -0.02952749408851909271, 0.1338350144317692891 ) ) ;
#4604 = AXIS2_PLACEMENT_3D ( 'NONE', #5021, #409, #4078 ) ;
#4605 = ORIENTED_EDGE ( 'NONE', *, *, #2340, .T. ) ;
#4606 = CARTESIAN_POINT ( 'NONE',  ( 0.009060520035948111534, 0.3425196850393794623, 0.1043074553766576706 ) ) ;
#4607 = DIRECTION ( 'NONE',  ( -1.000000000000000000, 3.221629312528710254E-14, 2.106449935114925668E-14 ) ) ;
#4608 = CARTESIAN_POINT ( 'NONE',  ( -0.04398554573455393940, 0.1505930190844848582, 0.02288724045285622094 ) ) ;
#4609 = VERTEX_POINT ( 'NONE', #2790 ) ;
#4610 = VECTOR ( 'NONE', #6283, 39.37007874015748143 ) ;
#4611 = CARTESIAN_POINT ( 'NONE',  ( -0.01237777460051775469, 0.2568922316829101993, 0.07041460340021220288 ) ) ;
#4612 = AXIS2_PLACEMENT_3D ( 'NONE', #1364, #4953, #5488 ) ;
#4613 = CARTESIAN_POINT ( 'NONE',  ( -0.1993624232376629835, 0.1817562994260925324, -0.03253835523165554688 ) ) ;
#4614 = CARTESIAN_POINT ( 'NONE',  ( -0.1758995891965433600, 0.1936205956005735418, 0.1485759942491733099 ) ) ;
#4615 = DIRECTION ( 'NONE',  ( 0.000000000000000000, -1.000000000000000000, 3.491481338843134933E-15 ) ) ;
#4616 = CARTESIAN_POINT ( 'NONE',  ( -0.02609774249628226545, 0.1489525991369785307, 0.07953898098657291582 ) ) ;
#4617 = ORIENTED_EDGE ( 'NONE', *, *, #3274, .F. ) ;
#4618 = VECTOR ( 'NONE', #194, 39.37007874015748143 ) ;
#4619 = VECTOR ( 'NONE', #2492, 39.37007874015748854 ) ;
#4620 = CARTESIAN_POINT ( 'NONE',  ( 0.07873454008234349877, 0.03937007874017606907, 0.03540981758141681368 ) ) ;
#4621 = ORIENTED_EDGE ( 'NONE', *, *, #6316, .F. ) ;
#4622 = EDGE_CURVE ( 'NONE', #5667, #6134, #626, .T. ) ;
#4623 = LINE ( 'NONE', #105, #2219 ) ;
#4624 = AXIS2_PLACEMENT_3D ( 'NONE', #6622, #6081, #1002 ) ;
#4625 = ORIENTED_EDGE ( 'NONE', *, *, #5553, .F. ) ;
#4626 = LINE ( 'NONE', #3569, #5765 ) ;
#4627 = DIRECTION ( 'NONE',  ( -1.000000000000000000, 1.431507348925684052E-28, 4.100000000000000200E-14 ) ) ;
#4628 = VERTEX_POINT ( 'NONE', #4419 ) ;
#4629 = CARTESIAN_POINT ( 'NONE',  ( -0.1594544362955551409, 0.04724409448819613666, 0.1338350144317952961 ) ) ;
#4630 = ORIENTED_EDGE ( 'NONE', *, *, #1825, .F. ) ;
#4631 = DIRECTION ( 'NONE',  ( 0.000000000000000000, -1.000000000000000000, 3.491481338843134933E-15 ) ) ;
#4632 = CARTESIAN_POINT ( 'NONE',  ( -0.03026557783878931415, 0.1076140164598130278, 0.01376286286649627995 ) ) ;
#4633 = ORIENTED_EDGE ( 'NONE', *, *, #2053, .T. ) ;
#4634 = CARTESIAN_POINT ( 'NONE',  ( 0.2558998944131157249, -0.03937007874011102387, 0.06886498602283307180 ) ) ;
#4635 = CARTESIAN_POINT ( 'NONE',  ( 0.08935603980465453566, -0.03543300589955476060, -0.04726734777295692885 ) ) ;
#4636 = DIRECTION ( 'NONE',  ( 2.065531208604895267E-14, 3.491481338843134933E-15, 1.000000000000000000 ) ) ;
#4637 = ORIENTED_EDGE ( 'NONE', *, *, #5808, .F. ) ;
#4638 = FACE_OUTER_BOUND ( 'NONE', #859, .T. ) ;
#4639 = FACE_OUTER_BOUND ( 'NONE', #4557, .T. ) ;
#4640 = EDGE_CURVE ( 'NONE', #5129, #4925, #2895, .T. ) ;
#4641 = CARTESIAN_POINT ( 'NONE',  ( -0.05770551363031868608, 0.1207373760398653961, 0.03201161803921610122 ) ) ;
#4642 = VERTEX_POINT ( 'NONE', #3395 ) ;
#4643 = CARTESIAN_POINT ( 'NONE',  ( -0.01237777460051775469, 0.1190969560923590687, 0.07041460340021279962 ) ) ;
#4644 = FACE_OUTER_BOUND ( 'NONE', #5571, .T. ) ;
#4645 = LINE ( 'NONE', #6279, #4376 ) ;
#4646 = CARTESIAN_POINT ( 'NONE',  ( -0.02609774249628226545, 0.2040707093731990440, 0.07953898098657269378 ) ) ;
#4647 = EDGE_CURVE ( 'NONE', #4899, #6589, #2390, .T. ) ;
#4648 = ORIENTED_EDGE ( 'NONE', *, *, #2074, .T. ) ;
#4649 = CARTESIAN_POINT ( 'NONE',  ( -0.08465128668926320821, 0.1614173228346527933, -0.04333033989893796123 ) ) ;
#4650 = ORIENTED_EDGE ( 'NONE', *, *, #6331, .F. ) ;
#4651 = DIRECTION ( 'NONE',  ( 4.172280144832374946E-14, 3.491481338843134933E-15, 1.000000000000000000 ) ) ;
#4652 = DIRECTION ( 'NONE',  ( 4.100000000000000200E-14, 3.491481338843134933E-15, 1.000000000000000000 ) ) ;
#4653 = LINE ( 'NONE', #5159, #1661 ) ;
#4654 = EDGE_CURVE ( 'NONE', #2726, #1717, #4852, .T. ) ;
#4655 = LINE ( 'NONE', #2311, #395 ) ;
#4656 = CARTESIAN_POINT ( 'NONE',  ( 0.2502230127988692709, 0.1936205956006020190, -0.06200832759031768560 ) ) ;
#4657 = ORIENTED_EDGE ( 'NONE', *, *, #151, .T. ) ;
#4658 = PLANE ( 'NONE',  #5679 ) ;
#4659 = CARTESIAN_POINT ( 'NONE',  ( -0.04085966922767377690, 0.09613107682726712566, 0.07221932904291357425 ) ) ;
#4660 = ORIENTED_EDGE ( 'NONE', *, *, #251, .T. ) ;
#4661 = DIRECTION ( 'NONE',  ( 0.000000000000000000, -3.491481338843135327E-15, -1.000000000000000000 ) ) ;
#4662 = CARTESIAN_POINT ( 'NONE',  ( -0.01181664102002192955, 0.03937007874015827080, -0.05514136352094346077 ) ) ;
#4663 = ORIENTED_EDGE ( 'NONE', *, *, #2155, .T. ) ;
#4664 = CARTESIAN_POINT ( 'NONE',  ( -0.05562159595906518428, 0.1712623104230677207, 0.06489967709925421879 ) ) ;
#4665 = CARTESIAN_POINT ( 'NONE',  ( -0.02559616857900968642, 0.3543307086614264634, 0.3798980065577469145 ) ) ;
#4666 = CARTESIAN_POINT ( 'NONE',  ( -0.05666355479469196987, 0.2011179534676870162, 0.04845564756923488592 ) ) ;
#4667 = ORIENTED_EDGE ( 'NONE', *, *, #3155, .F. ) ;
#4668 = CARTESIAN_POINT ( 'NONE',  ( 0.001342193295246887907, 0.2270365886382907927, 0.06129022581385237117 ) ) ;
#4669 = DIRECTION ( 'NONE',  ( 0.000000000000000000, -3.491481338843135327E-15, -1.000000000000000000 ) ) ;
#4670 = DIRECTION ( 'NONE',  ( -1.000000000000000000, 3.200000000000000249E-14, 2.099999999999988843E-14 ) ) ;
#4671 = LINE ( 'NONE', #4168, #386 ) ;
#4672 = CARTESIAN_POINT ( 'NONE',  ( 0.2555061936257114197, -0.03937007874011121816, 0.01770268064204629996 ) ) ;
#4673 = EDGE_CURVE ( 'NONE', #810, #3643, #6023, .T. ) ;
#4674 = ORIENTED_EDGE ( 'NONE', *, *, #2952, .F. ) ;
#4675 = DIRECTION ( 'NONE',  ( -1.000000000000000000, 7.211763669642101182E-29, 2.065531208604895267E-14 ) ) ;
#4676 = ORIENTED_EDGE ( 'NONE', *, *, #43, .F. ) ;
#4677 = PLANE ( 'NONE',  #301 ) ;
#4678 = EDGE_CURVE ( 'NONE', #2493, #3967, #1839, .T. ) ;
#4679 = CARTESIAN_POINT ( 'NONE',  ( -0.003942625271986937262, 0.07086614173230532110, 0.05115784907748141541 ) ) ;
#4680 = CARTESIAN_POINT ( 'NONE',  ( -0.2013363006014440848, -0.03937007874011141939, -0.04333033989894158333 ) ) ;
#4681 = EDGE_CURVE ( 'NONE', #4493, #810, #2411, .T. ) ;
#4682 = DIMENSIONAL_EXPONENTS ( 1.000000000000000000, 0.000000000000000000, 0.000000000000000000, 0.000000000000000000, 0.000000000000000000, 0.000000000000000000, 0.000000000000000000 ) ;
#4683 = CARTESIAN_POINT ( 'NONE',  ( -0.1811079796026980049, 5.873473186378165032E-15, 0.1535200538018948735 ) ) ;
#4684 = VECTOR ( 'NONE', #2718, 39.37007874015748143 ) ;
#4685 = EDGE_LOOP ( 'NONE', ( #5929, #3987, #6175, #1476 ) ) ;
#4686 = EDGE_CURVE ( 'NONE', #5200, #475, #2888, .T. ) ;
#4687 = ORIENTED_EDGE ( 'NONE', *, *, #3072, .T. ) ;
#4688 = LINE ( 'NONE', #3709, #5858 ) ;
#4689 = CARTESIAN_POINT ( 'NONE',  ( -0.03173592599414968435, -0.02952749408851909271, 0.1338350144317692891 ) ) ;
#4690 = ORIENTED_EDGE ( 'NONE', *, *, #6068, .F. ) ;
#4691 = CARTESIAN_POINT ( 'NONE',  ( 0.2751912329957968417, -0.03937007874011141939, -0.04333033989894158333 ) ) ;
#4692 = AXIS2_PLACEMENT_3D ( 'NONE', #4407, #5876, #5409 ) ;
#4693 = CARTESIAN_POINT ( 'NONE',  ( -0.05770551363031868608, 0.1581389508430148805, 0.03201161803921601101 ) ) ;
#4694 = ORIENTED_EDGE ( 'NONE', *, *, #1538, .T. ) ;
#4695 = VECTOR ( 'NONE', #6369, 39.37007874015748143 ) ;
#4696 = DIRECTION ( 'NONE',  ( -1.000000000000000000, 3.221629312528710885E-14, 2.106449935114926299E-14 ) ) ;
#4697 = PLANE ( 'NONE',  #5773 ) ;
#4698 = ORIENTED_EDGE ( 'NONE', *, *, #4316, .T. ) ;
#4699 = CARTESIAN_POINT ( 'NONE',  ( -0.04085966922767377690, 0.1965247776146688830, 0.07221932904291337996 ) ) ;
#4700 = VECTOR ( 'NONE', #3795, 39.37007874015748143 ) ;
#4701 = CARTESIAN_POINT ( 'NONE',  ( -0.01550365110739785474, 0.1276271398193929429, 0.02108251481015547060 ) ) ;
#4702 = ORIENTED_EDGE ( 'NONE', *, *, #6036, .T. ) ;
#4703 = CARTESIAN_POINT ( 'NONE',  ( -0.02609774249628226198, 0.2040707093731990440, 0.07953898098657269378 ) ) ;
#4704 = VECTOR ( 'NONE', #6481, 39.37007874015748143 ) ;
#4705 = VECTOR ( 'NONE', #340, 39.37007874015748143 ) ;
#4706 = DIRECTION ( 'NONE',  ( 1.000000000000000000, -2.981786901872154867E-28, -8.540177112503599090E-14 ) ) ;
#4707 = DIRECTION ( 'NONE',  ( 0.000000000000000000, -1.000000000000000000, 3.491481338843134933E-15 ) ) ;
#4708 = DIRECTION ( 'NONE',  ( 0.000000000000000000, 3.717952610315228740E-15, 1.000000000000000000 ) ) ;
#4709 = FACE_OUTER_BOUND ( 'NONE', #1143, .T. ) ;
#4710 = ORIENTED_EDGE ( 'NONE', *, *, #2533, .T. ) ;
#4711 = AXIS2_PLACEMENT_3D ( 'NONE', #3711, #5706, #6163 ) ;
#4712 = CARTESIAN_POINT ( 'NONE',  ( 0.2558998944129232123, -0.03937007874011141939, -0.04333033989894158333 ) ) ;
#4713 =( BOUNDED_CURVE ( )  B_SPLINE_CURVE ( 3, ( #3933, #5987, #841, #4346 ),
 .UNSPECIFIED., .F., .T. ) 
 B_SPLINE_CURVE_WITH_KNOTS ( ( 4, 4 ),
 ( 0.6125547383397110801, 0.9938649815584489344 ),
 .UNSPECIFIED. ) 
 CURVE ( )  GEOMETRIC_REPRESENTATION_ITEM ( )  RATIONAL_B_SPLINE_CURVE ( ( 1.000000000000000000, 0.9879201992349970762, 0.9879201992349970762, 1.000000000000000000 ) ) 
 REPRESENTATION_ITEM ( '' )  );
#4714 = CARTESIAN_POINT ( 'NONE',  ( -0.1820449620185704831, 0.1574803149606759933, -0.04333033989894229110 ) ) ;
#4715 = ORIENTED_EDGE ( 'NONE', *, *, #1514, .F. ) ;
#4716 = DIRECTION ( 'NONE',  ( -2.811398274583675040E-13, 1.000000000000000000, -3.491481338836560172E-15 ) ) ;
#4717 = EDGE_CURVE ( 'NONE', #6066, #5682, #5925, .T. ) ;
#4718 = ORIENTED_EDGE ( 'NONE', *, *, #6501, .T. ) ;
#4719 = VECTOR ( 'NONE', #2371, 39.37007874015748143 ) ;
#4720 = DIRECTION ( 'NONE',  ( -1.000000000000000000, 0.000000000000000000, 0.000000000000000000 ) ) ;
#4721 = VECTOR ( 'NONE', #804, 39.37007874015748143 ) ;
#4722 = EDGE_CURVE ( 'NONE', #5096, #5605, #5522, .T. ) ;
#4723 = CARTESIAN_POINT ( 'NONE',  ( -0.1393151383993529446, 0.2928129119207953379, 0.1043074553766751983 ) ) ;
#4724 = VECTOR ( 'NONE', #5520, 39.37007874015748143 ) ;
#4725 = PRESENTATION_LAYER_ASSIGNMENT (  '', '', ( #101 ) ) ;
#4726 = EDGE_CURVE ( 'NONE', #3545, #71, #1336, .T. ) ;
#4727 = ORIENTED_EDGE ( 'NONE', *, *, #950, .T. ) ;
#4728 = ORIENTED_EDGE ( 'NONE', *, *, #6077, .F. ) ;
#4729 = LINE ( 'NONE', #2623, #5112 ) ;
#4730 = ORIENTED_EDGE ( 'NONE', *, *, #2812, .F. ) ;
#4731 = PLANE ( 'NONE',  #5247 ) ;
#4732 = EDGE_CURVE ( 'NONE', #5051, #3896, #3934, .T. ) ;
#4733 = LINE ( 'NONE', #807, #4705 ) ;
#4734 = ORIENTED_EDGE ( 'NONE', *, *, #246, .T. ) ;
#4735 = LINE ( 'NONE', #146, #87 ) ;
#4736 = CARTESIAN_POINT ( 'NONE',  ( -0.1594544362955602756, 0.04724409448819574114, 0.009819266400291062555 ) ) ;
#4737 = ORIENTED_EDGE ( 'NONE', *, *, #3340, .F. ) ;
#4738 = DIRECTION ( 'NONE',  ( 2.065531208604895267E-14, 3.491481338843134933E-15, 1.000000000000000000 ) ) ;
#4739 = CARTESIAN_POINT ( 'NONE',  ( 0.1082620991375084635, 0.1751968503937108290, -0.04333033989893796123 ) ) ;
#4740 = CARTESIAN_POINT ( 'NONE',  ( -0.01020519435426384819, 0.1023646726277918362, 0.03469578741057012528 ) ) ;
#4741 = EDGE_LOOP ( 'NONE', ( #5019, #2107, #3867, #4221 ) ) ;
#4742 = EDGE_CURVE ( 'NONE', #1488, #3141, #4347, .T. ) ;
#4743 = CARTESIAN_POINT ( 'NONE',  ( -0.03026557783878931415, 0.1902911818141436451, 0.01376286286649600933 ) ) ;
#4744 = PLANE ( 'NONE',  #4570 ) ;
#4745 = CARTESIAN_POINT ( 'NONE',  ( 0.1692857211847043630, -5.463695987328527226E-15, 0.03540981758141503732 ) ) ;
#4746 = DIRECTION ( 'NONE',  ( 0.6727643994741320244, -0.7398567853309251374, -2.500014421903999418E-14 ) ) ;
#4747 = ORIENTED_EDGE ( 'NONE', *, *, #2490, .F. ) ;
#4748 = CARTESIAN_POINT ( 'NONE',  ( 0.1082620991375110309, 0.1259842519685108464, 0.02163029002232799008 ) ) ;
#4749 = PLANE ( 'NONE',  #606 ) ;
#4750 = ORIENTED_EDGE ( 'NONE', *, *, #351, .F. ) ;
#4751 = FACE_OUTER_BOUND ( 'NONE', #3078, .T. ) ;
#4752 = DIRECTION ( 'NONE',  ( 2.793421535665029918E-16, 1.000000000000000000, -3.491481338842465190E-15 ) ) ;
#4753 = CARTESIAN_POINT ( 'NONE',  ( -0.1006335637894395785, 0.03937007874020425485, 0.1574570616759004282 ) ) ;
#4754 = CARTESIAN_POINT ( 'NONE',  ( -0.1804814055201684198, 0.1795870039549951891, 0.1377611977562794854 ) ) ;
#4755 = ORIENTED_EDGE ( 'NONE', *, *, #5689, .F. ) ;
#4756 = DIRECTION ( 'NONE',  ( 2.065531208604895267E-14, 3.491481338843134933E-15, 1.000000000000000000 ) ) ;
#4757 = VERTEX_POINT ( 'NONE', #6390 ) ;
#4758 = CARTESIAN_POINT ( 'NONE',  ( 0.2555061936257114197, -0.1123849554454063038, 0.06886498602283327997 ) ) ;
#4759 = EDGE_CURVE ( 'NONE', #4126, #4254, #2924, .T. ) ;
#4760 = ORIENTED_EDGE ( 'NONE', *, *, #6376, .F. ) ;
#4761 = EDGE_CURVE ( 'NONE', #2314, #4251, #1768, .T. ) ;
#4762 = CARTESIAN_POINT ( 'NONE',  ( 0.2555061936257114197, 0.1771653543307555034, 0.1729682980780299084 ) ) ;
#4763 = CARTESIAN_POINT ( 'NONE',  ( -0.06693475125624941124, -0.1397637795275560868, -0.07088939501700472490 ) ) ;
#4764 = EDGE_CURVE ( 'NONE', #5845, #560, #1421, .T. ) ;
#4765 = ORIENTED_EDGE ( 'NONE', *, *, #4351, .T. ) ;
#4766 = CARTESIAN_POINT ( 'NONE',  ( -0.2243445873496708598, 0.1771653543307547263, -0.04726734777291834166 ) ) ;
#4767 = CARTESIAN_POINT ( 'NONE',  ( -0.02954687745738516017, 0.1528896070109937999, 0.02510527860399680219 ) ) ;
#4768 = VERTEX_POINT ( 'NONE', #1163 ) ;
#4769 = CARTESIAN_POINT ( 'NONE',  ( 0.01152436365490823456, 0.1994775335201803279, 0.06633902089459731144 ) ) ;
#4770 = FILL_AREA_STYLE_COLOUR ( '', #3599 ) ;
#4771 = CARTESIAN_POINT ( 'NONE',  ( -0.2013363006014440848, 0.1918580953367677588, 0.1729682980780299084 ) ) ;
#4772 = DIRECTION ( 'NONE',  ( 0.000000000000000000, -1.000000000000000000, 3.491481338843134933E-15 ) ) ;
#4773 = ORIENTED_EDGE ( 'NONE', *, *, #2734, .T. ) ;
#4774 = PLANE ( 'NONE',  #952 ) ;
#4775 = DIRECTION ( 'NONE',  ( 0.000000000000000000, -1.000000000000000000, 3.491481338843134933E-15 ) ) ;
#4776 = CARTESIAN_POINT ( 'NONE',  ( 0.08660855583037402328, 0.03937007874017362657, -0.05514136352094559101 ) ) ;
#4777 = ORIENTED_EDGE ( 'NONE', *, *, #3996, .T. ) ;
#4778 = DIRECTION ( 'NONE',  ( 1.000000000000000000, -7.211763669642101182E-29, -2.065531208604895267E-14 ) ) ;
#4779 = VECTOR ( 'NONE', #5185, 39.37007874015748143 ) ;
#4780 = ADVANCED_FACE ( 'NONE', ( #4709 ), #5787, .F. ) ;
#4781 = DIRECTION ( 'NONE',  ( 3.200000000000000249E-14, 1.000000000000000000, -3.491481338843134933E-15 ) ) ;
#4782 = PLANE ( 'NONE',  #4904 ) ;
#4783 = VECTOR ( 'NONE', #2274, 39.37007874015748143 ) ;
#4784 = DIRECTION ( 'NONE',  ( -1.000000000000000000, -1.844397018053074915E-16, 4.721656366220100076E-14 ) ) ;
#4785 = STYLED_ITEM ( 'NONE', ( #3280 ), #406 ) ;
#4786 = ORIENTED_EDGE ( 'NONE', *, *, #1129, .T. ) ;
#4787 = DIRECTION ( 'NONE',  ( 1.000000000000000000, -2.028035422500210807E-13, -2.099999999999930152E-14 ) ) ;
#4788 = ORIENTED_EDGE ( 'NONE', *, *, #1176, .T. ) ;
#4789 = CARTESIAN_POINT ( 'NONE',  ( 0.2558998944129232123, -0.03937007874011141939, -0.04333033989894158333 ) ) ;
#4790 = CARTESIAN_POINT ( 'NONE',  ( -0.02537904211487844452, 0.2217872448062695456, 0.09088139672407265224 ) ) ;
#4791 = VECTOR ( 'NONE', #4478, 39.37007874015748143 ) ;
#4792 = ORIENTED_EDGE ( 'NONE', *, *, #4600, .F. ) ;
#4793 = ADVANCED_FACE ( 'NONE', ( #2198 ), #1630, .T. ) ;
#4794 = VECTOR ( 'NONE', #4203, 39.37007874015748143 ) ;
#4795 = LINE ( 'NONE', #784, #1371 ) ;
#4796 = VERTEX_POINT ( 'NONE', #191 ) ;
#4797 = CARTESIAN_POINT ( 'NONE',  ( -0.003942625271986937262, 0.03937007874015865938, 0.03540981758141854840 ) ) ;
#4798 = VERTEX_POINT ( 'NONE', #1126 ) ;
#4799 = CARTESIAN_POINT ( 'NONE',  ( -0.1816512612313657682, 0.1968503937008368454, -0.04941013365822066739 ) ) ;
#4800 = VECTOR ( 'NONE', #2672, 39.37007874015748143 ) ;
#4801 = CARTESIAN_POINT ( 'NONE',  ( -0.04684073462573252328, 0.1735588983495766624, 0.04783323478122982614 ) ) ;
#4802 = ORIENTED_EDGE ( 'NONE', *, *, #809, .T. ) ;
#4803 = CARTESIAN_POINT ( 'NONE',  ( 0.008721745602250967344, 0.1673253025490519241, 0.02210854609705927357 ) ) ;
#4804 = ADVANCED_FACE ( 'NONE', ( #1071 ), #558, .F. ) ;
#4805 = LINE ( 'NONE', #4302, #3920 ) ;
#4806 = DIRECTION ( 'NONE',  ( 1.000000000000000000, 0.000000000000000000, 0.000000000000000000 ) ) ;
#4807 = CARTESIAN_POINT ( 'NONE',  ( -0.05842203446898992791, 0.4260686316052480493, 0.1043074553766572821 ) ) ;
#4808 = DIRECTION ( 'NONE',  ( -4.100000000000000200E-14, -3.491481338843134933E-15, -1.000000000000000000 ) ) ;
#4809 = VECTOR ( 'NONE', #3226, 39.37007874015748143 ) ;
#4810 = ORIENTED_EDGE ( 'NONE', *, *, #4021, .T. ) ;
#4811 = DIRECTION ( 'NONE',  ( 0.000000000000000000, -1.000000000000000000, 3.491481338843134933E-15 ) ) ;
#4812 = LINE ( 'NONE', #6320, #4809 ) ;
#4813 = VERTEX_POINT ( 'NONE', #3695 ) ;
#4814 = LINE ( 'NONE', #2345, #1256 ) ;
#4815 = AXIS2_PLACEMENT_3D ( 'NONE', #1429, #6017, #2918 ) ;
#4816 = DIRECTION ( 'NONE',  ( 3.793262000803034842E-27, 1.000000000000000000, 8.902710404659680619E-14 ) ) ;
#4817 = CARTESIAN_POINT ( 'NONE',  ( 0.2440888707909996402, 1.167865017291472482E-14, -0.06695238714299607541 ) ) ;
#4818 = CARTESIAN_POINT ( 'NONE',  ( -0.2013363006014440848, -0.1123849554454063038, 0.06886498602283327997 ) ) ;
#4819 = CIRCLE ( 'NONE', #5791, 0.06061619997492008471 ) ;
#4820 = VECTOR ( 'NONE', #1501, 39.37007874015748143 ) ;
#4821 = EDGE_CURVE ( 'NONE', #5145, #604, #6280, .T. ) ;
#4822 = CARTESIAN_POINT ( 'NONE',  ( -0.1845044470987964036, 0.1967135245858437076, -0.04526927075300374997 ) ) ;
#4823 = VECTOR ( 'NONE', #5617, 39.37007874015748143 ) ;
#4824 = EDGE_CURVE ( 'NONE', #3881, #670, #2741, .T. ) ;
#4825 = VECTOR ( 'NONE', #6001, 39.37007874015748143 ) ;
#4826 = EDGE_LOOP ( 'NONE', ( #5233, #4395, #2598, #607 ) ) ;
#4827 = CARTESIAN_POINT ( 'NONE',  ( -0.08465128668925731015, 0.03539148894044334692, 0.1043074553766586698 ) ) ;
#4828 = ORIENTED_EDGE ( 'NONE', *, *, #2840, .T. ) ;
#4829 = CARTESIAN_POINT ( 'NONE',  ( -0.0007417243760064197141, 0.1023646726277920443, 0.02840216675381489544 ) ) ;
#4830 = VECTOR ( 'NONE', #5866, 39.37007874015748143 ) ;
#4831 = CARTESIAN_POINT ( 'NONE',  ( 0.2555061936256709521, 0.1968503937008374283, 0.1367302576728749164 ) ) ;
#4832 = ORIENTED_EDGE ( 'NONE', *, *, #6242, .F. ) ;
#4833 = DIRECTION ( 'NONE',  ( -1.000000000000000000, 2.793421535665763066E-16, 2.099999999999999887E-14 ) ) ;
#4834 = ORIENTED_EDGE ( 'NONE', *, *, #151, .F. ) ;
#4835 = EDGE_LOOP ( 'NONE', ( #3931, #1343, #6470, #2915 ) ) ;
#4836 = CARTESIAN_POINT ( 'NONE',  ( -0.02681644287768620433, 0.08399196921571856767, 0.06819656524907283246 ) ) ;
#4837 = VERTEX_POINT ( 'NONE', #4672 ) ;
#4838 = CARTESIAN_POINT ( 'NONE',  ( -0.02537904211487844452, 0.1489525991369784752, 0.09088139672407290204 ) ) ;
#4839 = CARTESIAN_POINT ( 'NONE',  ( -0.1880002186312277335, 0.1958798169387523380, 0.1278248923070192111 ) ) ;
#4840 = FACE_OUTER_BOUND ( 'NONE', #1445, .T. ) ;
#4841 = CARTESIAN_POINT ( 'NONE',  ( -0.2013363006014440848, 0.1574803149606765762, 0.1298980065638159487 ) ) ;
#4842 = ORIENTED_EDGE ( 'NONE', *, *, #730, .F. ) ;
#4843 = CYLINDRICAL_SURFACE ( 'NONE', #5798, 0.01968503937008531449 ) ;
#4844 = EDGE_CURVE ( 'NONE', #5264, #6205, #2682, .T. ) ;
#4845 = FACE_OUTER_BOUND ( 'NONE', #5772, .T. ) ;
#4846 = CARTESIAN_POINT ( 'NONE',  ( 0.2555061936256758925, 0.1968503937008368176, -0.05016259101405169674 ) ) ;
#4847 = ORIENTED_EDGE ( 'NONE', *, *, #5295, .T. ) ;
#4848 = DIRECTION ( 'NONE',  ( -1.000000000000000000, 5.566118461309930445E-15, 2.099999999999999887E-14 ) ) ;
#4849 = ORIENTED_EDGE ( 'NONE', *, *, #6123, .F. ) ;
#4850 = CARTESIAN_POINT ( 'NONE',  ( 0.2528056516977605916, 0.1968503937008389271, 0.1413727200516479432 ) ) ;
#4851 = FACE_OUTER_BOUND ( 'NONE', #186, .T. ) ;
#4852 = LINE ( 'NONE', #4446, #2996 ) ;
#4853 = ADVANCED_FACE ( 'NONE', ( #5751 ), #157, .F. ) ;
#4854 = CARTESIAN_POINT ( 'NONE',  ( -0.1804814055201743039, 0.1795870039549831709, -0.05119353109741416052 ) ) ;
#4855 = CARTESIAN_POINT ( 'NONE',  ( -0.04398554573455393940, 0.1879945938876346478, 0.02288724045285610992 ) ) ;
#4856 = VERTEX_POINT ( 'NONE', #1658 ) ;
#4857 = EDGE_CURVE ( 'NONE', #6595, #6185, #718, .T. ) ;
#4858 = CARTESIAN_POINT ( 'NONE',  ( -0.1594544362955618577, 0.1712598425196911467, -0.02955081233986252276 ) ) ;
#4859 = VERTEX_POINT ( 'NONE', #2169 ) ;
#4860 = CARTESIAN_POINT ( 'NONE',  ( -0.06788768398997997722, 0.2034145413941958747, 0.02696282295847109503 ) ) ;
#4861 = DIRECTION ( 'NONE',  ( -3.200000000000000249E-14, -1.000000000000000000, 3.491481338843134933E-15 ) ) ;
#4862 = ORIENTED_EDGE ( 'NONE', *, *, #6029, .F. ) ;
#4863 = EDGE_CURVE ( 'NONE', #88, #2531, #6096, .T. ) ;
#4864 = CARTESIAN_POINT ( 'NONE',  ( 0.2751912329957968417, -0.03937007874011102387, 0.06886498602283307180 ) ) ;
#4865 = EDGE_LOOP ( 'NONE', ( #216, #6253, #4210, #1195 ) ) ;
#4866 = LINE ( 'NONE', #5473, #4080 ) ;
#4867 = ORIENTED_EDGE ( 'NONE', *, *, #2783, .T. ) ;
#4868 = CARTESIAN_POINT ( 'NONE',  ( -0.03853511036402124112, 0.2057111293207050107, 0.03108284586197856275 ) ) ;
#4869 = EDGE_LOOP ( 'NONE', ( #6568, #2014, #2542, #346 ) ) ;
#4870 = CARTESIAN_POINT ( 'NONE',  ( -0.03098427822019291997, 0.1076140164598126808, 0.002420447128996635038 ) ) ;
#4871 = CARTESIAN_POINT ( 'NONE',  ( -0.01401939056108515713, -0.02952749408851968599, -0.04726734777295692885 ) ) ;
#4872 = DIRECTION ( 'NONE',  ( 1.000000000000000000, -1.063083435566989819E-13, 3.711735976915395139E-28 ) ) ;
#4873 = DIRECTION ( 'NONE',  ( -2.099999999999999887E-14, -3.491481338843134933E-15, -1.000000000000000000 ) ) ;
#4874 = EDGE_LOOP ( 'NONE', ( #4225, #1189, #63, #643 ) ) ;
#4875 = CARTESIAN_POINT ( 'NONE',  ( -0.01181664102002630105, 7.512581982576732232E-16, -0.06695238714299056593 ) ) ;
#4876 = CARTESIAN_POINT ( 'NONE',  ( -0.1820053207753774549, 0.1771653543307332157, 0.1574570616758798614 ) ) ;
#4877 = CARTESIAN_POINT ( 'NONE',  ( 0.1082620991375151664, 0.1712598425196915630, 0.1200554868727194968 ) ) ;
#4878 = VERTEX_POINT ( 'NONE', #3764 ) ;
#4879 = DIRECTION ( 'NONE',  ( -4.100000000000000200E-14, -3.491481338843134933E-15, -1.000000000000000000 ) ) ;
#4880 = ORIENTED_EDGE ( 'NONE', *, *, #6155, .T. ) ;
#4881 = EDGE_CURVE ( 'NONE', #5086, #3896, #5819, .T. ) ;
#4882 = DIRECTION ( 'NONE',  ( -4.100000000000000200E-14, -3.491481338843134933E-15, -1.000000000000000000 ) ) ;
#4883 = DIRECTION ( 'NONE',  ( 0.000000000000000000, -3.337232330195357035E-15, -1.000000000000000000 ) ) ;
#4884 = CARTESIAN_POINT ( 'NONE',  ( -0.05562159595906518428, 0.09842766475377648372, 0.06489967709925449635 ) ) ;
#4885 = CARTESIAN_POINT ( 'NONE',  ( -0.01401939056108515713, -0.02952749408851968599, -0.04726734777295692885 ) ) ;
#4886 = EDGE_CURVE ( 'NONE', #12, #4859, #5180, .T. ) ;
#4887 = CARTESIAN_POINT ( 'NONE',  ( -0.05666355479469196987, 0.2109604731527263688, 0.04845564756923488592 ) ) ;
#4888 = ADVANCED_FACE ( 'NONE', ( #4305 ), #4204, .T. ) ;
#4889 = ORIENTED_EDGE ( 'NONE', *, *, #344, .T. ) ;
#4890 = DIRECTION ( 'NONE',  ( 0.000000000000000000, 3.491481338843135327E-15, 1.000000000000000000 ) ) ;
#4891 = CARTESIAN_POINT ( 'NONE',  ( -0.05666355479469196987, 0.1184407881133563017, 0.04845564756923519817 ) ) ;
#4892 = CARTESIAN_POINT ( 'NONE',  ( 0.07873454008234349877, 0.03937007874017614539, 0.05115784907747976396 ) ) ;
#4893 = ADVANCED_FACE ( 'NONE', ( #1222 ), #2778, .T. ) ;
#4894 = ORIENTED_EDGE ( 'NONE', *, *, #1752, .T. ) ;
#4895 = EDGE_CURVE ( 'NONE', #5820, #3169, #256, .T. ) ;
#4896 = LINE ( 'NONE', #5905, #515 ) ;
#4897 = ORIENTED_EDGE ( 'NONE', *, *, #5868, .F. ) ;
#4898 = VECTOR ( 'NONE', #239, 39.37007874015748143 ) ;
#4899 = VERTEX_POINT ( 'NONE', #5975 ) ;
#4900 = EDGE_CURVE ( 'NONE', #1711, #500, #316, .T. ) ;
#4901 = CARTESIAN_POINT ( 'NONE',  ( -0.03648728442924677184, 0.1236901319453772713, 0.06340131084578617959 ) ) ;
#4902 = EDGE_LOOP ( 'NONE', ( #2780, #1945, #4134, #135 ) ) ;
#4903 = CARTESIAN_POINT ( 'NONE',  ( -0.06508506593732280021, 0.09842766475377624780, 0.07119329775600966026 ) ) ;
#4904 = AXIS2_PLACEMENT_3D ( 'NONE', #67, #2177, #2208 ) ;
#4905 = CARTESIAN_POINT ( 'NONE',  ( 0.2744754502823061881, 0.1824253996630736951, 0.1186736754434044028 ) ) ;
#4906 = PLANE ( 'NONE',  #100 ) ;
#4907 = LINE ( 'NONE', #4807, #1238 ) ;
#4908 = PLANE ( 'NONE',  #5568 ) ;
#4909 = ORIENTED_EDGE ( 'NONE', *, *, #4115, .F. ) ;
#4910 = VECTOR ( 'NONE', #994, 39.37007874015748143 ) ;
#4911 = LINE ( 'NONE', #2887, #6646 ) ;
#4912 = CARTESIAN_POINT ( 'NONE',  ( 0.2617355438112849431, 0.1962948919668761616, -0.04163951131785328941 ) ) ;
#4913 = EDGE_LOOP ( 'NONE', ( #4980, #6031, #3204, #795, #4786, #3564, #4081, #6223, #2346, #1199 ) ) ;
#4914 = FACE_OUTER_BOUND ( 'NONE', #5627, .T. ) ;
#4915 = ORIENTED_EDGE ( 'NONE', *, *, #1582, .F. ) ;
#4916 = VECTOR ( 'NONE', #2600, 39.37007874015748143 ) ;
#4917 = CARTESIAN_POINT ( 'NONE',  ( 0.1749569873916675400, 0.03937007874020338749, -0.07088939501700984580 ) ) ;
#4918 = DIRECTION ( 'NONE',  ( -2.793421535665029918E-16, -1.000000000000000000, 3.491481338842465190E-15 ) ) ;
#4919 = CARTESIAN_POINT ( 'NONE',  ( -0.1816512612313759822, -0.1123849554454065119, 0.04328383333244213704 ) ) ;
#4920 =( BOUNDED_CURVE ( )  B_SPLINE_CURVE ( 3, ( #5923, #303, #1201, #1272 ),
 .UNSPECIFIED., .F., .F. ) 
 B_SPLINE_CURVE_WITH_KNOTS ( ( 4, 4 ),
 ( 0.6125547383390090861, 0.9938649815584488234 ),
 .UNSPECIFIED. ) 
 CURVE ( )  GEOMETRIC_REPRESENTATION_ITEM ( )  RATIONAL_B_SPLINE_CURVE ( ( 1.000000000000000000, 0.9879201992349530004, 0.9879201992349530004, 1.000000000000000000 ) ) 
 REPRESENTATION_ITEM ( '' )  );
#4921 = MECHANICAL_DESIGN_GEOMETRIC_PRESENTATION_REPRESENTATION (  '', ( #2973 ), #5877 ) ;
#4922 = EDGE_CURVE ( 'NONE', #1253, #6350, #4435, .T. ) ;
#4923 = CARTESIAN_POINT ( 'NONE',  ( -0.1006335637894395785, 0.007874015748077540719, -0.04726734777295708151 ) ) ;
#4924 = MANIFOLD_SOLID_BREP ( 'NONE', #4563 ) ;
#4925 = VERTEX_POINT ( 'NONE', #829 ) ;
#4926 = VECTOR ( 'NONE', #3854, 39.37007874015748143 ) ;
#4927 = PLANE ( 'NONE',  #2627 ) ;
#4928 = VECTOR ( 'NONE', #6088, 39.37007874015748143 ) ;
#4929 = CARTESIAN_POINT ( 'NONE',  ( -0.03026557783878931415, 0.09777149677477361966, 0.01376286286649632852 ) ) ;
#4930 = EDGE_CURVE ( 'NONE', #3807, #1316, #794, .T. ) ;
#4931 = AXIS2_PLACEMENT_3D ( 'NONE', #3606, #573, #13 ) ;
#4932 = VECTOR ( 'NONE', #3682, 39.37007874015748143 ) ;
#4933 = VERTEX_POINT ( 'NONE', #4408 ) ;
#4934 = CARTESIAN_POINT ( 'NONE',  ( -0.1811079796026936750, 0.03937007874016339171, 0.1535200538018946792 ) ) ;
#4935 = EDGE_CURVE ( 'NONE', #2950, #2892, #1261, .T. ) ;
#4936 = VECTOR ( 'NONE', #1329, 39.37007874015748143 ) ;
#4937 = ORIENTED_EDGE ( 'NONE', *, *, #1542, .F. ) ;
#4938 = DIRECTION ( 'NONE',  ( 1.000000000000000000, 0.000000000000000000, 0.000000000000000000 ) ) ;
#4939 = CIRCLE ( 'NONE', #2020, 0.01771653543308204792 ) ;
#4940 = CARTESIAN_POINT ( 'NONE',  ( -0.04615812598080749896, 0.1259867198718864489, 0.05860605644249948509 ) ) ;
#4941 = VERTEX_POINT ( 'NONE', #726 ) ;
#4942 = CARTESIAN_POINT ( 'NONE',  ( -0.06508506593732280021, 0.1712623104230674431, 0.07119329775600939658 ) ) ;
#4943 = VECTOR ( 'NONE', #4636, 39.37007874015748143 ) ;
#4944 = FACE_OUTER_BOUND ( 'NONE', #5290, .T. ) ;
#4945 = LINE ( 'NONE', #688, #1166 ) ;
#4946 = LINE ( 'NONE', #725, #6084 ) ;
#4947 = DIRECTION ( 'NONE',  ( 0.000000000000000000, -1.000000000000000000, 3.491481338843134933E-15 ) ) ;
#4948 = ORIENTED_EDGE ( 'NONE', *, *, #2580, .T. ) ;
#4949 = CARTESIAN_POINT ( 'NONE',  ( -0.1769111584811944582, 0.1958387642618531210, -0.05862989411331457484 ) ) ;
#4950 = DIRECTION ( 'NONE',  ( -2.793421535665029918E-16, -1.000000000000000000, 3.491481338842465190E-15 ) ) ;
#4951 = DIRECTION ( 'NONE',  ( 0.000000000000000000, 1.000000000000000000, -3.491481338843134933E-15 ) ) ;
#4952 = ORIENTED_EDGE ( 'NONE', *, *, #6653, .T. ) ;
#4953 = DIRECTION ( 'NONE',  ( -2.099999999999999887E-14, -3.491481338842462824E-15, -1.000000000000000000 ) ) ;
#4954 = ORIENTED_EDGE ( 'NONE', *, *, #730, .T. ) ;
#4955 = DIRECTION ( 'NONE',  ( 1.000000000000000000, -3.200000000000000249E-14, -2.099999999999999887E-14 ) ) ;
#4956 = DIRECTION ( 'NONE',  ( -2.793421535665029918E-16, -1.000000000000000000, 3.491481338842465190E-15 ) ) ;
#4957 = DIRECTION ( 'NONE',  ( 1.000000000000000000, -1.431507348925684052E-28, -4.100000000000000200E-14 ) ) ;
#4958 = CARTESIAN_POINT ( 'NONE',  ( 0.2558998944125342456, -16.03086094197822931, -0.07088939501695609713 ) ) ;
#4959 = CARTESIAN_POINT ( 'NONE',  ( 0.1968447763028161601, 0.03937007874017181552, 0.05115784907747732146 ) ) ;
#4960 = ORIENTED_EDGE ( 'NONE', *, *, #278, .T. ) ;
#4961 = ORIENTED_EDGE ( 'NONE', *, *, #4146, .T. ) ;
#4962 = EDGE_CURVE ( 'NONE', #3778, #1854, #1275, .T. ) ;
#4963 = LINE ( 'NONE', #5532, #4619 ) ;
#4964 = ORIENTED_EDGE ( 'NONE', *, *, #953, .T. ) ;
#4965 = CARTESIAN_POINT ( 'NONE',  ( -0.02559616857900968642, 0.3543307086614264634, 0.3798980065577469145 ) ) ;
#4966 = CARTESIAN_POINT ( 'NONE',  ( -0.02954687745738516017, 0.1902911818141436173, 0.02510527860399666689 ) ) ;
#4967 = EDGE_CURVE ( 'NONE', #4757, #162, #3866, .T. ) ;
#4968 = EDGE_LOOP ( 'NONE', ( #4984, #2399, #2127, #2632 ) ) ;
#4969 = CARTESIAN_POINT ( 'NONE',  ( 0.01152436365490823456, 0.1620759587170307325, 0.06633902089459743634 ) ) ;
#4970 = EDGE_CURVE ( 'NONE', #1112, #2207, #4055, .T. ) ;
#4971 = CARTESIAN_POINT ( 'NONE',  ( 0.08834281416333052139, 0.03937007874020354709, -0.04726734777295716478 ) ) ;
#4972 = CARTESIAN_POINT ( 'NONE',  ( -0.07166239195090216840, 0.3543307086614264634, 0.3798980065577469145 ) ) ;
#4973 = LINE ( 'NONE', #6042, #4910 ) ;
#4974 = CARTESIAN_POINT ( 'NONE',  ( 0.1751912329957230618, -5.805176986536558994E-15, -0.05514136352094724941 ) ) ;
#4975 = ORIENTED_EDGE ( 'NONE', *, *, #2899, .T. ) ;
#4976 = CARTESIAN_POINT ( 'NONE',  ( 0.2555061936257114197, 0.1935516124725102372, -0.09204568856043759961 ) ) ;
#4977 = LINE ( 'NONE', #5010, #5569 ) ;
#4978 = ORIENTED_EDGE ( 'NONE', *, *, #4482, .T. ) ;
#4979 = CARTESIAN_POINT ( 'NONE',  ( -0.05666355479469196987, 0.1007242526802854532, 0.04845564756923519817 ) ) ;
#4980 = ORIENTED_EDGE ( 'NONE', *, *, #1600, .T. ) ;
#4981 = DIRECTION ( 'NONE',  ( -2.099999999999999887E-14, -3.491481338843135327E-15, -1.000000000000000000 ) ) ;
#4982 = CARTESIAN_POINT ( 'NONE',  ( -0.1006335637894395785, 0.007874015748077540719, -0.04726734777295708151 ) ) ;
#4983 = CARTESIAN_POINT ( 'NONE',  ( 0.2751912329957968417, -0.03937007874011079489, 0.1298980065638165593 ) ) ;
#4984 = ORIENTED_EDGE ( 'NONE', *, *, #5598, .T. ) ;
#4985 = DIRECTION ( 'NONE',  ( -0.6947768954074819980, -0.7192253232526930606, 3.099701450626694921E-14 ) ) ;
#4986 = ADVANCED_FACE ( 'NONE', ( #5916 ), #4908, .T. ) ;
#4987 = DIRECTION ( 'NONE',  ( 2.065531208604895267E-14, 3.491481338843134933E-15, 1.000000000000000000 ) ) ;
#4988 = ORIENTED_EDGE ( 'NONE', *, *, #407, .T. ) ;
#4989 = CARTESIAN_POINT ( 'NONE',  ( 0.05117548496422306969, -0.1397637795275590566, -0.07088939501700727841 ) ) ;
#4990 = FACE_OUTER_BOUND ( 'NONE', #54, .T. ) ;
#4991 = ORIENTED_EDGE ( 'NONE', *, *, #417, .T. ) ;
#4992 = FACE_OUTER_BOUND ( 'NONE', #6584, .T. ) ;
#4993 = ORIENTED_EDGE ( 'NONE', *, *, #1555, .F. ) ;
#4994 = CARTESIAN_POINT ( 'NONE',  ( -0.04862928026495653977, 0.3543307086614264634, 0.3798980065577469145 ) ) ;
#4995 = VECTOR ( 'NONE', #3121, 39.37007874015748143 ) ;
#4996 = EDGE_CURVE ( 'NONE', #602, #4047, #867, .T. ) ;
#4997 = CARTESIAN_POINT ( 'NONE',  ( -0.01020519435426384819, 0.1397662474309414871, 0.03469578741056999344 ) ) ;
#4998 = VERTEX_POINT ( 'NONE', #3791 ) ;
#4999 = CARTESIAN_POINT ( 'NONE',  ( 0.008721745602250967344, 0.1574827828640123772, 0.02210854609705934989 ) ) ;
#5000 = VECTOR ( 'NONE', #2181, 39.37007874015748143 ) ;
#5001 = CARTESIAN_POINT ( 'NONE',  ( -0.1820449620185704831, -0.03937007874011141939, -0.04333033989894158333 ) ) ;
#5002 = DIRECTION ( 'NONE',  ( 0.000000000000000000, -1.000000000000000000, 3.491481338843134933E-15 ) ) ;
#5003 = CARTESIAN_POINT ( 'NONE',  ( 0.1749569873916675400, 0.007874015748078170424, 0.1338350144317692891 ) ) ;
#5004 = DIRECTION ( 'NONE',  ( -2.099999999999999887E-14, -3.491481338843134933E-15, -1.000000000000000000 ) ) ;
#5005 = EDGE_CURVE ( 'NONE', #372, #2493, #1934, .T. ) ;
#5006 = ORIENTED_EDGE ( 'NONE', *, *, #5913, .F. ) ;
#5007 = CARTESIAN_POINT ( 'NONE',  ( -0.01237777460051775469, 0.08169538128920945941, 0.07041460340021279962 ) ) ;
#5008 = CARTESIAN_POINT ( 'NONE',  ( -0.1811079796032137867, -16.03086094197822931, -0.07088939501694685452 ) ) ;
#5009 = EDGE_CURVE ( 'NONE', #343, #3929, #2437, .T. ) ;
#5010 = CARTESIAN_POINT ( 'NONE',  ( -0.01401939056108515713, -0.02952749408851909271, 0.1338350144317692891 ) ) ;
#5011 = VERTEX_POINT ( 'NONE', #428 ) ;
#5012 = CARTESIAN_POINT ( 'NONE',  ( -0.03026557783878931415, 0.1076140164598130278, 0.01376286286649627995 ) ) ;
#5013 = PLANE ( 'NONE',  #2184 ) ;
#5014 = LINE ( 'NONE', #4517, #2561 ) ;
#5015 = DIRECTION ( 'NONE',  ( -1.000000000000000000, 0.000000000000000000, 0.000000000000000000 ) ) ;
#5016 = CARTESIAN_POINT ( 'NONE',  ( 0.001342193295246887907, 0.1168003681658497939, 0.06129022581385276669 ) ) ;
#5017 = VECTOR ( 'NONE', #2810, 39.37007874015748143 ) ;
#5018 = EDGE_CURVE ( 'NONE', #302, #6118, #1472, .T. ) ;
#5019 = ORIENTED_EDGE ( 'NONE', *, *, #5272, .F. ) ;
#5020 = DIRECTION ( 'NONE',  ( 3.200000000000000249E-14, 1.000000000000000000, -3.491481338843134933E-15 ) ) ;
#5021 = CARTESIAN_POINT ( 'NONE',  ( -0.2182525716154196660, 0.1999753174074625772, -0.04726734777291842493 ) ) ;
#5022 = AXIS2_PLACEMENT_3D ( 'NONE', #5996, #376, #4556 ) ;
#5023 = ORIENTED_EDGE ( 'NONE', *, *, #6357, .F. ) ;
#5024 = CARTESIAN_POINT ( 'NONE',  ( 0.1237758850294596452, 0.007874015748078170424, 0.1338350144317692891 ) ) ;
#5025 = EDGE_CURVE ( 'NONE', #5170, #227, #3553, .T. ) ;
#5026 = VECTOR ( 'NONE', #4584, 39.37007874015748143 ) ;
#5027 = LINE ( 'NONE', #5633, #3187 ) ;
#5028 = ORIENTED_EDGE ( 'NONE', *, *, #3563, .T. ) ;
#5029 = CIRCLE ( 'NONE', #6424, 0.01771653543308204445 ) ;
#5030 = CARTESIAN_POINT ( 'NONE',  ( 0.1749569873916675400, 0.007874015748077540719, -0.04726734777295708151 ) ) ;
#5031 = VERTEX_POINT ( 'NONE', #6553 ) ;
#5032 = CARTESIAN_POINT ( 'NONE',  ( -0.1102418378704136115, 3.346513792238724267E-15, 0.05115784907748385790 ) ) ;
#5033 = B_SPLINE_CURVE_WITH_KNOTS ( 'NONE', 3,
 ( #5408, #3281, #1292, #2739, #6412, #792 ),
 .UNSPECIFIED., .F., .F.,
 ( 4, 2, 4 ),
 ( 7.601678468273332551E-16, 0.0002786238053645338840, 0.0005572476107283075254 ),
 .UNSPECIFIED. ) ;
#5034 = AXIS2_PLACEMENT_3D ( 'NONE', #886, #347, #3043 ) ;
#5035 = CIRCLE ( 'NONE', #5892, 0.01771653543306454456 ) ;
#5036 = CARTESIAN_POINT ( 'NONE',  ( -0.009522585709339104892, 0.2424565361448524359, 0.04546860907183863931 ) ) ;
#5037 = ORIENTED_EDGE ( 'NONE', *, *, #5547, .F. ) ;
#5038 = CARTESIAN_POINT ( 'NONE',  ( -0.04943598110508647114, 0.1230339639663746015, 0.01469163504373387392 ) ) ;
#5039 = AXIS2_PLACEMENT_3D ( 'NONE', #5779, #1155, #2268 ) ;
#5040 = AXIS2_PLACEMENT_3D ( 'NONE', #4919, #842, #5955 ) ;
#5041 = FACE_OUTER_BOUND ( 'NONE', #4826, .T. ) ;
#5042 = FACE_OUTER_BOUND ( 'NONE', #4685, .T. ) ;
#5043 = DIRECTION ( 'NONE',  ( 0.000000000000000000, -1.000000000000000000, 3.491481338843134933E-15 ) ) ;
#5044 = LINE ( 'NONE', #6072, #5589 ) ;
#5045 = EDGE_LOOP ( 'NONE', ( #2250, #2272, #5533, #3805 ) ) ;
#5046 = CARTESIAN_POINT ( 'NONE',  ( -0.04085966922767377690, 0.1138476122603381963, 0.07221932904291357425 ) ) ;
#5047 = AXIS2_PLACEMENT_3D ( 'NONE', #5083, #4069, #364 ) ;
#5048 = LINE ( 'NONE', #2062, #414 ) ;
#5049 = CIRCLE ( 'NONE', #2129, 0.01771653543308204445 ) ;
#5050 = CARTESIAN_POINT ( 'NONE',  ( 0.05117548496422748977, -0.1535433070866141780, 0.03540981758141807656 ) ) ;
#5051 = VERTEX_POINT ( 'NONE', #6650 ) ;
#5052 = FACE_OUTER_BOUND ( 'NONE', #681, .T. ) ;
#5053 = LINE ( 'NONE', #4475, #1648 ) ;
#5054 = PLANE ( 'NONE',  #3641 ) ;
#5055 = CARTESIAN_POINT ( 'NONE',  ( -0.01503261620223423495, -0.03543300589955646063, -0.07088939501700945722 ) ) ;
#5056 = CARTESIAN_POINT ( 'NONE',  ( 0.0003002344596201086545, 0.2247400007117814902, 0.04484619628383316320 ) ) ;
#5057 = ADVANCED_FACE ( 'NONE', ( #3451 ), #3993, .F. ) ;
#5058 = ORIENTED_EDGE ( 'NONE', *, *, #1269, .F. ) ;
#5059 = FACE_OUTER_BOUND ( 'NONE', #2742, .T. ) ;
#5060 = DIRECTION ( 'NONE',  ( 1.000000000000000000, 0.000000000000000000, -4.100255488672848136E-14 ) ) ;
#5061 = EDGE_CURVE ( 'NONE', #3630, #3476, #5614, .T. ) ;
#5062 = EDGE_LOOP ( 'NONE', ( #4954, #5066, #2837, #4571 ) ) ;
#5063 = DIRECTION ( 'NONE',  ( -4.100000000000000200E-14, -3.491481338843134933E-15, -1.000000000000000000 ) ) ;
#5064 = EDGE_CURVE ( 'NONE', #3798, #5335, #5044, .T. ) ;
#5065 = DIRECTION ( 'NONE',  ( 0.000000000000000000, 3.491481338843135327E-15, 1.000000000000000000 ) ) ;
#5066 = ORIENTED_EDGE ( 'NONE', *, *, #2460, .T. ) ;
#5067 = CARTESIAN_POINT ( 'NONE',  ( 0.2751912329957968417, 0.1935516124725102372, -0.09204568856043759961 ) ) ;
#5068 = ORIENTED_EDGE ( 'NONE', *, *, #1951, .F. ) ;
#5069 = CARTESIAN_POINT ( 'NONE',  ( -0.01401939056108515713, 0.03937007874020425485, 0.1574570616759004282 ) ) ;
#5070 = CARTESIAN_POINT ( 'NONE',  ( -0.01987603590582453367, 0.2201468248587630794, 0.02990053300728305261 ) ) ;
#5071 = EDGE_LOOP ( 'NONE', ( #6062, #2373, #6189, #5615 ) ) ;
#5072 = ADVANCED_FACE ( 'NONE', ( #6043 ), #1393, .T. ) ;
#5073 = LINE ( 'NONE', #452, #6502 ) ;
#5074 = CARTESIAN_POINT ( 'NONE',  ( 0.0003002344596201086545, 0.2148974810267421376, 0.04484619628383322565 ) ) ;
#5075 = LINE ( 'NONE', #3514, #1994 ) ;
#5076 = ORIENTED_EDGE ( 'NONE', *, *, #2357, .F. ) ;
#5077 = CARTESIAN_POINT ( 'NONE',  ( 0.001342193295246887907, 0.1345169035989207951, 0.06129022581385276669 ) ) ;
#5078 = LINE ( 'NONE', #2034, #5578 ) ;
#5079 = CARTESIAN_POINT ( 'NONE',  ( -0.02609774249628226198, 0.08399196921571866481, 0.07953898098657313787 ) ) ;
#5080 = ORIENTED_EDGE ( 'NONE', *, *, #552, .T. ) ;
#5081 = CARTESIAN_POINT ( 'NONE',  ( 0.1082620991375155550, 0.1751968503937112731, 0.1338350144317773383 ) ) ;
#5082 = DIRECTION ( 'NONE',  ( 0.000000000000000000, 3.469446951953996392E-15, 1.000000000000000000 ) ) ;
#5083 = CARTESIAN_POINT ( 'NONE',  ( -0.03173592599414968435, -0.02952749408851984905, -0.07088939501700945722 ) ) ;
#5084 = DIRECTION ( 'NONE',  ( 2.065531208604895267E-14, 3.491481338843134933E-15, 1.000000000000000000 ) ) ;
#5085 = CARTESIAN_POINT ( 'NONE',  ( -0.05666355479469196987, 0.2109604731527263688, 0.04845564756923488592 ) ) ;
#5086 = VERTEX_POINT ( 'NONE', #967 ) ;
#5087 =( NAMED_UNIT ( * ) SI_UNIT ( $, .STERADIAN. ) SOLID_ANGLE_UNIT ( ) );
#5088 = ORIENTED_EDGE ( 'NONE', *, *, #3776, .T. ) ;
#5089 = LINE ( 'NONE', #5493, #4928 ) ;
#5090 = EDGE_CURVE ( 'NONE', #3371, #6185, #5240, .T. ) ;
#5091 = VERTEX_POINT ( 'NONE', #1964 ) ;
#5092 = FACE_OUTER_BOUND ( 'NONE', #1186, .T. ) ;
#5093 = EDGE_CURVE ( 'NONE', #1730, #4856, #5049, .T. ) ;
#5094 = CARTESIAN_POINT ( 'NONE',  ( 0.03345894953121642673, 0.1614173228346534039, 0.1338350144317773383 ) ) ;
#5095 = EDGE_CURVE ( 'NONE', #1377, #3004, #3082, .T. ) ;
#5096 = VERTEX_POINT ( 'NONE', #5544 ) ;
#5097 = FACE_OUTER_BOUND ( 'NONE', #1025, .T. ) ;
#5098 = ORIENTED_EDGE ( 'NONE', *, *, #6249, .F. ) ;
#5099 = CARTESIAN_POINT ( 'NONE',  ( -0.2009195160296033955, 0.1818777051402259148, -0.03251931886360778096 ) ) ;
#5100 = CARTESIAN_POINT ( 'NONE',  ( -0.01987603590582453367, 0.2477058799768734887, 0.02990053300728299709 ) ) ;
#5101 = EDGE_LOOP ( 'NONE', ( #4085, #3298, #5903, #3853 ) ) ;
#5102 = PLANE ( 'NONE',  #2657 ) ;
#5103 = DIRECTION ( 'NONE',  ( 0.000000000000000000, 1.000000000000000000, -3.491481338843134933E-15 ) ) ;
#5104 = VECTOR ( 'NONE', #738, 39.37007874015748143 ) ;
#5105 = ORIENTED_EDGE ( 'NONE', *, *, #5997, .F. ) ;
#5106 = CARTESIAN_POINT ( 'NONE',  ( 0.0003002344596201086545, 0.2148974810267421376, 0.04484619628383322565 ) ) ;
#5107 = EDGE_CURVE ( 'NONE', #679, #1346, #3515, .T. ) ;
#5108 = CARTESIAN_POINT ( 'NONE',  ( -0.1006335637894395785, 0.03937007874020417159, 0.1338350144318084523 ) ) ;
#5109 = CARTESIAN_POINT ( 'NONE',  ( -0.01550365110739785474, 0.1551861949375031580, 0.02108251481015539081 ) ) ;
#5110 = ORIENTED_EDGE ( 'NONE', *, *, #1252, .F. ) ;
#5111 = CARTESIAN_POINT ( 'NONE',  ( -0.0007417243760064197141, 0.2500024679033825414, 0.02840216675381434727 ) ) ;
#5112 = VECTOR ( 'NONE', #4756, 39.37007874015748143 ) ;
#5113 = DIRECTION ( 'NONE',  ( -1.000000000000000000, 3.221629312528710885E-14, 2.106449935114926299E-14 ) ) ;
#5114 = DIRECTION ( 'NONE',  ( -2.065531208604895267E-14, -3.491481338843134933E-15, -1.000000000000000000 ) ) ;
#5115 = CARTESIAN_POINT ( 'NONE',  ( -0.1932060945040063038, 0.03937007874020338749, -0.07088939501700984580 ) ) ;
#5116 = CARTESIAN_POINT ( 'NONE',  ( -0.01550365110739785474, 0.1925877697406527811, 0.02108251481015527978 ) ) ;
#5117 = EDGE_LOOP ( 'NONE', ( #1399, #3391, #1634, #982 ) ) ;
#5118 = AXIS2_PLACEMENT_3D ( 'NONE', #4009, #4588, #3539 ) ;
#5119 = DIRECTION ( 'NONE',  ( 4.100000000000000200E-14, 3.491481338843134933E-15, 1.000000000000000000 ) ) ;
#5120 = DIRECTION ( 'NONE',  ( -1.000000000000000000, 0.000000000000000000, 0.000000000000000000 ) ) ;
#5121 = VECTOR ( 'NONE', #391, 39.37007874015748143 ) ;
#5122 = VERTEX_POINT ( 'NONE', #896 ) ;
#5123 = CARTESIAN_POINT ( 'NONE',  ( -0.1820449620185704831, -0.03937007874011079489, 0.1298980065638165593 ) ) ;
#5124 = EDGE_CURVE ( 'NONE', #6515, #2692, #4025, .T. ) ;
#5125 = VECTOR ( 'NONE', #6193, 39.37007874015748143 ) ;
#5126 = CARTESIAN_POINT ( 'NONE',  ( 0.2502230127988692709, 0.1936205956006020190, -0.06200832759031768560 ) ) ;
#5127 = VECTOR ( 'NONE', #139, 39.37007874015748143 ) ;
#5128 = CARTESIAN_POINT ( 'NONE',  ( -0.2182525716154196660, -0.03543300589955476060, -0.04726734777291755757 ) ) ;
#5129 = VERTEX_POINT ( 'NONE', #392 ) ;
#5130 = DIRECTION ( 'NONE',  ( 1.000000000000000000, 0.000000000000000000, 0.000000000000000000 ) ) ;
#5131 = EDGE_CURVE ( 'NONE', #5845, #5537, #2457, .T. ) ;
#5132 = VECTOR ( 'NONE', #6353, 39.37007874015748143 ) ;
#5133 = CARTESIAN_POINT ( 'NONE',  ( -0.01237777460051775469, 0.1742150663285797485, 0.07041460340021260533 ) ) ;
#5134 = VERTEX_POINT ( 'NONE', #3615 ) ;
#5135 = ADVANCED_FACE ( 'NONE', ( #6170 ), #1248, .F. ) ;
#5136 = DIRECTION ( 'NONE',  ( 1.000000000000000000, -3.200000000000000249E-14, -2.098838354815185019E-14 ) ) ;
#5137 = AXIS2_PLACEMENT_3D ( 'NONE', #78, #5770, #1083 ) ;
#5138 = CARTESIAN_POINT ( 'NONE',  ( -0.1816512612313759822, 0.1574803149606783526, 0.1298980065638159487 ) ) ;
#5139 = CARTESIAN_POINT ( 'NONE',  ( -0.1220528614924594468, 0.07086614173228995839, 0.05115784907748385790 ) ) ;
#5140 = VECTOR ( 'NONE', #136, 39.37007874015748143 ) ;
#5141 = VERTEX_POINT ( 'NONE', #4399 ) ;
#5142 = CARTESIAN_POINT ( 'NONE',  ( 0.001342193295246887907, 0.1620759587170309546, 0.06129022581385255852 ) ) ;
#5143 = DIRECTION ( 'NONE',  ( -4.100000000000000200E-14, -3.491481338843134933E-15, -1.000000000000000000 ) ) ;
#5144 = CARTESIAN_POINT ( 'NONE',  ( -0.05770551363031868608, 0.1758554862760858262, 0.03201161803921593468 ) ) ;
#5145 = VERTEX_POINT ( 'NONE', #3887 ) ;
#5146 = CARTESIAN_POINT ( 'NONE',  ( -0.04085966922767377690, 0.2339263524178185338, 0.07221932904291318567 ) ) ;
#5147 = VECTOR ( 'NONE', #5809, 39.37007874015748143 ) ;
#5148 = EDGE_CURVE ( 'NONE', #4268, #3630, #2873, .T. ) ;
#5149 = LINE ( 'NONE', #2101, #739 ) ;
#5150 = CARTESIAN_POINT ( 'NONE',  ( 0.1082620991375090880, 0.1751968503937108290, -0.02514910372275582645 ) ) ;
#5151 = CARTESIAN_POINT ( 'NONE',  ( 0.001342193295246887907, 0.1994775335201804667, 0.06129022581385255852 ) ) ;
#5152 = EDGE_LOOP ( 'NONE', ( #5505, #2359, #5028, #4456 ) ) ;
#5153 = CIRCLE ( 'NONE', #1697, 0.05510791045490172346 ) ;
#5154 = EDGE_CURVE ( 'NONE', #3167, #3517, #5369, .T. ) ;
#5155 = DIRECTION ( 'NONE',  ( -1.000000000000000000, 1.431507348925683827E-28, 4.100000000000000200E-14 ) ) ;
#5156 = ORIENTED_EDGE ( 'NONE', *, *, #2905, .T. ) ;
#5157 = CARTESIAN_POINT ( 'NONE',  ( -0.02559616857902342543, 0.2677165354330795499, 0.04525233726641936932 ) ) ;
#5158 = CARTESIAN_POINT ( 'NONE',  ( 0.08660855583037402328, 0.03937007874017362657, -0.05514136352094559101 ) ) ;
#5159 = CARTESIAN_POINT ( 'NONE',  ( 0.1237758850294596452, 0.007874015748078170424, 0.1338350144317692891 ) ) ;
#5160 = DIRECTION ( 'NONE',  ( 1.000000000000000000, 0.000000000000000000, 0.000000000000000000 ) ) ;
#5161 = ORIENTED_EDGE ( 'NONE', *, *, #4286, .F. ) ;
#5162 = DIRECTION ( 'NONE',  ( 1.000000000000000000, -1.431507348925684052E-28, -4.100000000000000200E-14 ) ) ;
#5163 = ORIENTED_EDGE ( 'NONE', *, *, #3754, .T. ) ;
#5164 = CARTESIAN_POINT ( 'NONE',  ( -0.08465128668925708810, 0.1614173228346534039, 0.1102129671876681122 ) ) ;
#5165 = CARTESIAN_POINT ( 'NONE',  ( -0.01782820997105006786, 0.2293331765648000953, 0.06221899799109031903 ) ) ;
#5166 = ORIENTED_EDGE ( 'NONE', *, *, #2209, .F. ) ;
#5167 = ADVANCED_FACE ( 'NONE', ( #1317 ), #5402, .F. ) ;
#5168 = DIRECTION ( 'NONE',  ( 4.138104000875205294E-27, 1.000000000000000000, 9.743788453616189976E-14 ) ) ;
#5169 = CARTESIAN_POINT ( 'NONE',  ( -0.01397259164998627956, 0.3425196850393807391, 0.3798980065577472476 ) ) ;
#5170 = VERTEX_POINT ( 'NONE', #1716 ) ;
#5171 = CARTESIAN_POINT ( 'NONE',  ( -0.02609774249628226545, 0.2217872448062700452, 0.07953898098657269378 ) ) ;
#5172 = EDGE_CURVE ( 'NONE', #1419, #1127, #215, .T. ) ;
#5173 = CARTESIAN_POINT ( 'NONE',  ( -0.03026557783878931415, 0.1528896070109941607, 0.01376286286649612209 ) ) ;
#5174 = ORIENTED_EDGE ( 'NONE', *, *, #3540, .F. ) ;
#5175 = CARTESIAN_POINT ( 'NONE',  ( -0.0007417243760064197141, 0.1397662474309415426, 0.02840216675381476014 ) ) ;
#5176 = EDGE_CURVE ( 'NONE', #6027, #6575, #5330, .T. ) ;
#5177 = DIRECTION ( 'NONE',  ( 0.000000000000000000, -1.000000000000000000, 3.491481338843134933E-15 ) ) ;
#5178 = DIRECTION ( 'NONE',  ( -2.537655020578940122E-13, -1.000000000000000000, 3.491481338843134933E-15 ) ) ;
#5179 = DIRECTION ( 'NONE',  ( 3.200000000000000249E-14, 1.000000000000000000, -3.491481338843134933E-15 ) ) ;
#5180 = LINE ( 'NONE', #5308, #421 ) ;
#5181 = ORIENTED_EDGE ( 'NONE', *, *, #536, .F. ) ;
#5182 = CARTESIAN_POINT ( 'NONE',  ( 0.2751912329957968417, -0.1123849554454065119, 0.01770268064204655670 ) ) ;
#5183 = ORIENTED_EDGE ( 'NONE', *, *, #2533, .F. ) ;
#5184 = DIRECTION ( 'NONE',  ( -4.100000000000000200E-14, -4.695867234132910308E-13, -1.000000000000000000 ) ) ;
#5185 = DIRECTION ( 'NONE',  ( -1.000000000000000000, 1.844397018056165031E-16, 4.131062417209784855E-14 ) ) ;
#5186 = FACE_OUTER_BOUND ( 'NONE', #3046, .T. ) ;
#5187 = CARTESIAN_POINT ( 'NONE',  ( -0.04398554573455393940, 0.1781520742025952675, 0.02288724045285614461 ) ) ;
#5188 = ADVANCED_FACE ( 'NONE', ( #5434 ), #2257, .T. ) ;
#5189 = LINE ( 'NONE', #2691, #5978 ) ;
#5190 = ORIENTED_EDGE ( 'NONE', *, *, #1507, .T. ) ;
#5191 = EDGE_LOOP ( 'NONE', ( #2185, #4621, #2697, #524 ) ) ;
#5192 = LINE ( 'NONE', #2152, #2415 ) ;
#5193 = DIRECTION ( 'NONE',  ( -1.000000000000000000, 0.000000000000000000, 0.000000000000000000 ) ) ;
#5194 = EDGE_LOOP ( 'NONE', ( #1244, #5577, #5362, #3042 ) ) ;
#5195 = FACE_OUTER_BOUND ( 'NONE', #5194, .T. ) ;
#5196 = CARTESIAN_POINT ( 'NONE',  ( -0.01237777460051775469, 0.1466560112104692837, 0.07041460340021260533 ) ) ;
#5197 = ORIENTED_EDGE ( 'NONE', *, *, #2155, .F. ) ;
#5198 = CARTESIAN_POINT ( 'NONE',  ( -0.1932060945040063038, 0.03937007874020417159, 0.1338350144318084523 ) ) ;
#5199 = DIRECTION ( 'NONE',  ( -4.100000000000000200E-14, -3.491481338843134933E-15, -1.000000000000000000 ) ) ;
#5200 = VERTEX_POINT ( 'NONE', #2803 ) ;
#5201 = CARTESIAN_POINT ( 'NONE',  ( -0.0007417243760064197141, 0.1850418379821226755, 0.02840216675381457972 ) ) ;
#5202 = EDGE_CURVE ( 'NONE', #4254, #227, #3345, .T. ) ;
#5203 = DIRECTION ( 'NONE',  ( 0.000000000000000000, 1.000000000000000000, -3.491481338843134933E-15 ) ) ;
#5204 = CARTESIAN_POINT ( 'NONE',  ( -0.01550365110739785474, 0.2103043051737236713, 0.02108251481015519305 ) ) ;
#5205 = ORIENTED_EDGE ( 'NONE', *, *, #1252, .T. ) ;
#5206 = CARTESIAN_POINT ( 'NONE',  ( -0.01550365110739785474, 0.2201468248587629961, 0.02108251481015515488 ) ) ;
#5207 = DIRECTION ( 'NONE',  ( 4.131062417209784855E-14, -3.491481338843134933E-15, -1.000000000000000000 ) ) ;
#5208 = ADVANCED_FACE ( 'NONE', ( #6406 ), #3915, .T. ) ;
#5209 = DIRECTION ( 'NONE',  ( 1.000000000000000000, -3.200000000000000249E-14, -2.099999999999999887E-14 ) ) ;
#5210 = CARTESIAN_POINT ( 'NONE',  ( -0.1767181801197338642, 0.1890887369320718159, -0.06720639875730463619 ) ) ;
#5211 = VERTEX_POINT ( 'NONE', #3408 ) ;
#5212 = EDGE_CURVE ( 'NONE', #2151, #3630, #4866, .T. ) ;
#5213 = DIRECTION ( 'NONE',  ( 0.000000000000000000, -1.000000000000000000, 3.491481338843134933E-15 ) ) ;
#5214 = ORIENTED_EDGE ( 'NONE', *, *, #4686, .T. ) ;
#5215 = FACE_OUTER_BOUND ( 'NONE', #3543, .T. ) ;
#5216 = CARTESIAN_POINT ( 'NONE',  ( 0.08660855583036969341, -3.619698591605149208E-15, -0.05514136352094543836 ) ) ;
#5217 = EDGE_CURVE ( 'NONE', #242, #1327, #247, .T. ) ;
#5218 = CARTESIAN_POINT ( 'NONE',  ( 0.1060593495963950833, -0.02952749408851909271, 0.1338350144317692891 ) ) ;
#5219 = CIRCLE ( 'NONE', #2189, 0.01771653543308204792 ) ;
#5220 = CARTESIAN_POINT ( 'NONE',  ( 0.003834820694044544127, 0.05042827280256965972, 0.01300344471471765601 ) ) ;
#5221 = EDGE_LOOP ( 'NONE', ( #6444, #469, #5849, #2153 ) ) ;
#5222 = ORIENTED_EDGE ( 'NONE', *, *, #2186, .F. ) ;
#5223 = EDGE_CURVE ( 'NONE', #2839, #1513, #5837, .T. ) ;
#5224 = ORIENTED_EDGE ( 'NONE', *, *, #417, .F. ) ;
#5225 = CARTESIAN_POINT ( 'NONE',  ( -0.03173592599414968435, -0.02952749408851968599, -0.04726734777295692885 ) ) ;
#5226 = AXIS2_PLACEMENT_3D ( 'NONE', #1469, #904, #403 ) ;
#5227 = ADVANCED_FACE ( 'NONE', ( #4296 ), #5907, .T. ) ;
#5228 = CARTESIAN_POINT ( 'NONE',  ( -0.04085966922767377690, 0.2339263524178185338, 0.07221932904291318567 ) ) ;
#5229 = ORIENTED_EDGE ( 'NONE', *, *, #4935, .T. ) ;
#5230 = VECTOR ( 'NONE', #2051, 39.37007874015748143 ) ;
#5231 = LINE ( 'NONE', #521, #6535 ) ;
#5232 = LINE ( 'NONE', #5169, #1037 ) ;
#5233 = ORIENTED_EDGE ( 'NONE', *, *, #4240, .T. ) ;
#5234 = DIRECTION ( 'NONE',  ( 2.100000000000010931E-14, 3.491481338843135722E-15, 1.000000000000000000 ) ) ;
#5235 = VECTOR ( 'NONE', #30, 39.37007874015748143 ) ;
#5236 = CARTESIAN_POINT ( 'NONE',  ( -0.1784812832950681827, 0.1968503937008165006, 0.1413743543937257541 ) ) ;
#5237 = CARTESIAN_POINT ( 'NONE',  ( -0.05562159595906518428, 0.2263804206592882617, 0.06489967709925403838 ) ) ;
#5238 = VERTEX_POINT ( 'NONE', #6098 ) ;
#5239 = CARTESIAN_POINT ( 'NONE',  ( -0.01237777460051775469, 0.1742150663285797485, 0.07041460340021260533 ) ) ;
#5240 = CIRCLE ( 'NONE', #2670, 0.04282706631352103943 ) ;
#5241 = VECTOR ( 'NONE', #1438, 39.37007874015748143 ) ;
#5242 = CARTESIAN_POINT ( 'NONE',  ( 0.1237758850294596452, 0.007874015748077421023, -0.07088939501700965151 ) ) ;
#5243 = DIRECTION ( 'NONE',  ( -2.537655020578940122E-13, 1.000000000000000000, -3.491481338843134933E-15 ) ) ;
#5244 = LINE ( 'NONE', #629, #3399 ) ;
#5245 = DIRECTION ( 'NONE',  ( -1.000000000000000000, 0.000000000000000000, 0.000000000000000000 ) ) ;
#5246 = EDGE_LOOP ( 'NONE', ( #1742, #3376, #4325, #461 ) ) ;
#5247 = AXIS2_PLACEMENT_3D ( 'NONE', #543, #2596, #1584 ) ;
#5248 = CARTESIAN_POINT ( 'NONE',  ( -0.1820053207754567248, 0.1771653543307550871, 0.1338350144318080637 ) ) ;
#5249 = VECTOR ( 'NONE', #5517, 39.37007874015748143 ) ;
#5250 = PLANE ( 'NONE',  #4274 ) ;
#5251 = ORIENTED_EDGE ( 'NONE', *, *, #4895, .T. ) ;
#5252 = DIRECTION ( 'NONE',  ( 4.100000000000000200E-14, 3.491481338843134933E-15, 1.000000000000000000 ) ) ;
#5253 = EDGE_CURVE ( 'NONE', #1112, #3070, #1926, .T. ) ;
#5254 = CARTESIAN_POINT ( 'NONE',  ( -0.2013363006014440848, -0.03937007874011141939, -0.04333033989894158333 ) ) ;
#5255 = AXIS2_PLACEMENT_3D ( 'NONE', #6143, #1595, #1092 ) ;
#5256 = PLANE ( 'NONE',  #918 ) ;
#5257 = AXIS2_PLACEMENT_3D ( 'NONE', #338, #6492, #233 ) ;
#5258 = CARTESIAN_POINT ( 'NONE',  ( -0.03026557783878931415, 0.1804486621291042370, 0.01376286286649603535 ) ) ;
#5259 = CARTESIAN_POINT ( 'NONE',  ( -0.0006963444832000768468, 0.04724409448819574114, 0.009819266400273583481 ) ) ;
#5260 = ADVANCED_FACE ( 'NONE', ( #420 ), #917, .F. ) ;
#5261 = ADVANCED_FACE ( 'NONE', ( #3442 ), #4561, .T. ) ;
#5262 = ORIENTED_EDGE ( 'NONE', *, *, #1818, .T. ) ;
#5263 = LINE ( 'NONE', #1741, #4141 ) ;
#5264 = VERTEX_POINT ( 'NONE', #6063 ) ;
#5265 = CARTESIAN_POINT ( 'NONE',  ( -0.03173592599414968435, -0.02952749408851909271, 0.1338350144317692891 ) ) ;
#5266 = EDGE_CURVE ( 'NONE', #2827, #2118, #6135, .T. ) ;
#5267 = ORIENTED_EDGE ( 'NONE', *, *, #4447, .F. ) ;
#5268 = PLANE ( 'NONE',  #2879 ) ;
#5269 = CARTESIAN_POINT ( 'NONE',  ( 0.03345894953121016091, 0.04724409448819559543, -0.01970829265484567300 ) ) ;
#5270 = ORIENTED_EDGE ( 'NONE', *, *, #5124, .T. ) ;
#5271 = DIRECTION ( 'NONE',  ( 0.000000000000000000, 1.000000000000000000, -3.491481338843134933E-15 ) ) ;
#5272 = EDGE_CURVE ( 'NONE', #6056, #1488, #2388, .T. ) ;
#5273 = CARTESIAN_POINT ( 'NONE',  ( -0.03648728442924677184, 0.1138476122603379326, 0.06340131084578617959 ) ) ;
#5274 = EDGE_LOOP ( 'NONE', ( #2161, #3444, #1278, #6528 ) ) ;
#5275 = CARTESIAN_POINT ( 'NONE',  ( 0.01012305462857975707, 0.1145037802393405885, 0.04422378349582876955 ) ) ;
#5276 = CARTESIAN_POINT ( 'NONE',  ( -0.1816512612313695429, 0.1968503937008375115, 0.1359778003170692140 ) ) ;
#5277 = CARTESIAN_POINT ( 'NONE',  ( -0.08465128668923979638, 0.1968503937008335147, -0.02167679659181448448 ) ) ;
#5278 = DIRECTION ( 'NONE',  ( 1.000000000000000000, -1.431507348925684052E-28, -4.100000000000000200E-14 ) ) ;
#5279 = CARTESIAN_POINT ( 'NONE',  ( -0.1820053207753773161, 0.1771653543307325773, -0.07088939501703005186 ) ) ;
#5280 = VERTEX_POINT ( 'NONE', #5069 ) ;
#5281 = DIRECTION ( 'NONE',  ( -1.000000000000000000, 0.000000000000000000, 0.000000000000000000 ) ) ;
#5282 = LINE ( 'NONE', #5415, #4488 ) ;
#5283 = ORIENTED_EDGE ( 'NONE', *, *, #5090, .T. ) ;
#5284 = FACE_OUTER_BOUND ( 'NONE', #3165, .T. ) ;
#5285 = ORIENTED_EDGE ( 'NONE', *, *, #6015, .T. ) ;
#5286 = FACE_OUTER_BOUND ( 'NONE', #3428, .T. ) ;
#5287 = CARTESIAN_POINT ( 'NONE',  ( -0.01550365110739785474, 0.2103043051737236713, 0.02108251481015519305 ) ) ;
#5288 = EDGE_CURVE ( 'NONE', #3389, #5602, #6640, .T. ) ;
#5289 =( LENGTH_UNIT ( ) NAMED_UNIT ( * ) SI_UNIT ( $, .METRE. ) );
#5290 = EDGE_LOOP ( 'NONE', ( #2298, #1545, #2614, #6124, #384, #2121 ) ) ;
#5291 = CARTESIAN_POINT ( 'NONE',  ( 0.1141676109484856261, 0.07086614173230078306, 0.05115784907747889659 ) ) ;
#5292 = ORIENTED_EDGE ( 'NONE', *, *, #184, .F. ) ;
#5293 = DIRECTION ( 'NONE',  ( 2.099999999999999887E-14, 3.491481338843134933E-15, 1.000000000000000000 ) ) ;
#5294 = CARTESIAN_POINT ( 'NONE',  ( -0.05666355479469196987, 0.09088173299524605897, 0.04845564756923527450 ) ) ;
#5295 = EDGE_CURVE ( 'NONE', #1447, #1014, #5993, .T. ) ;
#5296 = ORIENTED_EDGE ( 'NONE', *, *, #2412, .T. ) ;
#5297 = LINE ( 'NONE', #6339, #3744 ) ;
#5298 = ORIENTED_EDGE ( 'NONE', *, *, #2123, .F. ) ;
#5299 = ORIENTED_EDGE ( 'NONE', *, *, #1927, .T. ) ;
#5300 = CARTESIAN_POINT ( 'NONE',  ( -0.1003993181853708727, 0.03937007874016110187, 0.1417090301798458740 ) ) ;
#5301 = CARTESIAN_POINT ( 'NONE',  ( -0.01020519435426384819, 0.1574827828640123772, 0.03469578741056993099 ) ) ;
#5302 = ORIENTED_EDGE ( 'NONE', *, *, #2186, .T. ) ;
#5303 = CARTESIAN_POINT ( 'NONE',  ( 0.008721745602250967344, 0.1397662474309414871, 0.02210854609705941234 ) ) ;
#5304 = CARTESIAN_POINT ( 'NONE',  ( -0.1898303869295460411, 0.1951937548877115958, 0.1260444388807472615 ) ) ;
#5305 =( LENGTH_UNIT ( ) NAMED_UNIT ( * ) SI_UNIT ( $, .METRE. ) );
#5306 = EDGE_CURVE ( 'NONE', #5705, #1523, #956, .T. ) ;
#5307 = DIRECTION ( 'NONE',  ( 0.000000000000000000, -1.000000000000000000, 3.491481338843134933E-15 ) ) ;
#5308 = CARTESIAN_POINT ( 'NONE',  ( 0.2558998944129232123, 0.1771653543307547263, -0.03368633418161787185 ) ) ;
#5309 = EDGE_LOOP ( 'NONE', ( #5494, #5935, #3534, #2147 ) ) ;
#5310 = LINE ( 'NONE', #2847, #6538 ) ;
#5311 = ADVANCED_FACE ( 'NONE', ( #5502 ), #6506, .T. ) ;
#5312 = CARTESIAN_POINT ( 'NONE',  ( 0.03345894953121039683, 0.1751968503936714439, -0.01380278084381876026 ) ) ;
#5313 = VERTEX_POINT ( 'NONE', #5609 ) ;
#5314 = CARTESIAN_POINT ( 'NONE',  ( -0.1932060945040063038, 0.03937007874020425485, 0.1574570616759004282 ) ) ;
#5315 = VECTOR ( 'NONE', #4781, 39.37007874015748143 ) ;
#5316 = DIRECTION ( 'NONE',  ( 4.100000000000000200E-14, -8.902710404659680619E-14, 1.000000000000000000 ) ) ;
#5317 = LINE ( 'NONE', #4680, #701 ) ;
#5318 = LINE ( 'NONE', #1050, #1586 ) ;
#5319 = DIRECTION ( 'NONE',  ( 4.138104000875205294E-27, 1.000000000000000000, 9.743788453616189976E-14 ) ) ;
#5320 = VERTEX_POINT ( 'NONE', #1448 ) ;
#5321 = DIRECTION ( 'NONE',  ( -2.065531208604895267E-14, -3.491481338843134933E-15, -1.000000000000000000 ) ) ;
#5322 = ORIENTED_EDGE ( 'NONE', *, *, #3802, .F. ) ;
#5323 = CARTESIAN_POINT ( 'NONE',  ( -0.01550365110739785474, 0.1000680847012826724, 0.02108251481015559203 ) ) ;
#5324 = AXIS2_PLACEMENT_3D ( 'NONE', #948, #6632, #4554 ) ;
#5325 = EDGE_LOOP ( 'NONE', ( #288, #3745, #4040, #6104 ) ) ;
#5326 = CIRCLE ( 'NONE', #1453, 0.06061619997491574791 ) ;
#5327 = ADVANCED_FACE ( 'NONE', ( #960 ), #5572, .F. ) ;
#5328 = DIRECTION ( 'NONE',  ( -4.100000000000000200E-14, -3.491481338843134933E-15, -1.000000000000000000 ) ) ;
#5329 = ORIENTED_EDGE ( 'NONE', *, *, #1884, .F. ) ;
#5330 = LINE ( 'NONE', #715, #6224 ) ;
#5331 = ORIENTED_EDGE ( 'NONE', *, *, #5426, .T. ) ;
#5332 = CIRCLE ( 'NONE', #2426, 0.05056999097458959175 ) ;
#5333 = CARTESIAN_POINT ( 'NONE',  ( -0.04752334327065738107, 0.1758554862760857984, 0.03706041311996079862 ) ) ;
#5334 = ADVANCED_FACE ( 'NONE', ( #480 ), #1517, .T. ) ;
#5335 = VERTEX_POINT ( 'NONE', #6544 ) ;
#5336 = CARTESIAN_POINT ( 'NONE',  ( -0.006927339229985205599, 0.09153790097424890915, 0.07861020880933519694 ) ) ;
#5337 = EDGE_CURVE ( 'NONE', #6185, #3856, #1888, .T. ) ;
#5338 = CARTESIAN_POINT ( 'NONE',  ( -0.1594544362955624128, 0.1751968503937108290, -0.04333033989892047522 ) ) ;
#5339 =( NAMED_UNIT ( * ) PLANE_ANGLE_UNIT ( ) SI_UNIT ( $, .RADIAN. ) );
#5340 = CIRCLE ( 'NONE', #2438, 0.04282706631352100474 ) ;
#5341 = EDGE_LOOP ( 'NONE', ( #4777, #572, #5591, #2645 ) ) ;
#5342 = DIRECTION ( 'NONE',  ( 1.000000000000000000, -2.793421535665763066E-16, -2.099999999999999887E-14 ) ) ;
#5343 = DIRECTION ( 'NONE',  ( -2.099999999999999887E-14, -3.491481338843134933E-15, -1.000000000000000000 ) ) ;
#5344 = FACE_OUTER_BOUND ( 'NONE', #294, .T. ) ;
#5345 = ORIENTED_EDGE ( 'NONE', *, *, #5904, .T. ) ;
#5346 = EDGE_CURVE ( 'NONE', #613, #3498, #2904, .T. ) ;
#5347 = PLANE ( 'NONE',  #509 ) ;
#5348 = AXIS2_PLACEMENT_3D ( 'NONE', #300, #2786, #3328 ) ;
#5349 = ORIENTED_EDGE ( 'NONE', *, *, #5095, .T. ) ;
#5350 = DIRECTION ( 'NONE',  ( 2.099999999999999887E-14, 3.491481338843134933E-15, 1.000000000000000000 ) ) ;
#5351 = DIRECTION ( 'NONE',  ( 1.000000000000000000, 1.539434167943740012E-28, 4.409114695293820546E-14 ) ) ;
#5352 = LINE ( 'NONE', #4818, #519 ) ;
#5353 = AXIS2_PLACEMENT_3D ( 'NONE', #620, #2674, #2162 ) ;
#5354 = VECTOR ( 'NONE', #5592, 39.37007874015748143 ) ;
#5355 = DIRECTION ( 'NONE',  ( 1.000000000000000000, -1.431507348925684052E-28, -4.100000000000000200E-14 ) ) ;
#5356 = EDGE_CURVE ( 'NONE', #6626, #6053, #381, .T. ) ;
#5357 = DIRECTION ( 'NONE',  ( 1.000000000000000000, -2.981786901872154867E-28, -8.540177112503599090E-14 ) ) ;
#5358 = VECTOR ( 'NONE', #4573, 39.37007874015748143 ) ;
#5359 = CIRCLE ( 'NONE', #2452, 0.01771653543308204445 ) ;
#5360 = ORIENTED_EDGE ( 'NONE', *, *, #344, .F. ) ;
#5361 = FACE_OUTER_BOUND ( 'NONE', #2601, .T. ) ;
#5362 = ORIENTED_EDGE ( 'NONE', *, *, #1176, .F. ) ;
#5363 = CARTESIAN_POINT ( 'NONE',  ( -0.04398554573455393940, 0.1230339639663746154, 0.02288724045285634237 ) ) ;
#5364 = VECTOR ( 'NONE', #3375, 39.37007874015748143 ) ;
#5365 = CARTESIAN_POINT ( 'NONE',  ( 0.1555061936256464383, -0.09125785776262440585, 0.03540981758141567570 ) ) ;
#5366 = ORIENTED_EDGE ( 'NONE', *, *, #4824, .T. ) ;
#5367 = LINE ( 'NONE', #3851, #6209 ) ;
#5368 = EDGE_LOOP ( 'NONE', ( #148, #4975, #5897, #1123, #6238, #5806, #4239, #4993, #378, #4300, #49, #5738, #1645, #1970, #66, #4474, #5872, #4094, #5472, #1955, #5741, #4667 ) ) ;
#5369 = LINE ( 'NONE', #754, #79 ) ;
#5370 = VERTEX_POINT ( 'NONE', #3473 ) ;
#5371 = EDGE_CURVE ( 'NONE', #2290, #1510, #4279, .T. ) ;
#5372 = CARTESIAN_POINT ( 'NONE',  ( -0.04684073462573252328, 0.2011179534676870995, 0.04783323478122977757 ) ) ;
#5373 = ORIENTED_EDGE ( 'NONE', *, *, #4821, .T. ) ;
#5374 = CARTESIAN_POINT ( 'NONE',  ( -0.06508506593732280021, 0.1259867198718864489, 0.07119329775600952148 ) ) ;
#5375 = CARTESIAN_POINT ( 'NONE',  ( -0.08465128668926241717, 0.1614173228346527933, -0.01970829265484606505 ) ) ;
#5376 = CARTESIAN_POINT ( 'NONE',  ( 0.08660855583037402328, -2.868440393347476084E-15, 0.1535200538018891558 ) ) ;
#5377 = DIRECTION ( 'NONE',  ( -0.7398567853309531150, 0.6727643994741010491, 2.798518385236725501E-14 ) ) ;
#5378 = DIRECTION ( 'NONE',  ( -1.000000000000000000, 0.000000000000000000, 0.000000000000000000 ) ) ;
#5379 = EDGE_CURVE ( 'NONE', #4401, #5584, #3139, .T. ) ;
#5380 = ORIENTED_EDGE ( 'NONE', *, *, #1245, .T. ) ;
#5381 = CARTESIAN_POINT ( 'NONE',  ( -0.1594544362955551409, 0.1751968503937112731, 0.1338350144317948798 ) ) ;
#5382 = EDGE_CURVE ( 'NONE', #158, #2950, #3108, .T. ) ;
#5383 = CARTESIAN_POINT ( 'NONE',  ( 0.2544805961616454781, 0.1801022416792721348, -0.07088939501704326351 ) ) ;
#5384 = ORIENTED_EDGE ( 'NONE', *, *, #402, .F. ) ;
#5385 = CARTESIAN_POINT ( 'NONE',  ( -0.1594544362955598593, 0.1259842519685108464, 0.02163029002234547263 ) ) ;
#5386 = VERTEX_POINT ( 'NONE', #4219 ) ;
#5387 = LINE ( 'NONE', #1304, #578 ) ;
#5388 = CARTESIAN_POINT ( 'NONE',  ( 0.02047005479288165411, 0.3543307086614264634, 0.3798980065577469145 ) ) ;
#5389 = CARTESIAN_POINT ( 'NONE',  ( 0.2751912329957980075, 0.1771653543307571133, -0.03368633418163157617 ) ) ;
#5390 = ADVANCED_FACE ( 'NONE', ( #1017 ), #6235, .F. ) ;
#5391 = DIRECTION ( 'NONE',  ( -0.7014283973664497962, 0.7127399268793167542, 2.627004613787689375E-14 ) ) ;
#5392 = CARTESIAN_POINT ( 'NONE',  ( -0.01237777460051775469, 0.2568922316829101993, 0.07041460340021220288 ) ) ;
#5393 = ORIENTED_EDGE ( 'NONE', *, *, #4416, .F. ) ;
#5394 = DIRECTION ( 'NONE',  ( 4.047688110609999447E-14, 5.782411586585713496E-15, 1.000000000000000000 ) ) ;
#5395 = ADVANCED_FACE ( 'NONE', ( #4249 ), #2695, .T. ) ;
#5396 = ORIENTED_EDGE ( 'NONE', *, *, #3157, .T. ) ;
#5397 = CARTESIAN_POINT ( 'NONE',  ( -0.04085966922767377690, 0.1138476122603381963, 0.07221932904291357425 ) ) ;
#5398 = DIRECTION ( 'NONE',  ( -4.131062417209784855E-14, 3.491481338843134933E-15, 1.000000000000000000 ) ) ;
#5399 = ORIENTED_EDGE ( 'NONE', *, *, #3754, .F. ) ;
#5400 = PLANE ( 'NONE',  #1905 ) ;
#5401 = VERTEX_POINT ( 'NONE', #2085 ) ;
#5402 = PLANE ( 'NONE',  #3513 ) ;
#5403 = VERTEX_POINT ( 'NONE', #3648 ) ;
#5404 = CARTESIAN_POINT ( 'NONE',  ( -0.04684073462573252328, 0.1558423629165058277, 0.04783323478122990940 ) ) ;
#5405 = ORIENTED_EDGE ( 'NONE', *, *, #5025, .T. ) ;
#5406 = CARTESIAN_POINT ( 'NONE',  ( -0.01113126630897090172, 0.2201468248587630794, 0.01226449661302778105 ) ) ;
#5407 = CARTESIAN_POINT ( 'NONE',  ( -0.1816512612313759822, -0.03937007874011121816, 0.01770268064204629996 ) ) ;
#5408 = CARTESIAN_POINT ( 'NONE',  ( 0.2502230127988674391, 0.1936205956005861706, 0.1485759942491541030 ) ) ;
#5409 = DIRECTION ( 'NONE',  ( -2.065531208604895267E-14, -3.491481338843134933E-15, -1.000000000000000000 ) ) ;
#5410 = CARTESIAN_POINT ( 'NONE',  ( -0.01401939056108515713, 0.03937007874020417159, 0.1338350144317690948 ) ) ;
#5411 = EDGE_CURVE ( 'NONE', #2835, #3271, #3074, .T. ) ;
#5412 = ORIENTED_EDGE ( 'NONE', *, *, #234, .F. ) ;
#5413 = DIRECTION ( 'NONE',  ( 4.100000000000000200E-14, 3.491481338843134933E-15, 1.000000000000000000 ) ) ;
#5414 = CARTESIAN_POINT ( 'NONE',  ( -0.1820449620185704831, -0.1123849554454063038, 0.06886498602283327997 ) ) ;
#5415 = CARTESIAN_POINT ( 'NONE',  ( -0.01401939056108515713, 0.03937007874020354709, -0.04726734777295716478 ) ) ;
#5416 = ORIENTED_EDGE ( 'NONE', *, *, #4863, .F. ) ;
#5417 = LINE ( 'NONE', #3256, #189 ) ;
#5418 = ORIENTED_EDGE ( 'NONE', *, *, #1347, .F. ) ;
#5419 = CARTESIAN_POINT ( 'NONE',  ( 0.1968447763028161601, 0.07086614173229861813, 0.05115784907747717575 ) ) ;
#5420 = PLANE ( 'NONE',  #3396 ) ;
#5421 = DIRECTION ( 'NONE',  ( 0.000000000000000000, -1.000000000000000000, 3.491481338843134933E-15 ) ) ;
#5422 = ADVANCED_FACE ( 'NONE', ( #115, #5673 ), #4658, .F. ) ;
#5423 = CARTESIAN_POINT ( 'NONE',  ( -0.05770551363031868608, 0.2034145413941959857, 0.03201161803921583754 ) ) ;
#5424 =( NAMED_UNIT ( * ) PLANE_ANGLE_UNIT ( ) SI_UNIT ( $, .RADIAN. ) );
#5425 = DIRECTION ( 'NONE',  ( -2.099999999999999887E-14, -3.491481338843134933E-15, -1.000000000000000000 ) ) ;
#5426 = EDGE_CURVE ( 'NONE', #4813, #670, #527, .T. ) ;
#5427 = CARTESIAN_POINT ( 'NONE',  ( -0.1594544362955620243, 0.1751968503937108290, -0.03395252095698673284 ) ) ;
#5428 = CARTESIAN_POINT ( 'NONE',  ( -0.05770551363031868608, 0.1482964311579755001, 0.03201161803921601101 ) ) ;
#5429 = DIRECTION ( 'NONE',  ( -4.131062417209784855E-14, -3.491481338843134933E-15, -1.000000000000000000 ) ) ;
#5430 = VECTOR ( 'NONE', #4503, 39.37007874015748143 ) ;
#5431 = EDGE_LOOP ( 'NONE', ( #4690, #3505, #2337, #2585, #2082, #710, #4472, #3094, #542, #2407, #5563, #1539, #1665, #3651, #2661, #2621 ) ) ;
#5432 = FACE_OUTER_BOUND ( 'NONE', #3160, .T. ) ;
#5433 = ORIENTED_EDGE ( 'NONE', *, *, #5518, .T. ) ;
#5434 = FACE_OUTER_BOUND ( 'NONE', #5117, .T. ) ;
#5435 = VECTOR ( 'NONE', #5994, 39.37007874015748143 ) ;
#5436 = ORIENTED_EDGE ( 'NONE', *, *, #4673, .F. ) ;
#5437 = CARTESIAN_POINT ( 'NONE',  ( -0.01782820997105006786, 0.09153790097424879812, 0.06221899799109081169 ) ) ;
#5438 = ORIENTED_EDGE ( 'NONE', *, *, #5223, .F. ) ;
#5439 = CARTESIAN_POINT ( 'NONE',  ( -0.01113126630897090172, 0.1827452500556130954, 0.01226449661302790248 ) ) ;
#5440 = AXIS2_PLACEMENT_3D ( 'NONE', #7, #2047, #4111 ) ;
#5441 = FACE_OUTER_BOUND ( 'NONE', #1239, .T. ) ;
#5442 = DIRECTION ( 'NONE',  ( 0.000000000000000000, -1.000000000000000000, 3.491481338843134933E-15 ) ) ;
#5443 = PLANE ( 'NONE',  #4692 ) ;
#5444 = DIRECTION ( 'NONE',  ( -2.099999999999999887E-14, -3.491481338843134933E-15, -1.000000000000000000 ) ) ;
#5445 = VERTEX_POINT ( 'NONE', #1113 ) ;
#5446 = CARTESIAN_POINT ( 'NONE',  ( -0.03026557783878933150, 0.1253305518928837514, 0.01376286286649626087 ) ) ;
#5447 = AXIS2_PLACEMENT_3D ( 'NONE', #5582, #6109, #1494 ) ;
#5448 = DIRECTION ( 'NONE',  ( 1.000000000000000000, -1.442352733928416201E-28, -4.131062417209784855E-14 ) ) ;
#5449 = CARTESIAN_POINT ( 'NONE',  ( -0.04085966922767377690, 0.08628855714222774531, 0.07221932904291378241 ) ) ;
#5450 = ORIENTED_EDGE ( 'NONE', *, *, #3147, .T. ) ;
#5451 = PLANE ( 'NONE',  #5574 ) ;
#5452 = VERTEX_POINT ( 'NONE', #1677 ) ;
#5453 = VECTOR ( 'NONE', #3113, 39.37007874015748143 ) ;
#5454 = CARTESIAN_POINT ( 'NONE',  ( 0.1749569873916675400, 0.007874015748078170424, 0.1338350144317692891 ) ) ;
#5455 = CARTESIAN_POINT ( 'NONE',  ( -0.08071427881529862070, -0.09125785776261556570, 0.03540981758142059538 ) ) ;
#5456 = CARTESIAN_POINT ( 'NONE',  ( -0.09449380637435238206, 3.346513792238724267E-15, 0.05115784907748354565 ) ) ;
#5457 = CIRCLE ( 'NONE', #2545, 0.04282706631352100474 ) ;
#5458 = FACE_OUTER_BOUND ( 'NONE', #2688, .T. ) ;
#5459 = CARTESIAN_POINT ( 'NONE',  ( -0.04085966922767377690, 0.2063672972997082911, 0.07221932904291318567 ) ) ;
#5460 = EDGE_CURVE ( 'NONE', #3438, #4540, #144, .T. ) ;
#5461 = ORIENTED_EDGE ( 'NONE', *, *, #599, .F. ) ;
#5462 = VECTOR ( 'NONE', #2227, 39.37007874015748143 ) ;
#5463 = AXIS2_PLACEMENT_3D ( 'NONE', #1237, #1814, #5927 ) ;
#5464 = ADVANCED_FACE ( 'NONE', ( #6265 ), #513, .T. ) ;
#5465 = FACE_OUTER_BOUND ( 'NONE', #1891, .T. ) ;
#5466 = VECTOR ( 'NONE', #2743, 39.37007874015748143 ) ;
#5467 = VECTOR ( 'NONE', #3579, 39.37007874015748143 ) ;
#5468 = ADVANCED_FACE ( 'NONE', ( #1643 ), #4731, .F. ) ;
#5469 = ORIENTED_EDGE ( 'NONE', *, *, #368, .F. ) ;
#5470 = LINE ( 'NONE', #3011, #1916 ) ;
#5471 = VECTOR ( 'NONE', #1098, 39.37007874015748143 ) ;
#5472 = ORIENTED_EDGE ( 'NONE', *, *, #2123, .T. ) ;
#5473 = CARTESIAN_POINT ( 'NONE',  ( 0.02361642984612027582, -1.092739197465704696E-15, 0.03540981758141811125 ) ) ;
#5474 = AXIS2_PLACEMENT_3D ( 'NONE', #6504, #1924, #3439 ) ;
#5475 = EDGE_CURVE ( 'NONE', #655, #1898, #3847, .T. ) ;
#5476 = CARTESIAN_POINT ( 'NONE',  ( -0.03853511036402124112, 0.1879945938876347311, 0.03108284586197862173 ) ) ;
#5477 = VERTEX_POINT ( 'NONE', #2055 ) ;
#5478 = CARTESIAN_POINT ( 'NONE',  ( -0.04523205402610042808, 0.1138476122603380714, 0.08103734724004155177 ) ) ;
#5479 = PLANE ( 'NONE',  #272 ) ;
#5480 = CARTESIAN_POINT ( 'NONE',  ( -0.05562159595906518428, 0.2263804206592882617, 0.06489967709925403838 ) ) ;
#5481 = PLANE ( 'NONE',  #489 ) ;
#5482 = ORIENTED_EDGE ( 'NONE', *, *, #2569, .F. ) ;
#5483 = DIRECTION ( 'NONE',  ( -2.099999999999999887E-14, -3.491481338843134933E-15, -1.000000000000000000 ) ) ;
#5484 = EDGE_CURVE ( 'NONE', #1459, #12, #616, .T. ) ;
#5485 = CARTESIAN_POINT ( 'NONE',  ( -0.1787028441543471180, 0.1832594144724920548, 0.1567737312765212776 ) ) ;
#5486 = CARTESIAN_POINT ( 'NONE',  ( 0.01771091803514563204, 0.2677165354330795499, 0.04525233726641759296 ) ) ;
#5487 = EDGE_LOOP ( 'NONE', ( #4311, #92, #2142, #4551 ) ) ;
#5488 = DIRECTION ( 'NONE',  ( -3.200000000000000249E-14, -1.000000000000000000, 3.491481338843134933E-15 ) ) ;
#5489 = ORIENTED_EDGE ( 'NONE', *, *, #2658, .F. ) ;
#5490 = LINE ( 'NONE', #1907, #5855 ) ;
#5491 = DIRECTION ( 'NONE',  ( 0.000000000000000000, -1.000000000000000000, 3.491481338843134933E-15 ) ) ;
#5492 = CARTESIAN_POINT ( 'NONE',  ( 0.03345894953121547610, 0.1614173228346534039, 0.1102129671876681122 ) ) ;
#5493 = CARTESIAN_POINT ( 'NONE',  ( -0.1820449620185704831, 0.1574803149606759933, -0.04333033989894229110 ) ) ;
#5494 = ORIENTED_EDGE ( 'NONE', *, *, #858, .T. ) ;
#5495 = FACE_OUTER_BOUND ( 'NONE', #181, .T. ) ;
#5496 = ADVANCED_FACE ( 'NONE', ( #5195 ), #2122, .T. ) ;
#5497 = CARTESIAN_POINT ( 'NONE',  ( 0.1141676109484856261, 0.07086614173230078306, 0.05115784907747889659 ) ) ;
#5498 = ORIENTED_EDGE ( 'NONE', *, *, #208, .F. ) ;
#5499 = EDGE_CURVE ( 'NONE', #5170, #242, #646, .T. ) ;
#5500 = CARTESIAN_POINT ( 'NONE',  ( -0.2182525716154196660, 0.1999753174074629936, 0.1338350144318078694 ) ) ;
#5501 = ORIENTED_EDGE ( 'NONE', *, *, #1053, .F. ) ;
#5502 = FACE_OUTER_BOUND ( 'NONE', #5712, .T. ) ;
#5503 = EDGE_CURVE ( 'NONE', #3134, #6626, #4288, .T. ) ;
#5504 = CARTESIAN_POINT ( 'NONE',  ( -0.03648728442924677184, 0.1512491870634875557, 0.06340131084578605469 ) ) ;
#5505 = ORIENTED_EDGE ( 'NONE', *, *, #1204, .F. ) ;
#5506 = CARTESIAN_POINT ( 'NONE',  ( 0.01012305462857975707, 0.1322203156724113260, 0.04422378349582869322 ) ) ;
#5507 = EDGE_CURVE ( 'NONE', #6073, #2835, #2724, .T. ) ;
#5508 = CARTESIAN_POINT ( 'NONE',  ( 0.2675295181064263894, 0.03937007874020417159, 0.1338350144317690948 ) ) ;
#5509 = CARTESIAN_POINT ( 'NONE',  ( -0.1594544362955624128, 0.1751968503937108290, -0.04333033989892047522 ) ) ;
#5510 = DIRECTION ( 'NONE',  ( 1.000000000000000000, 0.000000000000000000, 0.000000000000000000 ) ) ;
#5511 = DIRECTION ( 'NONE',  ( 0.000000000000000000, -3.491481338843135327E-15, -1.000000000000000000 ) ) ;
#5512 = CARTESIAN_POINT ( 'NONE',  ( -0.1932060945040063038, 0.1652358356420017826, 0.1338350144318080637 ) ) ;
#5513 = VERTEX_POINT ( 'NONE', #673 ) ;
#5514 = LINE ( 'NONE', #297, #4073 ) ;
#5515 = DIRECTION ( 'NONE',  ( 0.000000000000000000, -3.491481338843135327E-15, -1.000000000000000000 ) ) ;
#5516 = ORIENTED_EDGE ( 'NONE', *, *, #4562, .F. ) ;
#5517 = DIRECTION ( 'NONE',  ( 2.099999999999999887E-14, 3.491481338843134933E-15, 1.000000000000000000 ) ) ;
#5518 = EDGE_CURVE ( 'NONE', #4520, #3322, #1709, .T. ) ;
#5519 = DIRECTION ( 'NONE',  ( 0.000000000000000000, -1.000000000000000000, 3.491481338843134933E-15 ) ) ;
#5520 = DIRECTION ( 'NONE',  ( 1.000000000000000000, -1.431507348925684052E-28, -4.100000000000000200E-14 ) ) ;
#5521 = LINE ( 'NONE', #4518, #1878 ) ;
#5522 = LINE ( 'NONE', #3837, #6647 ) ;
#5523 = EDGE_LOOP ( 'NONE', ( #140, #5469, #2549, #6137 ) ) ;
#5524 = EDGE_CURVE ( 'NONE', #3070, #88, #4332, .T. ) ;
#5525 = LINE ( 'NONE', #944, #3295 ) ;
#5526 = ORIENTED_EDGE ( 'NONE', *, *, #6068, .T. ) ;
#5527 = CARTESIAN_POINT ( 'NONE',  ( -0.1997744472695633933, 0.1811189706396094667, 0.1188759512609021685 ) ) ;
#5528 = ORIENTED_EDGE ( 'NONE', *, *, #2310, .T. ) ;
#5529 = DIRECTION ( 'NONE',  ( 1.000000000000000000, -2.793421535665765038E-16, -2.098838354815195116E-14 ) ) ;
#5530 = DIRECTION ( 'NONE',  ( 0.000000000000000000, -1.000000000000000000, 3.491481338843134933E-15 ) ) ;
#5531 = VERTEX_POINT ( 'NONE', #6045 ) ;
#5532 = CARTESIAN_POINT ( 'NONE',  ( -0.06003881502189409997, 0.3425196850393791292, -0.01380278084381933272 ) ) ;
#5533 = ORIENTED_EDGE ( 'NONE', *, *, #1986, .F. ) ;
#5534 = DIRECTION ( 'NONE',  ( 4.100000000000000200E-14, -8.902710404659680619E-14, 1.000000000000000000 ) ) ;
#5535 = AXIS2_PLACEMENT_3D ( 'NONE', #3429, #4068, #6120 ) ;
#5536 = CARTESIAN_POINT ( 'NONE',  ( -0.01782820997105006786, 0.2194906568797605206, 0.06221899799109031903 ) ) ;
#5537 = VERTEX_POINT ( 'NONE', #5007 ) ;
#5538 = CARTESIAN_POINT ( 'NONE',  ( -0.06648637496365107646, 0.1459998432314666139, 0.04907806035724077143 ) ) ;
#5539 = EDGE_CURVE ( 'NONE', #1301, #2151, #1862, .T. ) ;
#5540 = AXIS2_PLACEMENT_3D ( 'NONE', #3381, #2842, #1291 ) ;
#5541 = DIRECTION ( 'NONE',  ( -1.000000000000000000, 0.000000000000000000, 0.000000000000000000 ) ) ;
#5542 = LINE ( 'NONE', #4463, #1152 ) ;
#5543 = DIRECTION ( 'NONE',  ( 0.000000000000000000, 1.000000000000000000, -3.491481338843135327E-15 ) ) ;
#5544 = CARTESIAN_POINT ( 'NONE',  ( 0.2558998944130499997, 0.03937007874016921344, -0.06695238714299646399 ) ) ;
#5545 = ORIENTED_EDGE ( 'NONE', *, *, #1086, .F. ) ;
#5546 = PLANE ( 'NONE',  #2330 ) ;
#5547 = EDGE_CURVE ( 'NONE', #4859, #3940, #4819, .T. ) ;
#5548 = CARTESIAN_POINT ( 'NONE',  ( -0.08511977789730709731, 0.1968503937008338478, 0.1082444632507039289 ) ) ;
#5549 = AXIS2_PLACEMENT_3D ( 'NONE', #5455, #1872, #1335 ) ;
#5550 = DIRECTION ( 'NONE',  ( -0.8326735095668313935, 1.933457487894140668E-15, 0.5537642336461031656 ) ) ;
#5551 = ORIENTED_EDGE ( 'NONE', *, *, #5061, .T. ) ;
#5552 = CARTESIAN_POINT ( 'NONE',  ( -0.1594544362955618577, 0.1712598425196911467, -0.02955081233986252276 ) ) ;
#5553 = EDGE_CURVE ( 'NONE', #1496, #3322, #2400, .T. ) ;
#5554 = FACE_OUTER_BOUND ( 'NONE', #2497, .T. ) ;
#5555 = FACE_OUTER_BOUND ( 'NONE', #2831, .T. ) ;
#5556 = DIRECTION ( 'NONE',  ( 0.000000000000000000, -1.000000000000000000, 3.491481338843135327E-15 ) ) ;
#5557 = CARTESIAN_POINT ( 'NONE',  ( -0.03026557783878933150, 0.2178502369322540266, 0.01376286286649594341 ) ) ;
#5558 = VECTOR ( 'NONE', #4615, 39.37007874015748143 ) ;
#5559 = EDGE_LOOP ( 'NONE', ( #1685, #6454, #971, #782 ) ) ;
#5560 = CARTESIAN_POINT ( 'NONE',  ( 0.1751912329957273917, -5.122214988120487569E-15, 0.1417090301798401564 ) ) ;
#5561 = FACE_OUTER_BOUND ( 'NONE', #1820, .T. ) ;
#5562 = VECTOR ( 'NONE', #110, 39.37007874015748143 ) ;
#5563 = ORIENTED_EDGE ( 'NONE', *, *, #1831, .T. ) ;
#5564 = DIRECTION ( 'NONE',  ( -2.099999999999999887E-14, -3.491481338843134933E-15, -1.000000000000000000 ) ) ;
#5565 = EDGE_CURVE ( 'NONE', #2170, #6038, #1479, .T. ) ;
#5566 = CARTESIAN_POINT ( 'NONE',  ( -0.03173592599414968435, -0.02952749408851901639, 0.1574570616759005948 ) ) ;
#5567 = ORIENTED_EDGE ( 'NONE', *, *, #351, .T. ) ;
#5568 = AXIS2_PLACEMENT_3D ( 'NONE', #5410, #4947, #3419 ) ;
#5569 = VECTOR ( 'NONE', #359, 39.37007874015748143 ) ;
#5570 = CARTESIAN_POINT ( 'NONE',  ( 0.2440888707910039424, 1.242990837117240149E-14, 0.1535200538018860195 ) ) ;
#5571 = EDGE_LOOP ( 'NONE', ( #3671, #1353, #4293, #3060 ) ) ;
#5572 = PLANE ( 'NONE',  #5034 ) ;
#5573 = VECTOR ( 'NONE', #6334, 39.37007874015748143 ) ;
#5574 = AXIS2_PLACEMENT_3D ( 'NONE', #2716, #1700, #4031 ) ;
#5575 = PRODUCT_DEFINITION_CONTEXT ( 'detailed design', #4217, 'design' ) ;
#5576 = CARTESIAN_POINT ( 'NONE',  ( -0.0007417243760064197141, 0.1122071923128312165, 0.02840216675381485034 ) ) ;
#5577 = ORIENTED_EDGE ( 'NONE', *, *, #2365, .F. ) ;
#5578 = VECTOR ( 'NONE', #5650, 39.37007874015748143 ) ;
#5579 = VECTOR ( 'NONE', #4455, 39.37007874015748143 ) ;
#5580 = CARTESIAN_POINT ( 'NONE',  ( 0.02047005479288165411, 0.3543307086614264634, 0.3798980065577469145 ) ) ;
#5581 = CARTESIAN_POINT ( 'NONE',  ( -0.02609774249628226198, 0.2217872448062699620, 0.07953898098657269378 ) ) ;
#5582 = CARTESIAN_POINT ( 'NONE',  ( -0.01503261620223423495, -0.03543300589955346303, 0.3267484002585417935 ) ) ;
#5583 = CARTESIAN_POINT ( 'NONE',  ( -26.03713589280827279, -16.03086094197740152, -0.05514136352034086641 ) ) ;
#5584 = VERTEX_POINT ( 'NONE', #329 ) ;
#5585 = CARTESIAN_POINT ( 'NONE',  ( -0.0007417243760064197141, 0.1299237277459021345, 0.02840216675381481565 ) ) ;
#5586 = ADVANCED_FACE ( 'NONE', ( #929 ), #5546, .F. ) ;
#5587 = VECTOR ( 'NONE', #5941, 39.37007874015748143 ) ;
#5588 = DIRECTION ( 'NONE',  ( 1.000000000000000000, 0.000000000000000000, 0.000000000000000000 ) ) ;
#5589 = VECTOR ( 'NONE', #523, 39.37007874015748143 ) ;
#5590 = CARTESIAN_POINT ( 'NONE',  ( 0.03345894953121547610, 0.04724409448819606033, 0.1102129671876685146 ) ) ;
#5591 = ORIENTED_EDGE ( 'NONE', *, *, #3655, .F. ) ;
#5592 = DIRECTION ( 'NONE',  ( 1.000000000000000000, -5.566118461305780248E-15, -2.099999999999999887E-14 ) ) ;
#5593 = DIRECTION ( 'NONE',  ( -1.000000000000000000, 0.000000000000000000, 0.000000000000000000 ) ) ;
#5594 = FACE_OUTER_BOUND ( 'NONE', #4466, .T. ) ;
#5595 = CARTESIAN_POINT ( 'NONE',  ( -0.01503261620223423495, -0.03543300589955476060, -0.04726734777295692885 ) ) ;
#5596 = CARTESIAN_POINT ( 'NONE',  ( -0.02609774249628226545, 0.1213935440188682047, 0.07953898098657291582 ) ) ;
#5597 = ORIENTED_EDGE ( 'NONE', *, *, #2389, .F. ) ;
#5598 = EDGE_CURVE ( 'NONE', #2694, #4933, #2878, .T. ) ;
#5599 = FACE_OUTER_BOUND ( 'NONE', #3723, .T. ) ;
#5600 = ORIENTED_EDGE ( 'NONE', *, *, #6607, .F. ) ;
#5601 = CARTESIAN_POINT ( 'NONE',  ( -0.04945246142723173227, 0.007874015748078231139, 0.1574570616759004282 ) ) ;
#5602 = VERTEX_POINT ( 'NONE', #5977 ) ;
#5603 = CARTESIAN_POINT ( 'NONE',  ( -0.1932060945040063038, 0.03937007874020354709, -0.04726734777295716478 ) ) ;
#5604 = DIRECTION ( 'NONE',  ( -1.032765604302446056E-14, -3.491481338843134933E-15, -1.000000000000000000 ) ) ;
#5605 = VERTEX_POINT ( 'NONE', #6555 ) ;
#5606 = EDGE_CURVE ( 'NONE', #341, #2766, #457, .T. ) ;
#5607 = LINE ( 'NONE', #3946, #5579 ) ;
#5608 = EDGE_LOOP ( 'NONE', ( #4961, #6301, #4114, #4320 ) ) ;
#5609 = CARTESIAN_POINT ( 'NONE',  ( 0.009060520035943249104, 0.3425196850393791292, -0.01380278084381933272 ) ) ;
#5610 = CARTESIAN_POINT ( 'NONE',  ( -0.009522585709339104892, 0.2522990558298914276, 0.04546860907183863931 ) ) ;
#5611 = ORIENTED_EDGE ( 'NONE', *, *, #559, .F. ) ;
#5612 = FACE_BOUND ( 'NONE', #3236, .T. ) ;
#5613 = LINE ( 'NONE', #485, #169 ) ;
#5614 = LINE ( 'NONE', #1495, #6422 ) ;
#5615 = ORIENTED_EDGE ( 'NONE', *, *, #6282, .T. ) ;
#5616 = DIRECTION ( 'NONE',  ( -1.000000000000000000, 3.200000000000000249E-14, 2.099999999999988843E-14 ) ) ;
#5617 = DIRECTION ( 'NONE',  ( -2.065531208604895267E-14, -3.491481338843134933E-15, -1.000000000000000000 ) ) ;
#5618 = CARTESIAN_POINT ( 'NONE',  ( -0.01550365110739785474, 0.1000680847012826724, 0.02108251481015559203 ) ) ;
#5619 = VERTEX_POINT ( 'NONE', #1360 ) ;
#5620 = CARTESIAN_POINT ( 'NONE',  ( 0.0003002344596201086545, 0.2522990558298917607, 0.04484619628383307299 ) ) ;
#5621 = EDGE_CURVE ( 'NONE', #5537, #1157, #6080, .T. ) ;
#5622 = FACE_OUTER_BOUND ( 'NONE', #6160, .T. ) ;
#5623 = DIRECTION ( 'NONE',  ( 0.000000000000000000, -1.000000000000000000, 3.491481338843134933E-15 ) ) ;
#5624 = CARTESIAN_POINT ( 'NONE',  ( -0.01550365110739785474, 0.2477058799768732389, 0.02108251481015507856 ) ) ;
#5625 = ORIENTED_EDGE ( 'NONE', *, *, #4962, .T. ) ;
#5626 = FACE_OUTER_BOUND ( 'NONE', #4342, .T. ) ;
#5627 = EDGE_LOOP ( 'NONE', ( #1080, #5436, #4287, #3263 ) ) ;
#5628 = DIRECTION ( 'NONE',  ( -2.099999999999999887E-14, -3.491481338842462824E-15, -1.000000000000000000 ) ) ;
#5629 = EDGE_CURVE ( 'NONE', #3354, #5682, #1150, .T. ) ;
#5630 = VERTEX_POINT ( 'NONE', #4606 ) ;
#5631 = PLANE ( 'NONE',  #5324 ) ;
#5632 = CARTESIAN_POINT ( 'NONE',  ( 0.0003002344596201086545, 0.1873384259086318948, 0.04484619628383331585 ) ) ;
#5633 = CARTESIAN_POINT ( 'NONE',  ( -0.1594544362955573336, 0.04724409448819590768, 0.08068540813256674937 ) ) ;
#5634 = EDGE_CURVE ( 'NONE', #4174, #4443, #3178, .T. ) ;
#5635 = ORIENTED_EDGE ( 'NONE', *, *, #4067, .F. ) ;
#5636 = LINE ( 'NONE', #6133, #849 ) ;
#5637 = ORIENTED_EDGE ( 'NONE', *, *, #5337, .F. ) ;
#5638 = DIRECTION ( 'NONE',  ( -1.000000000000000000, 7.211763669642101182E-29, 2.065531208604895267E-14 ) ) ;
#5639 = ADVANCED_FACE ( 'NONE', ( #1497 ), #3617, .F. ) ;
#5640 = VECTOR ( 'NONE', #137, 39.37007874015748143 ) ;
#5641 = CARTESIAN_POINT ( 'NONE',  ( -0.04398554573455393940, 0.1328764836514139958, 0.02288724045285630421 ) ) ;
#5642 = ORIENTED_EDGE ( 'NONE', *, *, #6501, .F. ) ;
#5643 = ADVANCED_FACE ( 'NONE', ( #6142 ), #3583, .F. ) ;
#5644 = DIRECTION ( 'NONE',  ( 2.099999999999999887E-14, 3.491481338843134933E-15, 1.000000000000000000 ) ) ;
#5645 = CARTESIAN_POINT ( 'NONE',  ( -0.1594544362955555294, 0.1751968503937112731, 0.1244571954898610194 ) ) ;
#5646 = MECHANICAL_DESIGN_GEOMETRIC_PRESENTATION_REPRESENTATION (  '', ( #1644 ), #6177 ) ;
#5647 = ORIENTED_EDGE ( 'NONE', *, *, #5956, .F. ) ;
#5648 = CARTESIAN_POINT ( 'NONE',  ( -0.0007417243760064197141, 0.2126008931002328628, 0.02840216675381448952 ) ) ;
#5649 = EDGE_CURVE ( 'NONE', #1593, #158, #3084, .T. ) ;
#5650 = DIRECTION ( 'NONE',  ( 4.674631381416429541E-13, 1.000000000000000000, -3.491481338843134933E-15 ) ) ;
#5651 = CARTESIAN_POINT ( 'NONE',  ( -0.03026557783878931415, 0.09777149677477361966, 0.01376286286649632852 ) ) ;
#5652 = ORIENTED_EDGE ( 'NONE', *, *, #4593, .F. ) ;
#5653 = CARTESIAN_POINT ( 'NONE',  ( -0.01237777460051775469, 0.1466560112104692837, 0.07041460340021260533 ) ) ;
#5654 = VECTOR ( 'NONE', #4336, 39.37007874015748143 ) ;
#5655 = DIRECTION ( 'NONE',  ( 1.000000000000000000, -3.200000000000007822E-14, -2.099999999999999887E-14 ) ) ;
#5656 = CARTESIAN_POINT ( 'NONE',  ( 0.0003002344596201086545, 0.1971809455936712752, 0.04484619628383331585 ) ) ;
#5657 = EDGE_LOOP ( 'NONE', ( #4663, #4792, #1953, #2919 ) ) ;
#5658 = VECTOR ( 'NONE', #5063, 39.37007874015748143 ) ;
#5659 = DIRECTION ( 'NONE',  ( -4.131062417209784855E-14, 3.491481338843134933E-15, 1.000000000000000000 ) ) ;
#5660 = LINE ( 'NONE', #3595, #2874 ) ;
#5661 = AXIS2_PLACEMENT_3D ( 'NONE', #5915, #2264, #6381 ) ;
#5662 = ORIENTED_EDGE ( 'NONE', *, *, #4438, .T. ) ;
#5663 = LINE ( 'NONE', #4041, #1550 ) ;
#5664 = CIRCLE ( 'NONE', #3503, 0.01771653543306454456 ) ;
#5665 = ADVANCED_FACE ( 'NONE', ( #4638 ), #5812, .T. ) ;
#5666 = CARTESIAN_POINT ( 'NONE',  ( -0.2243445873496708598, 0.1968503937008335147, -0.07651371076763781309 ) ) ;
#5667 = VERTEX_POINT ( 'NONE', #4256 ) ;
#5668 = B_SPLINE_CURVE_WITH_KNOTS ( 'NONE', 3,
 ( #6020, #4613, #3932, #973 ),
 .UNSPECIFIED., .F., .F.,
 ( 4, 4 ),
 ( 0.0001577534512811170004, 0.0003505570546158004734 ),
 .UNSPECIFIED. ) ;
#5669 = VECTOR ( 'NONE', #3768, 39.37007874015748143 ) ;
#5670 = DIRECTION ( 'NONE',  ( 4.100000000000000200E-14, -8.902710404659680619E-14, 1.000000000000000000 ) ) ;
#5671 = EDGE_CURVE ( 'NONE', #6367, #6321, #1154, .T. ) ;
#5672 = ORIENTED_EDGE ( 'NONE', *, *, #6440, .T. ) ;
#5673 = FACE_OUTER_BOUND ( 'NONE', #5431, .T. ) ;
#5674 = EDGE_CURVE ( 'NONE', #4520, #4796, #6303, .T. ) ;
#5675 = AXIS2_PLACEMENT_3D ( 'NONE', #612, #879, #3465 ) ;
#5676 = CARTESIAN_POINT ( 'NONE',  ( -0.05666355479469196987, 0.1834014180346161815, 0.04845564756923496225 ) ) ;
#5677 = ORIENTED_EDGE ( 'NONE', *, *, #237, .F. ) ;
#5678 = DIRECTION ( 'NONE',  ( -4.100255488672080101E-14, 9.738106785596190714E-14, -1.000000000000000000 ) ) ;
#5679 = AXIS2_PLACEMENT_3D ( 'NONE', #2183, #2154, #5130 ) ;
#5680 = LINE ( 'NONE', #4662, #5453 ) ;
#5681 = AXIS2_PLACEMENT_3D ( 'NONE', #2978, #6070, #426 ) ;
#5682 = VERTEX_POINT ( 'NONE', #682 ) ;
#5683 = CARTESIAN_POINT ( 'NONE',  ( -0.05666355479469196987, 0.2011179534676870162, 0.04845564756923488592 ) ) ;
#5684 = CARTESIAN_POINT ( 'NONE',  ( -0.03026557783878931415, 0.1253305518928837514, 0.01376286286649623485 ) ) ;
#5685 = ORIENTED_EDGE ( 'NONE', *, *, #4895, .F. ) ;
#5686 = AXIS2_PLACEMENT_3D ( 'NONE', #2200, #5342, #1196 ) ;
#5687 = CARTESIAN_POINT ( 'NONE',  ( -0.05666355479469196987, 0.2109604731527263688, 0.04845564756923488592 ) ) ;
#5688 = VECTOR ( 'NONE', #1703, 39.37007874015748143 ) ;
#5689 = EDGE_CURVE ( 'NONE', #751, #3004, #4226, .T. ) ;
#5690 = CARTESIAN_POINT ( 'NONE',  ( 0.1227626593883104217, -0.03543300589955523938, 0.1574570616759005948 ) ) ;
#5691 = CARTESIAN_POINT ( 'NONE',  ( -0.08465128668924587485, 0.3425196850393807391, 0.3798980065577472476 ) ) ;
#5692 = ORIENTED_EDGE ( 'NONE', *, *, #4202, .T. ) ;
#5693 = AXIS2_PLACEMENT_3D ( 'NONE', #2836, #283, #6606 ) ;
#5694 = DIRECTION ( 'NONE',  ( 1.000000000000000000, -1.431507348925684052E-28, -4.100000000000000200E-14 ) ) ;
#5695 = ORIENTED_EDGE ( 'NONE', *, *, #3939, .T. ) ;
#5696 = LINE ( 'NONE', #6154, #6309 ) ;
#5697 = VERTEX_POINT ( 'NONE', #3758 ) ;
#5698 = CARTESIAN_POINT ( 'NONE',  ( -0.01181664102002192955, 0.03937007874015827080, -0.05514136352094346077 ) ) ;
#5699 = LINE ( 'NONE', #1576, #5230 ) ;
#5700 = ORIENTED_EDGE ( 'NONE', *, *, #2495, .F. ) ;
#5701 = VERTEX_POINT ( 'NONE', #4799 ) ;
#5702 = CARTESIAN_POINT ( 'NONE',  ( 0.2751912329957968417, -0.03937007874011121816, 0.01770268064204629996 ) ) ;
#5703 = EDGE_CURVE ( 'NONE', #1711, #1854, #652, .T. ) ;
#5704 = LINE ( 'NONE', #571, #2125 ) ;
#5705 = VERTEX_POINT ( 'NONE', #6271 ) ;
#5706 = DIRECTION ( 'NONE',  ( 0.000000000000000000, 3.491481338843135327E-15, 1.000000000000000000 ) ) ;
#5707 = CARTESIAN_POINT ( 'NONE',  ( -0.01550365110739785474, 0.1099106043863220528, 0.02108251481015554693 ) ) ;
#5708 = ORIENTED_EDGE ( 'NONE', *, *, #4468, .T. ) ;
#5709 = EDGE_CURVE ( 'NONE', #4609, #3371, #3718, .T. ) ;
#5710 = CARTESIAN_POINT ( 'NONE',  ( -0.01181664102002192955, 1.434220196673738042E-15, 0.1417090301798440977 ) ) ;
#5711 = DIRECTION ( 'NONE',  ( -2.899137802865916771E-14, 0.7071067811862835617, -0.7071067811868114728 ) ) ;
#5712 = EDGE_LOOP ( 'NONE', ( #5405, #2620, #3912, #2223 ) ) ;
#5713 = CARTESIAN_POINT ( 'NONE',  ( -0.01237777460051775469, 0.1643725466435401461, 0.07041460340021260533 ) ) ;
#5714 = CARTESIAN_POINT ( 'NONE',  ( -0.1816512612313759822, -0.03937007874011141939, -0.04333033989894158333 ) ) ;
#5715 = CARTESIAN_POINT ( 'NONE',  ( -0.02609774249628226198, 0.1115510243338290464, 0.07953898098657313787 ) ) ;
#5716 = ADVANCED_FACE ( 'NONE', ( #6343 ), #1718, .F. ) ;
#5717 = ORIENTED_EDGE ( 'NONE', *, *, #43, .T. ) ;
#5718 = CARTESIAN_POINT ( 'NONE',  ( -0.04398554573455393940, 0.1328764836514139958, 0.02288724045285630421 ) ) ;
#5719 = CARTESIAN_POINT ( 'NONE',  ( -0.06693475125624508137, -0.1397637795275556982, 0.05115784907748346239 ) ) ;
#5720 = DIRECTION ( 'NONE',  ( 1.000000000000000000, -3.200000000000000249E-14, -2.099999999999999887E-14 ) ) ;
#5721 = LINE ( 'NONE', #6312, #3828 ) ;
#5722 = CARTESIAN_POINT ( 'NONE',  ( -0.1758995891965400848, 0.1936205956005928042, -0.06200832759033173686 ) ) ;
#5723 = ORIENTED_EDGE ( 'NONE', *, *, #5887, .F. ) ;
#5724 = DIRECTION ( 'NONE',  ( 1.000000000000000000, -3.200000000000000249E-14, -2.099999999999999887E-14 ) ) ;
#5725 = ORIENTED_EDGE ( 'NONE', *, *, #5703, .T. ) ;
#5726 = EDGE_CURVE ( 'NONE', #5320, #655, #149, .T. ) ;
#5727 = CARTESIAN_POINT ( 'NONE',  ( 0.1417266660711167248, -16.03086094197004030, -0.07088939501695354362 ) ) ;
#5728 = DIRECTION ( 'NONE',  ( 0.000000000000000000, 1.000000000000000000, -3.491481338843134933E-15 ) ) ;
#5729 = DIRECTION ( 'NONE',  ( 1.000000000000000000, -2.793421535665765038E-16, -2.098838354815195116E-14 ) ) ;
#5730 = CARTESIAN_POINT ( 'NONE',  ( 0.007680473759342091103, 0.05441342046638292240, 0.01698859237853977619 ) ) ;
#5731 = EDGE_CURVE ( 'NONE', #3476, #3891, #2443, .T. ) ;
#5732 = ORIENTED_EDGE ( 'NONE', *, *, #2959, .T. ) ;
#5733 = ORIENTED_EDGE ( 'NONE', *, *, #4316, .F. ) ;
#5734 = DIRECTION ( 'NONE',  ( 1.000000000000000000, -2.981786901872154867E-28, -8.540177112503599090E-14 ) ) ;
#5735 = ORIENTED_EDGE ( 'NONE', *, *, #6316, .T. ) ;
#5736 = CARTESIAN_POINT ( 'NONE',  ( -0.05049599267482197257, 0.04724409448819590768, 0.08068540813254924948 ) ) ;
#5737 = CARTESIAN_POINT ( 'NONE',  ( 0.001342193295246887907, 0.2545956437564006469, 0.06129022581385230872 ) ) ;
#5738 = ORIENTED_EDGE ( 'NONE', *, *, #6607, .T. ) ;
#5739 = CARTESIAN_POINT ( 'NONE',  ( -0.003942625271986937262, 0.07086614173230532110, 0.05115784907748141541 ) ) ;
#5740 = LINE ( 'NONE', #6139, #1138 ) ;
#5741 = ORIENTED_EDGE ( 'NONE', *, *, #4083, .F. ) ;
#5742 = CARTESIAN_POINT ( 'NONE',  ( -0.01237777460051775469, 0.2194906568797606317, 0.07041460340021239717 ) ) ;
#5743 = PLANE ( 'NONE',  #5039 ) ;
#5744 = EDGE_CURVE ( 'NONE', #3342, #6307, #1727, .T. ) ;
#5745 = CARTESIAN_POINT ( 'NONE',  ( 0.001342193295246887907, 0.1896350138351413084, 0.06129022581385256546 ) ) ;
#5746 = ORIENTED_EDGE ( 'NONE', *, *, #642, .F. ) ;
#5747 = CARTESIAN_POINT ( 'NONE',  ( 0.0003002344596201086545, 0.1971809455936712752, 0.04484619628383331585 ) ) ;
#5748 = DIRECTION ( 'NONE',  ( 4.131062417209784855E-14, -3.491481338843134933E-15, -1.000000000000000000 ) ) ;
#5749 = LINE ( 'NONE', #2609, #5471 ) ;
#5750 = LINE ( 'NONE', #1125, #1881 ) ;
#5751 = FACE_OUTER_BOUND ( 'NONE', #1413, .T. ) ;
#5752 = ADVANCED_FACE ( 'NONE', ( #2781 ), #764, .F. ) ;
#5753 = ORIENTED_EDGE ( 'NONE', *, *, #46, .T. ) ;
#5754 = LINE ( 'NONE', #2745, #1911 ) ;
#5755 = VECTOR ( 'NONE', #5177, 39.37007874015748143 ) ;
#5756 = EDGE_CURVE ( 'NONE', #5602, #4609, #728, .T. ) ;
#5757 = CARTESIAN_POINT ( 'NONE',  ( -0.1594544362955551409, 0.04724409448819613666, 0.1338350144317952961 ) ) ;
#5758 = ORIENTED_EDGE ( 'NONE', *, *, #1529, .F. ) ;
#5759 = DIRECTION ( 'NONE',  ( 1.000000000000000000, -5.566118461305780248E-15, -2.099999999999999887E-14 ) ) ;
#5760 = CARTESIAN_POINT ( 'NONE',  ( 0.2675295181064263894, 0.03937007874020417159, 0.1338350144317690948 ) ) ;
#5761 = CARTESIAN_POINT ( 'NONE',  ( 0.2675295181064263894, 0.03937007874020338749, -0.07088939501704902280 ) ) ;
#5762 = AXIS2_PLACEMENT_3D ( 'NONE', #1931, #5541, #1996 ) ;
#5763 = EDGE_CURVE ( 'NONE', #5401, #5776, #6191, .T. ) ;
#5764 = DIRECTION ( 'NONE',  ( -1.388035422500259982E-13, 1.000000000000000000, -3.491481338839545221E-15 ) ) ;
#5765 = VECTOR ( 'NONE', #443, 39.37007874015748143 ) ;
#5766 = ORIENTED_EDGE ( 'NONE', *, *, #3105, .T. ) ;
#5767 = DIRECTION ( 'NONE',  ( 1.000000000000000000, -3.605881834821045546E-29, -1.032765604302446056E-14 ) ) ;
#5768 = ADVANCED_FACE ( 'NONE', ( #3323 ), #4774, .F. ) ;
#5769 = ORIENTED_EDGE ( 'NONE', *, *, #90, .T. ) ;
#5770 = DIRECTION ( 'NONE',  ( 0.000000000000000000, 1.000000000000000000, -3.491481338843135327E-15 ) ) ;
#5771 = AXIS2_PLACEMENT_3D ( 'NONE', #2471, #2500, #1357 ) ;
#5772 = EDGE_LOOP ( 'NONE', ( #6503, #4403, #5058, #1063 ) ) ;
#5773 = AXIS2_PLACEMENT_3D ( 'NONE', #4736, #5711, #1592 ) ;
#5774 = DIRECTION ( 'NONE',  ( -3.200000000000000249E-14, -1.000000000000000000, 3.491481338843134933E-15 ) ) ;
#5775 = LINE ( 'NONE', #2059, #2002 ) ;
#5776 = VERTEX_POINT ( 'NONE', #4875 ) ;
#5777 = CARTESIAN_POINT ( 'NONE',  ( 0.03739595740516948874, -0.1397637795275590566, 0.05115784907748125582 ) ) ;
#5778 = AXIS2_PLACEMENT_3D ( 'NONE', #4448, #2896, #6494 ) ;
#5779 = CARTESIAN_POINT ( 'NONE',  ( 0.1555061936256464383, -0.09125785776262440585, 0.05115784907747858434 ) ) ;
#5780 = CARTESIAN_POINT ( 'NONE',  ( -0.02681644287768620433, 0.1115510243338288104, 0.06819656524907283246 ) ) ;
#5781 = ORIENTED_EDGE ( 'NONE', *, *, #6449, .T. ) ;
#5782 = CARTESIAN_POINT ( 'NONE',  ( -0.06788768398997997722, 0.1581389508430149360, 0.02696282295847129279 ) ) ;
#5783 = VECTOR ( 'NONE', #4465, 39.37007874015748143 ) ;
#5784 = AXIS2_PLACEMENT_3D ( 'NONE', #1537, #6257, #5759 ) ;
#5785 = CARTESIAN_POINT ( 'NONE',  ( 0.08834281416333052139, -0.02952749408851909271, 0.1338350144317692891 ) ) ;
#5786 = CYLINDRICAL_SURFACE ( 'NONE', #816, 0.01771653543308204445 ) ;
#5787 = CYLINDRICAL_SURFACE ( 'NONE', #3751, 0.05056999097458962644 ) ;
#5788 = EDGE_CURVE ( 'NONE', #6118, #6197, #5310, .T. ) ;
#5789 = VERTEX_POINT ( 'NONE', #258 ) ;
#5790 = DIRECTION ( 'NONE',  ( 1.000000000000000000, -1.431507348925684052E-28, -4.100000000000000200E-14 ) ) ;
#5791 = AXIS2_PLACEMENT_3D ( 'NONE', #4976, #357, #869 ) ;
#5792 = CARTESIAN_POINT ( 'NONE',  ( 0.1749569873916675400, 0.03937007874020354709, -0.04726734777295716478 ) ) ;
#5793 = VECTOR ( 'NONE', #333, 39.37007874015748143 ) ;
#5794 = DIRECTION ( 'NONE',  ( 2.099999999999999887E-14, 3.491481338843134933E-15, 1.000000000000000000 ) ) ;
#5795 = ORIENTED_EDGE ( 'NONE', *, *, #1974, .F. ) ;
#5796 = LINE ( 'NONE', #637, #3088 ) ;
#5797 = ORIENTED_EDGE ( 'NONE', *, *, #1422, .T. ) ;
#5798 = AXIS2_PLACEMENT_3D ( 'NONE', #4269, #1224, #5281 ) ;
#5799 = DIRECTION ( 'NONE',  ( 1.000000000000000000, 0.000000000000000000, 0.000000000000000000 ) ) ;
#5800 = VECTOR ( 'NONE', #4957, 39.37007874015748143 ) ;
#5801 = ADVANCED_FACE ( 'NONE', ( #692 ), #4843, .T. ) ;
#5802 = DIRECTION ( 'NONE',  ( 0.000000000000000000, -1.000000000000000000, 3.491481338843135327E-15 ) ) ;
#5803 = VECTOR ( 'NONE', #2139, 39.37007874015748143 ) ;
#5804 = VERTEX_POINT ( 'NONE', #796 ) ;
#5805 = DIRECTION ( 'NONE',  ( 1.000000000000000000, -1.431507348925684052E-28, -4.100000000000000200E-14 ) ) ;
#5806 = ORIENTED_EDGE ( 'NONE', *, *, #3939, .F. ) ;
#5807 = EDGE_LOOP ( 'NONE', ( #5283, #910, #2054, #3611, #3859, #2700, #1132, #4530, #3305, #2428, #1616, #3173, #763, #3144, #446, #685, #1010, #3674, #1148, #3748, #2659, #3216 ) ) ;
#5808 = EDGE_CURVE ( 'NONE', #5630, #4038, #2338, .T. ) ;
#5809 = DIRECTION ( 'NONE',  ( 0.000000000000000000, -1.000000000000000000, 3.491481338843134933E-15 ) ) ;
#5810 = ORIENTED_EDGE ( 'NONE', *, *, #142, .F. ) ;
#5811 = ORIENTED_EDGE ( 'NONE', *, *, #4970, .T. ) ;
#5812 = PLANE ( 'NONE',  #836 ) ;
#5813 = CARTESIAN_POINT ( 'NONE',  ( -0.04615812598080749896, 0.1437032553049573669, 0.05860605644249941570 ) ) ;
#5814 = ORIENTED_EDGE ( 'NONE', *, *, #5904, .F. ) ;
#5815 = CARTESIAN_POINT ( 'NONE',  ( -0.04943598110508647114, 0.1879945938876347311, 0.01469163504373364494 ) ) ;
#5816 = PLANE ( 'NONE',  #1874 ) ;
#5817 = FACE_OUTER_BOUND ( 'NONE', #4869, .T. ) ;
#5818 = LINE ( 'NONE', #5150, #5972 ) ;
#5819 = LINE ( 'NONE', #1194, #742 ) ;
#5820 = VERTEX_POINT ( 'NONE', #1696 ) ;
#5821 = LINE ( 'NONE', #6418, #1682 ) ;
#5822 = LINE ( 'NONE', #5847, #1370 ) ;
#5823 = DIRECTION ( 'NONE',  ( 4.047688110609999447E-14, 5.782411586585713496E-15, 1.000000000000000000 ) ) ;
#5824 = CARTESIAN_POINT ( 'NONE',  ( -0.1220528614924594468, 0.07086614173228995839, 0.03540981758142090763 ) ) ;
#5825 = DIRECTION ( 'NONE',  ( 0.000000000000000000, 3.491481338843135327E-15, 1.000000000000000000 ) ) ;
#5826 = LINE ( 'NONE', #2564, #954 ) ;
#5827 = CARTESIAN_POINT ( 'NONE',  ( -0.1820053207753773161, 0.1771653543307325773, -0.07088939501703005186 ) ) ;
#5828 = EDGE_CURVE ( 'NONE', #1249, #6425, #1760, .T. ) ;
#5829 = ORIENTED_EDGE ( 'NONE', *, *, #1432, .F. ) ;
#5830 = LINE ( 'NONE', #1207, #3493 ) ;
#5831 = ORIENTED_EDGE ( 'NONE', *, *, #853, .F. ) ;
#5832 = EDGE_CURVE ( 'NONE', #5403, #1780, #4308, .T. ) ;
#5833 = CARTESIAN_POINT ( 'NONE',  ( 0.008721745602250967344, 0.2126008931002330016, 0.02210854609705913826 ) ) ;
#5834 = ORIENTED_EDGE ( 'NONE', *, *, #4562, .T. ) ;
#5835 = CARTESIAN_POINT ( 'NONE',  ( -0.03173592599414968435, 0.1771653543307547263, -0.05120435564697299602 ) ) ;
#5836 = EDGE_LOOP ( 'NONE', ( #2903, #5229, #5080, #3483 ) ) ;
#5837 = LINE ( 'NONE', #4797, #4926 ) ;
#5838 = ORIENTED_EDGE ( 'NONE', *, *, #1785, .T. ) ;
#5839 = CARTESIAN_POINT ( 'NONE',  ( -0.03853511036402124112, 0.1781520742025951565, 0.03108284586197868418 ) ) ;
#5840 = EDGE_LOOP ( 'NONE', ( #4120, #2611, #6635, #2804, #2382, #1559 ) ) ;
#5841 = CARTESIAN_POINT ( 'NONE',  ( -0.04523205402610042808, 0.2063672972997080968, 0.08103734724004116319 ) ) ;
#5842 = CARTESIAN_POINT ( 'NONE',  ( 0.2675295181064263894, 0.03937007874020417159, 0.1338350144317690948 ) ) ;
#5843 = CARTESIAN_POINT ( 'NONE',  ( 0.2555061936257114197, 0.1574803149606765762, 0.1298980065638159487 ) ) ;
#5844 = LENGTH_MEASURE_WITH_UNIT ( LENGTH_MEASURE( 0.02539999999999999897 ), #2368 );
#5845 = VERTEX_POINT ( 'NONE', #2267 ) ;
#5846 = CARTESIAN_POINT ( 'NONE',  ( 0.1082620991375151664, 0.1712598425196915630, 0.1200554868727194968 ) ) ;
#5847 = CARTESIAN_POINT ( 'NONE',  ( -0.1932060945040063038, 0.03937007874020354709, -0.04726734777295716478 ) ) ;
#5848 = CARTESIAN_POINT ( 'NONE',  ( -0.08347293548853328138, 0.3897362673321370097, 0.1043074553766574902 ) ) ;
#5849 = ORIENTED_EDGE ( 'NONE', *, *, #6050, .F. ) ;
#5850 = CARTESIAN_POINT ( 'NONE',  ( 0.2675295181064263894, 0.03937007874020338749, -0.07088939501704902280 ) ) ;
#5851 = ORIENTED_EDGE ( 'NONE', *, *, #2823, .F. ) ;
#5852 = CARTESIAN_POINT ( 'NONE',  ( -0.01401939056108515713, 0.03937007874020354709, -0.04726734777295716478 ) ) ;
#5853 = DIRECTION ( 'NONE',  ( 2.100000000000010931E-14, 3.491481338843135722E-15, 1.000000000000000000 ) ) ;
#5854 = CARTESIAN_POINT ( 'NONE',  ( 0.2512347900553221769, 0.1958392203025239864, -0.05862919952992727557 ) ) ;
#5855 = VECTOR ( 'NONE', #4516, 39.37007874015748854 ) ;
#5856 =( CONVERSION_BASED_UNIT ( 'INCH', #2824 ) LENGTH_UNIT ( ) NAMED_UNIT ( #2050 ) );
#5857 = LINE ( 'NONE', #4959, #1897 ) ;
#5858 = VECTOR ( 'NONE', #705, 39.37007874015748143 ) ;
#5859 = CARTESIAN_POINT ( 'NONE',  ( -0.03937569613812913483, 0.03937007874015865938, 0.03540981758141929781 ) ) ;
#5860 = EDGE_LOOP ( 'NONE', ( #4553, #3284, #223, #4637 ) ) ;
#5861 = EDGE_CURVE ( 'NONE', #475, #2711, #3827, .T. ) ;
#5862 = CARTESIAN_POINT ( 'NONE',  ( -0.006927339229985205599, 0.1919316017616506942, 0.07861020880933483612 ) ) ;
#5863 = ORIENTED_EDGE ( 'NONE', *, *, #6116, .T. ) ;
#5864 = ADVANCED_FACE ( 'NONE', ( #3225 ), #6351, .T. ) ;
#5865 = AXIS2_PLACEMENT_3D ( 'NONE', #4003, #5655, #1433 ) ;
#5866 = DIRECTION ( 'NONE',  ( -0.7014283973664497962, 0.7127399268793167542, 2.627004613787689375E-14 ) ) ;
#5867 = ORIENTED_EDGE ( 'NONE', *, *, #992, .T. ) ;
#5868 = EDGE_CURVE ( 'NONE', #6134, #467, #159, .T. ) ;
#5869 = ORIENTED_EDGE ( 'NONE', *, *, #772, .T. ) ;
#5870 = AXIS2_PLACEMENT_3D ( 'NONE', #4011, #951, #2967 ) ;
#5871 = CARTESIAN_POINT ( 'NONE',  ( -0.009522585709339104892, 0.1597793707905216243, 0.04546860907183893769 ) ) ;
#5872 = ORIENTED_EDGE ( 'NONE', *, *, #1957, .T. ) ;
#5873 = CARTESIAN_POINT ( 'NONE',  ( -0.006927339229985205599, 0.1190969560923589993, 0.07861020880933509980 ) ) ;
#5874 = PLANE ( 'NONE',  #2849 ) ;
#5875 = CARTESIAN_POINT ( 'NONE',  ( -0.01397259164998627956, 0.3425196850393807391, 0.3798980065577472476 ) ) ;
#5876 = DIRECTION ( 'NONE',  ( 1.000000000000000000, -7.211763669642100061E-29, -2.065531208604895267E-14 ) ) ;
#5877 =( GEOMETRIC_REPRESENTATION_CONTEXT ( 3 ) GLOBAL_UNCERTAINTY_ASSIGNED_CONTEXT ( ( #1450 ) ) GLOBAL_UNIT_ASSIGNED_CONTEXT ( ( #5856, #5424, #5087 ) ) REPRESENTATION_CONTEXT ( 'NONE', 'WORKASPACE' ) );
#5878 = ORIENTED_EDGE ( 'NONE', *, *, #1617, .T. ) ;
#5879 = DIRECTION ( 'NONE',  ( -2.065531208604895267E-14, -3.491481338843134933E-15, -1.000000000000000000 ) ) ;
#5880 = DIRECTION ( 'NONE',  ( 2.099999999999999887E-14, 3.491481338843135327E-15, 1.000000000000000000 ) ) ;
#5881 = LINE ( 'NONE', #734, #5669 ) ;
#5882 = ORIENTED_EDGE ( 'NONE', *, *, #4128, .T. ) ;
#5883 = AXIS2_PLACEMENT_3D ( 'NONE', #6349, #1725, #6252 ) ;
#5884 = FACE_OUTER_BOUND ( 'NONE', #1103, .T. ) ;
#5885 = VECTOR ( 'NONE', #4007, 39.37007874015748143 ) ;
#5886 = ORIENTED_EDGE ( 'NONE', *, *, #3508, .T. ) ;
#5887 = EDGE_CURVE ( 'NONE', #45, #2625, #5821, .T. ) ;
#5888 = DIRECTION ( 'NONE',  ( 1.000000000000000000, 0.000000000000000000, 0.000000000000000000 ) ) ;
#5889 = CARTESIAN_POINT ( 'NONE',  ( -26.03713589280827279, -16.03086094197740152, 0.1417090301804466435 ) ) ;
#5890 = CARTESIAN_POINT ( 'NONE',  ( -0.01237777460051775469, 0.09153790097424881200, 0.07041460340021279962 ) ) ;
#5891 = AXIS2_PLACEMENT_3D ( 'NONE', #2566, #2662, #1144 ) ;
#5892 = AXIS2_PLACEMENT_3D ( 'NONE', #837, #5982, #2891 ) ;
#5893 = CARTESIAN_POINT ( 'NONE',  ( -0.1792245384936438646, 0.1821082065290983432, -0.05354199078767078734 ) ) ;
#5894 = CARTESIAN_POINT ( 'NONE',  ( -0.03026557783878931415, 0.1902911818141436451, 0.01376286286649600933 ) ) ;
#5895 = VECTOR ( 'NONE', #1226, 39.37007874015748143 ) ;
#5896 = VECTOR ( 'NONE', #1404, 39.37007874015748143 ) ;
#5897 = ORIENTED_EDGE ( 'NONE', *, *, #4375, .F. ) ;
#5898 = CARTESIAN_POINT ( 'NONE',  ( -0.1820449620185704831, -0.1123849554454065119, 0.01770268064204655670 ) ) ;
#5899 = ORIENTED_EDGE ( 'NONE', *, *, #5172, .T. ) ;
#5900 = CARTESIAN_POINT ( 'NONE',  ( -0.06788768398997997722, 0.2309735965123061729, 0.02696282295847102911 ) ) ;
#5901 = VECTOR ( 'NONE', #155, 39.37007874015748143 ) ;
#5902 = VECTOR ( 'NONE', #5004, 39.37007874015748143 ) ;
#5903 = ORIENTED_EDGE ( 'NONE', *, *, #1257, .F. ) ;
#5904 = EDGE_CURVE ( 'NONE', #4364, #1405, #3022, .T. ) ;
#5905 = CARTESIAN_POINT ( 'NONE',  ( 0.03345894953121547610, 0.04724409448819606033, 0.1102129671876685146 ) ) ;
#5906 = ORIENTED_EDGE ( 'NONE', *, *, #4622, .F. ) ;
#5907 = PLANE ( 'NONE',  #5693 ) ;
#5908 = ORIENTED_EDGE ( 'NONE', *, *, #6630, .F. ) ;
#5909 = ADVANCED_FACE ( 'NONE', ( #6173 ), #4542, .F. ) ;
#5910 = CARTESIAN_POINT ( 'NONE',  ( -0.01020519435426384819, 0.2126008931002330016, 0.03469578741056972282 ) ) ;
#5911 = ORIENTED_EDGE ( 'NONE', *, *, #3268, .T. ) ;
#5912 = CARTESIAN_POINT ( 'NONE',  ( -0.06508506593732280021, 0.2086638852262173993, 0.07119329775600924393 ) ) ;
#5913 = EDGE_CURVE ( 'NONE', #1939, #5531, #2576, .T. ) ;
#5914 = DIRECTION ( 'NONE',  ( -1.000000000000000000, 1.431507348925684052E-28, 4.100000000000000200E-14 ) ) ;
#5915 = CARTESIAN_POINT ( 'NONE',  ( -0.1594544362955555294, 0.1751968503937112731, 0.1244571954898610194 ) ) ;
#5916 = FACE_OUTER_BOUND ( 'NONE', #3841, .T. ) ;
#5917 = EDGE_LOOP ( 'NONE', ( #3884, #1491, #4889, #1241 ) ) ;
#5918 = ADVANCED_FACE ( 'NONE', ( #3556 ), #21, .T. ) ;
#5919 = DIRECTION ( 'NONE',  ( -1.032765604302446056E-14, -3.491481338843134933E-15, -1.000000000000000000 ) ) ;
#5920 = CARTESIAN_POINT ( 'NONE',  ( 0.2675295181064263894, 0.1652358356420017826, 0.1338350144317687063 ) ) ;
#5921 = ORIENTED_EDGE ( 'NONE', *, *, #3047, .F. ) ;
#5922 = PLANE ( 'NONE',  #5348 ) ;
#5923 = CARTESIAN_POINT ( 'NONE',  ( -0.0006963444832219646118, 0.04724409448819590768, 0.08068540813254924948 ) ) ;
#5924 = CARTESIAN_POINT ( 'NONE',  ( 0.2558998944131157249, -0.1123849554454065119, 0.04328383333244213704 ) ) ;
#5925 = LINE ( 'NONE', #3462, #4721 ) ;
#5926 = LINE ( 'NONE', #1705, #4049 ) ;
#5927 = DIRECTION ( 'NONE',  ( 1.000000000000000000, -1.431507348925684052E-28, -4.100000000000000200E-14 ) ) ;
#5928 = ADVANCED_FACE ( 'NONE', ( #4639 ), #1065, .F. ) ;
#5929 = ORIENTED_EDGE ( 'NONE', *, *, #5997, .T. ) ;
#5930 = CARTESIAN_POINT ( 'NONE',  ( -0.08465128668926320821, 0.1614173228346527933, -0.04333033989893796123 ) ) ;
#5931 = CARTESIAN_POINT ( 'NONE',  ( -0.06648637496365107646, 0.2286770085857975088, 0.04907806035724048693 ) ) ;
#5932 = CARTESIAN_POINT ( 'NONE',  ( 0.02361642984612027582, -1.092739197465704696E-15, 0.03540981758141811125 ) ) ;
#5933 = ORIENTED_EDGE ( 'NONE', *, *, #3777, .T. ) ;
#5934 = LINE ( 'NONE', #4934, #2225 ) ;
#5935 = ORIENTED_EDGE ( 'NONE', *, *, #3542, .T. ) ;
#5936 = DIRECTION ( 'NONE',  ( 1.000000000000000000, -3.200000000000000249E-14, -2.098838354815185019E-14 ) ) ;
#5937 = ORIENTED_EDGE ( 'NONE', *, *, #3596, .T. ) ;
#5938 = CARTESIAN_POINT ( 'NONE',  ( -0.02954687745738516017, 0.2355667723653247225, 0.02510527860399653158 ) ) ;
#5939 = ORIENTED_EDGE ( 'NONE', *, *, #4935, .F. ) ;
#5940 = CARTESIAN_POINT ( 'NONE',  ( -0.02537904211487844452, 0.1115510243338289215, 0.09088139672407304082 ) ) ;
#5941 = DIRECTION ( 'NONE',  ( 0.000000000000000000, 1.000000000000000000, -3.491481338843134933E-15 ) ) ;
#5942 = DIRECTION ( 'NONE',  ( 0.000000000000000000, 1.000000000000000000, -3.491481338843134933E-15 ) ) ;
#5943 = CARTESIAN_POINT ( 'NONE',  ( -0.04843923578590779433, -0.03543300589955346303, 0.3267484002585417935 ) ) ;
#5944 = ORIENTED_EDGE ( 'NONE', *, *, #614, .T. ) ;
#5945 = CARTESIAN_POINT ( 'NONE',  ( -0.05666355479469196987, 0.1459998432314665306, 0.04845564756923504551 ) ) ;
#5946 = EDGE_CURVE ( 'NONE', #3275, #4856, #5048, .T. ) ;
#5947 = DIRECTION ( 'NONE',  ( 1.000000000000000000, -1.431507348925684052E-28, -4.100000000000000200E-14 ) ) ;
#5948 = CARTESIAN_POINT ( 'NONE',  ( -0.04843923578590779433, -0.03543300589955476060, -0.04726734777295692885 ) ) ;
#5949 = ORIENTED_EDGE ( 'NONE', *, *, #3026, .T. ) ;
#5950 = CARTESIAN_POINT ( 'NONE',  ( 0.2732009975448122518, 0.1788736818250393490, 0.1193825862536183058 ) ) ;
#5951 = ORIENTED_EDGE ( 'NONE', *, *, #6485, .F. ) ;
#5952 = DIRECTION ( 'NONE',  ( 2.065531208604895267E-14, 3.491481338843134933E-15, 1.000000000000000000 ) ) ;
#5953 = EDGE_CURVE ( 'NONE', #661, #672, #5078, .T. ) ;
#5954 = CARTESIAN_POINT ( 'NONE',  ( -0.1220528614924594468, 0.07086614173228995839, 0.03540981758142090763 ) ) ;
#5955 = DIRECTION ( 'NONE',  ( 0.000000000000000000, -3.337232330195357035E-15, -1.000000000000000000 ) ) ;
#5956 = EDGE_CURVE ( 'NONE', #6134, #2375, #1556, .T. ) ;
#5957 = DIRECTION ( 'NONE',  ( -2.065531208604895267E-14, -3.491481338843134933E-15, -1.000000000000000000 ) ) ;
#5958 = DIRECTION ( 'NONE',  ( -1.000000000000000000, 0.000000000000000000, 0.000000000000000000 ) ) ;
#5959 = VERTEX_POINT ( 'NONE', #551 ) ;
#5960 = CARTESIAN_POINT ( 'NONE',  ( -0.06693475125620138022, 3.346513792238724267E-15, 0.05115784907748299748 ) ) ;
#5961 = VECTOR ( 'NONE', #6461, 39.37007874015748143 ) ;
#5962 = AXIS2_PLACEMENT_3D ( 'NONE', #6478, #1492, #2394 ) ;
#5963 = ORIENTED_EDGE ( 'NONE', *, *, #858, .F. ) ;
#5964 = ADVANCED_FACE ( 'NONE', ( #2096 ), #2475, .F. ) ;
#5965 = CARTESIAN_POINT ( 'NONE',  ( 0.07873454008234349877, 0.07086614173230294800, 0.03540981758141669572 ) ) ;
#5966 = ORIENTED_EDGE ( 'NONE', *, *, #2460, .F. ) ;
#5967 = DIRECTION ( 'NONE',  ( 0.000000000000000000, -3.491481338843134933E-15, -1.000000000000000000 ) ) ;
#5968 = VECTOR ( 'NONE', #4418, 39.37007874015748143 ) ;
#5969 = CARTESIAN_POINT ( 'NONE',  ( -0.04684073462573252328, 0.2286770085857975088, 0.04783323478122965960 ) ) ;
#5970 = ORIENTED_EDGE ( 'NONE', *, *, #2485, .T. ) ;
#5971 = CARTESIAN_POINT ( 'NONE',  ( -0.01113126630897090172, 0.1551861949375031302, 0.01226449661302799442 ) ) ;
#5972 = VECTOR ( 'NONE', #2335, 39.37007874015748143 ) ;
#5973 = CARTESIAN_POINT ( 'NONE',  ( -0.1594544362955624128, 0.04724409448819551216, -0.04333033989892008664 ) ) ;
#5974 = DIRECTION ( 'NONE',  ( 2.099999999999999887E-14, 3.491481338843135327E-15, 1.000000000000000000 ) ) ;
#5975 = CARTESIAN_POINT ( 'NONE',  ( 0.2741625808647490392, 0.1834454809368737116, -0.03227788949785367900 ) ) ;
#5976 = EDGE_LOOP ( 'NONE', ( #2439, #282, #1637, #1625 ) ) ;
#5977 = CARTESIAN_POINT ( 'NONE',  ( 0.1749569873916675400, 0.03937007874020425485, 0.1574570616758610431 ) ) ;
#5978 = VECTOR ( 'NONE', #567, 39.37007874015748143 ) ;
#5979 = DIRECTION ( 'NONE',  ( -1.000000000000000000, 2.793421535665765038E-16, 2.099999999999999887E-14 ) ) ;
#5980 = DIRECTION ( 'NONE',  ( 3.200000000000000249E-14, 1.000000000000000000, -3.491481338843134933E-15 ) ) ;
#5981 = ORIENTED_EDGE ( 'NONE', *, *, #4010, .T. ) ;
#5982 = DIRECTION ( 'NONE',  ( 0.000000000000000000, 3.491481338843135327E-15, 1.000000000000000000 ) ) ;
#5983 = ORIENTED_EDGE ( 'NONE', *, *, #3155, .T. ) ;
#5984 = AXIS2_PLACEMENT_3D ( 'NONE', #4310, #1729, #664 ) ;
#5985 = ADVANCED_FACE ( 'NONE', ( #4028 ), #431, .F. ) ;
#5986 = CYLINDRICAL_SURFACE ( 'NONE', #1442, 0.01968503937007657148 ) ;
#5987 = CARTESIAN_POINT ( 'NONE',  ( -0.05502715785209403437, 0.05042827280256965972, 0.01300344471471765601 ) ) ;
#5988 = CARTESIAN_POINT ( 'NONE',  ( -0.04945246142723173227, 0.007874015748077540719, -0.04726734777295708151 ) ) ;
#5989 = AXIS2_PLACEMENT_3D ( 'NONE', #4958, #1876, #5020 ) ;
#5990 = CARTESIAN_POINT ( 'NONE',  ( 0.1968447763028161601, 0.03937007874017173226, 0.03540981758141432956 ) ) ;
#5991 = CARTESIAN_POINT ( 'NONE',  ( -0.1006335637894395785, 0.007874015748078170424, 0.1338350144318086743 ) ) ;
#5992 = EDGE_CURVE ( 'NONE', #209, #1076, #4097, .T. ) ;
#5993 = CIRCLE ( 'NONE', #85, 0.05056999097458959175 ) ;
#5994 = DIRECTION ( 'NONE',  ( 1.000000000000000000, -1.431507348925684052E-28, -4.100000000000000200E-14 ) ) ;
#5995 = VECTOR ( 'NONE', #4543, 39.37007874015748143 ) ;
#5996 = CARTESIAN_POINT ( 'NONE',  ( 0.1227626593883104217, -0.03543300589955346303, 0.3267484002585417935 ) ) ;
#5997 = EDGE_CURVE ( 'NONE', #6575, #2884, #4161, .T. ) ;
#5998 = VECTOR ( 'NONE', #6352, 39.37007874015748143 ) ;
#5999 = CIRCLE ( 'NONE', #3416, 0.04330708661416905747 ) ;
#6000 = ORIENTED_EDGE ( 'NONE', *, *, #4468, .F. ) ;
#6001 = DIRECTION ( 'NONE',  ( -2.099999999999999887E-14, -3.491481338843134933E-15, -1.000000000000000000 ) ) ;
#6002 = ORIENTED_EDGE ( 'NONE', *, *, #3035, .F. ) ;
#6003 = DIRECTION ( 'NONE',  ( -1.000000000000000000, 3.605881834821045546E-29, 1.032765604302446056E-14 ) ) ;
#6004 = VECTOR ( 'NONE', #876, 39.37007874015748143 ) ;
#6005 = ADVANCED_FACE ( 'NONE', ( #2003 ), #997, .F. ) ;
#6006 = CARTESIAN_POINT ( 'NONE',  ( -0.04752334327065738107, 0.1030208406067946170, 0.03706041311996099291 ) ) ;
#6007 = VERTEX_POINT ( 'NONE', #6654 ) ;
#6008 = CARTESIAN_POINT ( 'NONE',  ( 0.01012305462857975707, 0.1597793707905216243, 0.04422378349582858914 ) ) ;
#6009 = FACE_BOUND ( 'NONE', #565, .T. ) ;
#6010 = FACE_OUTER_BOUND ( 'NONE', #4339, .T. ) ;
#6011 = CARTESIAN_POINT ( 'NONE',  ( 0.2751912329957968417, 0.1574803149606765762, 0.1298980065638159487 ) ) ;
#6012 = CARTESIAN_POINT ( 'NONE',  ( -0.2243445873496708598, 0.1771653543307547263, -0.07651371076763781309 ) ) ;
#6013 = ORIENTED_EDGE ( 'NONE', *, *, #6362, .T. ) ;
#6014 = CARTESIAN_POINT ( 'NONE',  ( -0.03026557783878933150, 0.09777149677477360579, 0.01376286286649637709 ) ) ;
#6015 = EDGE_CURVE ( 'NONE', #6367, #4493, #3637, .T. ) ;
#6016 = LINE ( 'NONE', #5414, #2019 ) ;
#6017 = DIRECTION ( 'NONE',  ( -1.000000000000000000, 0.000000000000000000, 0.000000000000000000 ) ) ;
#6018 = ORIENTED_EDGE ( 'NONE', *, *, #5306, .F. ) ;
#6019 = CARTESIAN_POINT ( 'NONE',  ( -0.02609774249628226198, 0.09383448890075803128, 0.07953898098657313787 ) ) ;
#6020 = CARTESIAN_POINT ( 'NONE',  ( -0.2000510244193372533, 0.1841617455168418349, -0.03216118223407049559 ) ) ;
#6021 = CARTESIAN_POINT ( 'NONE',  ( 0.2555061936257114197, -0.03937007874011121816, 0.01770268064204629996 ) ) ;
#6022 = DIRECTION ( 'NONE',  ( 1.000000000000000000, 0.000000000000000000, 0.000000000000000000 ) ) ;
#6023 = LINE ( 'NONE', #3972, #2232 ) ;
#6024 = ORIENTED_EDGE ( 'NONE', *, *, #3335, .T. ) ;
#6025 = CARTESIAN_POINT ( 'NONE',  ( -0.1003993181853752026, 0.03937007874016047043, -0.06695238714298896998 ) ) ;
#6026 = LINE ( 'NONE', #6055, #2981 ) ;
#6027 = VERTEX_POINT ( 'NONE', #123 ) ;
#6028 = LINE ( 'NONE', #5603, #6075 ) ;
#6029 = EDGE_CURVE ( 'NONE', #6066, #77, #1121, .T. ) ;
#6030 = CARTESIAN_POINT ( 'NONE',  ( 0.2548036845086134594, 0.1795888228579770041, -0.05119528358025219467 ) ) ;
#6031 = ORIENTED_EDGE ( 'NONE', *, *, #6527, .T. ) ;
#6032 = CYLINDRICAL_SURFACE ( 'NONE', #4502, 0.04330708661416905747 ) ;
#6033 = EDGE_CURVE ( 'NONE', #1405, #986, #3146, .T. ) ;
#6034 = EDGE_LOOP ( 'NONE', ( #1708, #6342, #4880, #60 ) ) ;
#6035 = CARTESIAN_POINT ( 'NONE',  ( 0.2558998944131157249, -0.1123849554454063038, 0.06886498602283327997 ) ) ;
#6036 = EDGE_CURVE ( 'NONE', #2851, #2968, #1622, .T. ) ;
#6037 = CARTESIAN_POINT ( 'NONE',  ( -0.04615812598080749896, 0.09842766475377624780, 0.05860605644249955448 ) ) ;
#6038 = VERTEX_POINT ( 'NONE', #3658 ) ;
#6039 = CARTESIAN_POINT ( 'NONE',  ( -0.01113126630897090172, 0.1276271398193927764, 0.01226449661302808809 ) ) ;
#6040 = CARTESIAN_POINT ( 'NONE',  ( -0.1692969559806519753, 5.873473186378165032E-15, 0.1574570616759102537 ) ) ;
#6041 = SHAPE_DEFINITION_REPRESENTATION ( #1849, #1968 ) ;
#6042 = CARTESIAN_POINT ( 'NONE',  ( 0.1751912329957273917, -5.122214988120487569E-15, 0.1417090301798401564 ) ) ;
#6043 = FACE_OUTER_BOUND ( 'NONE', #4344, .T. ) ;
#6044 = ORIENTED_EDGE ( 'NONE', *, *, #5634, .F. ) ;
#6045 = CARTESIAN_POINT ( 'NONE',  ( 0.1589747102916773680, 0.1771653543307550871, 0.1082444632507041371 ) ) ;
#6046 = LINE ( 'NONE', #5948, #3299 ) ;
#6047 = ORIENTED_EDGE ( 'NONE', *, *, #1295, .F. ) ;
#6048 = LINE ( 'NONE', #4514, #4172 ) ;
#6049 = LINE ( 'NONE', #463, #2406 ) ;
#6050 = EDGE_CURVE ( 'NONE', #889, #172, #581, .T. ) ;
#6051 = PLANE ( 'NONE',  #5226 ) ;
#6052 = CARTESIAN_POINT ( 'NONE',  ( -0.0007417243760064197141, 0.1673253025490517021, 0.02840216675381466993 ) ) ;
#6053 = VERTEX_POINT ( 'NONE', #4739 ) ;
#6054 = DIRECTION ( 'NONE',  ( -4.131062417209784855E-14, -3.491481338843134933E-15, -1.000000000000000000 ) ) ;
#6055 = CARTESIAN_POINT ( 'NONE',  ( -0.1006335637894395785, 0.007874015748077540719, -0.04726734777295708151 ) ) ;
#6056 = VERTEX_POINT ( 'NONE', #6245 ) ;
#6057 = LINE ( 'NONE', #5123, #2418 ) ;
#6058 = CARTESIAN_POINT ( 'NONE',  ( 0.2507213628876727163, 0.1902991893785140609, -0.06034394073218391635 ) ) ;
#6059 = EDGE_LOOP ( 'NONE', ( #2642, #4123, #5438, #5197 ) ) ;
#6060 = EDGE_CURVE ( 'NONE', #1980, #1014, #1572, .T. ) ;
#6061 = LINE ( 'NONE', #1954, #4825 ) ;
#6062 = ORIENTED_EDGE ( 'NONE', *, *, #3356, .T. ) ;
#6063 = CARTESIAN_POINT ( 'NONE',  ( -0.03700570333594342676, 0.3425196850393794623, 0.1043074553766576706 ) ) ;
#6064 = CARTESIAN_POINT ( 'NONE',  ( -0.04615812598080749896, 0.1811048301081069067, 0.05860605644249929080 ) ) ;
#6065 = ADVANCED_FACE ( 'NONE', ( #2676 ), #5743, .T. ) ;
#6066 = VERTEX_POINT ( 'NONE', #225 ) ;
#6067 = VECTOR ( 'NONE', #3417, 39.37007874015748143 ) ;
#6068 = EDGE_CURVE ( 'NONE', #6197, #1384, #6318, .T. ) ;
#6069 = CARTESIAN_POINT ( 'NONE',  ( 0.1227626593883104217, -0.03543300589955346303, 0.3267484002585417935 ) ) ;
#6070 = DIRECTION ( 'NONE',  ( -1.000000000000000000, 3.200000000000000249E-14, 2.099999999999988843E-14 ) ) ;
#6071 = DIRECTION ( 'NONE',  ( -0.6947768954074831083, -0.7192253232526919504, 3.099701450626699970E-14 ) ) ;
#6072 = CARTESIAN_POINT ( 'NONE',  ( -0.1003993181853797406, 2.936736593189082516E-15, -0.05514136352094150401 ) ) ;
#6073 = VERTEX_POINT ( 'NONE', #1728 ) ;
#6074 = DIRECTION ( 'NONE',  ( 1.844397018054724620E-16, 1.000000000000000000, -3.491481338843140061E-15 ) ) ;
#6075 = VECTOR ( 'NONE', #1511, 39.37007874015748143 ) ;
#6076 = CARTESIAN_POINT ( 'NONE',  ( -0.01237777460051775469, 0.2519709718403905230, 0.07041460340021220288 ) ) ;
#6077 = EDGE_CURVE ( 'NONE', #1135, #1821, #3253, .T. ) ;
#6078 = ORIENTED_EDGE ( 'NONE', *, *, #2823, .T. ) ;
#6079 = CYLINDRICAL_SURFACE ( 'NONE', #3304, 0.005905511811027342947 ) ;
#6080 =( BOUNDED_CURVE ( )  B_SPLINE_CURVE ( 2, ( #1460, #1899, #2946, #2370, #3963, #3385, #3995, #6014, #3484, #3453, #4437, #898, #2983, #4027, #5046, #2474, #969, #4541, #6585, #5446, #3518, #5585, #2885, #5077, #4410, #6455, #1830, #3897, #5945, #832, #3685, #6172, #2001, #2033, #3657, #5142, #5713, #4060, #1594, #4664, #50, #2503, #1090, #1554, #4195, #5201, #2095, #6112, #6244, #4159, #4699, #6211, #5683, #6652, #3115, #1064, #1524, #5648, #5106, #487, #5742, #5171, #3051, #6615, #3145, #580, #996, #549, #2633, #19, #89, #4124, #2538 ),
 .UNSPECIFIED., .F., .T. ) 
 B_SPLINE_CURVE_WITH_KNOTS ( ( 3, 2, 2, 2, 2, 2, 2, 2, 2, 2, 2, 2, 2, 2, 2, 2, 2, 2, 2, 2, 2, 2, 2, 2, 2, 2, 2, 2, 2, 2, 2, 2, 2, 2, 2, 2, 3 ),
 ( 0.000000000000000000, 0.02777777777777780052, 0.05555555555555560104, 0.08333333333333330095, 0.1111111111111110078, 0.1388888888888890061, 0.1666666666666665186, 0.1944444444444445030, 0.2222222222222219878, 0.2500000000000000000, 0.2777777777777780122, 0.3055555555555554692, 0.3333333333333335369, 0.3611111111111109939, 0.3888888888888890061, 0.4166666666666665186, 0.4444444444444444753, 0.4722222222222220434, 0.5000000000000000000, 0.5277777777777779011, 0.5555555555555560243, 0.5833333333333330373, 0.6111111111111110494, 0.6388888888888889506, 0.6666666666666670737, 0.6944444444444440867, 0.7222222222222219878, 0.7500000000000000000, 0.7777777777777779011, 0.8055555555555560243, 0.8333333333333330373, 0.8611111111111110494, 0.8888888888888889506, 0.9166666666666670737, 0.9444444444444440867, 0.9722222222222219878, 1.000000000000000000 ),
 .UNSPECIFIED. ) 
 CURVE ( )  GEOMETRIC_REPRESENTATION_ITEM ( )  RATIONAL_B_SPLINE_CURVE ( ( 1.000000000000000000, 0.8660254037844389297, 1.000000000000000000, 0.8660254037844389297, 1.000000000000000000, 0.8660254037844389297, 1.000000000000000000, 0.8660254037844389297, 1.000000000000000000, 0.8660254037844389297, 1.000000000000000000, 0.8660254037844389297, 1.000000000000000000, 0.8660254037844389297, 1.000000000000000000, 0.8660254037844389297, 1.000000000000000000, 0.8660254037844389297, 1.000000000000000000, 0.8660254037844389297, 1.000000000000000000, 0.8660254037844389297, 1.000000000000000000, 0.8660254037844389297, 1.000000000000000000, 0.8660254037844389297, 1.000000000000000000, 0.8660254037844389297, 1.000000000000000000, 0.8660254037844389297, 1.000000000000000000, 0.8660254037844389297, 1.000000000000000000, 0.8660254037844389297, 1.000000000000000000, 0.8660254037844389297, 1.000000000000000000, 0.8660254037844389297, 1.000000000000000000, 0.8660254037844389297, 1.000000000000000000, 0.8660254037844389297, 1.000000000000000000, 0.8660254037844389297, 1.000000000000000000, 0.8660254037844389297, 1.000000000000000000, 0.8660254037844389297, 1.000000000000000000, 0.8660254037844389297, 1.000000000000000000, 0.8660254037844389297, 1.000000000000000000, 0.8660254037844389297, 1.000000000000000000, 0.8660254037844389297, 1.000000000000000000, 0.8660254037844389297, 1.000000000000000000, 0.8660254037844389297, 1.000000000000000000, 0.8660254037844389297, 1.000000000000000000, 0.8660254037844389297, 1.000000000000000000, 0.8660254037844389297, 1.000000000000000000, 0.8660254037844389297, 1.000000000000000000, 0.8660254037844389297, 1.000000000000000000, 0.8660254037844389297, 1.000000000000000000 ) ) 
 REPRESENTATION_ITEM ( '' )  );
#6081 = DIRECTION ( 'NONE',  ( 0.000000000000000000, 3.491481338843135327E-15, 1.000000000000000000 ) ) ;
#6082 = FACE_OUTER_BOUND ( 'NONE', #3234, .T. ) ;
#6083 = CARTESIAN_POINT ( 'NONE',  ( -0.05666355479469196987, 0.2385195282708366116, 0.04845564756923473326 ) ) ;
#6084 = VECTOR ( 'NONE', #4872, 39.37007874015748143 ) ;
#6085 = ORIENTED_EDGE ( 'NONE', *, *, #3697, .F. ) ;
#6086 = LINE ( 'NONE', #3533, #2430 ) ;
#6087 = EDGE_CURVE ( 'NONE', #820, #6027, #5822, .T. ) ;
#6088 = DIRECTION ( 'NONE',  ( -1.000000000000000000, -1.442352733928416201E-28, -4.131062417209784855E-14 ) ) ;
#6089 = VECTOR ( 'NONE', #2131, 39.37007874015748143 ) ;
#6090 = ORIENTED_EDGE ( 'NONE', *, *, #1737, .F. ) ;
#6091 = LINE ( 'NONE', #983, #3174 ) ;
#6092 = VECTOR ( 'NONE', #1633, 39.37007874015748143 ) ;
#6093 = FACE_OUTER_BOUND ( 'NONE', #5071, .T. ) ;
#6094 = AXIS2_PLACEMENT_3D ( 'NONE', #5583, #4569, #1024 ) ;
#6095 = DIRECTION ( 'NONE',  ( -2.065531208604895267E-14, -3.491481338843134933E-15, -1.000000000000000000 ) ) ;
#6096 = B_SPLINE_CURVE_WITH_KNOTS ( 'NONE', 3,
 ( #5722, #4265, #5210, #6313, #3250, #5279 ),
 .UNSPECIFIED., .F., .F.,
 ( 4, 2, 4 ),
 ( 4.629860147240663981E-16, 0.0002606151175170673233, 0.0005212302350336715838 ),
 .UNSPECIFIED. ) ;
#6097 = ORIENTED_EDGE ( 'NONE', *, *, #1652, .T. ) ;
#6098 = CARTESIAN_POINT ( 'NONE',  ( 0.1237758850294596452, -0.02952749408851984905, -0.07088939501700945722 ) ) ;
#6099 = VECTOR ( 'NONE', #1936, 39.37007874015748143 ) ;
#6100 = AXIS2_PLACEMENT_3D ( 'NONE', #1456, #1390, #864 ) ;
#6101 = EDGE_CURVE ( 'NONE', #1959, #2827, #3698, .T. ) ;
#6102 = UNCERTAINTY_MEASURE_WITH_UNIT (LENGTH_MEASURE( 1.000000000000000082E-05 ), #2912, 'distance_accuracy_value', 'NONE');
#6103 = CARTESIAN_POINT ( 'NONE',  ( -0.05562159595906518428, 0.09842766475377642821, 0.06489967709925448247 ) ) ;
#6104 = ORIENTED_EDGE ( 'NONE', *, *, #6370, .F. ) ;
#6105 = VECTOR ( 'NONE', #4235, 39.37007874015748143 ) ;
#6106 = AXIS2_PLACEMENT_3D ( 'NONE', #4046, #1383, #6095 ) ;
#6107 = DIRECTION ( 'NONE',  ( -2.099999999999999887E-14, -3.491481338842462824E-15, -1.000000000000000000 ) ) ;
#6108 = DIRECTION ( 'NONE',  ( 4.100000000000000200E-14, 3.491481338843134933E-15, 1.000000000000000000 ) ) ;
#6109 = DIRECTION ( 'NONE',  ( 0.000000000000000000, 1.000000000000000000, -3.491481338843134933E-15 ) ) ;
#6110 = CARTESIAN_POINT ( 'NONE',  ( 0.2558998944131157249, -0.1123849554454063038, 0.06886498602283327997 ) ) ;
#6111 = ORIENTED_EDGE ( 'NONE', *, *, #1871, .F. ) ;
#6112 = CARTESIAN_POINT ( 'NONE',  ( 0.001342193295246887907, 0.1896350138351413639, 0.06129022581385255852 ) ) ;
#6113 = VECTOR ( 'NONE', #1034, 39.37007874015748143 ) ;
#6114 = CARTESIAN_POINT ( 'NONE',  ( 0.2925759952178397794, 0.1999753174074625772, -0.04726734777295771989 ) ) ;
#6115 = VECTOR ( 'NONE', #4363, 39.37007874015748143 ) ;
#6116 = EDGE_CURVE ( 'NONE', #6314, #4540, #3767, .T. ) ;
#6117 = CARTESIAN_POINT ( 'NONE',  ( -0.05770551363031868608, 0.2309735965123063117, 0.03201161803921574039 ) ) ;
#6118 = VERTEX_POINT ( 'NONE', #160 ) ;
#6119 = CARTESIAN_POINT ( 'NONE',  ( -0.02559616857902342543, 0.2677165354330795499, 0.04525233726641936932 ) ) ;
#6120 = DIRECTION ( 'NONE',  ( 1.000000000000000000, 0.000000000000000000, -4.100255488672848136E-14 ) ) ;
#6121 = CARTESIAN_POINT ( 'NONE',  ( 0.08834281416333052139, -0.02952749408851909271, 0.1338350144317692891 ) ) ;
#6122 = CARTESIAN_POINT ( 'NONE',  ( 0.001342193295246887907, 0.1443594232839599534, 0.06129022581385265567 ) ) ;
#6123 = EDGE_CURVE ( 'NONE', #2024, #3792, #3731, .T. ) ;
#6124 = ORIENTED_EDGE ( 'NONE', *, *, #5788, .T. ) ;
#6125 = LINE ( 'NONE', #3397, #6416 ) ;
#6126 = ORIENTED_EDGE ( 'NONE', *, *, #4824, .F. ) ;
#6127 = DIRECTION ( 'NONE',  ( -3.200000000000000249E-14, -1.000000000000000000, 3.491481338843134933E-15 ) ) ;
#6128 = ORIENTED_EDGE ( 'NONE', *, *, #5379, .F. ) ;
#6129 = CARTESIAN_POINT ( 'NONE',  ( 0.2440888707909996402, 1.167865017291472482E-14, -0.06695238714299607541 ) ) ;
#6130 = LINE ( 'NONE', #4489, #600 ) ;
#6131 = EDGE_CURVE ( 'NONE', #5386, #751, #2202, .T. ) ;
#6132 = ORIENTED_EDGE ( 'NONE', *, *, #743, .F. ) ;
#6133 = CARTESIAN_POINT ( 'NONE',  ( -0.1932060945040063038, 0.1652358356420010055, 0.1574570616759000119 ) ) ;
#6134 = VERTEX_POINT ( 'NONE', #3794 ) ;
#6135 = LINE ( 'NONE', #2025, #306 ) ;
#6136 = CARTESIAN_POINT ( 'NONE',  ( -0.008839977064414398025, 0.2270365886382905429, 0.05624143073310765295 ) ) ;
#6137 = ORIENTED_EDGE ( 'NONE', *, *, #765, .T. ) ;
#6138 = DIRECTION ( 'NONE',  ( 0.000000000000000000, -1.000000000000000000, 3.491481338843134933E-15 ) ) ;
#6139 = CARTESIAN_POINT ( 'NONE',  ( -0.003942625271986937262, 0.03937007874015865938, 0.05115784907748149174 ) ) ;
#6140 = CARTESIAN_POINT ( 'NONE',  ( 0.1060593495963950833, -0.02952749408851968599, -0.04726734777295692885 ) ) ;
#6141 = ORIENTED_EDGE ( 'NONE', *, *, #5005, .T. ) ;
#6142 = FACE_OUTER_BOUND ( 'NONE', #2442, .T. ) ;
#6143 = CARTESIAN_POINT ( 'NONE',  ( 0.2925759952178397794, 0.1999753174074625772, -0.04726734777295771989 ) ) ;
#6144 = CARTESIAN_POINT ( 'NONE',  ( -0.04085966922767377690, 0.1414066673784482309, 0.07221932904291357425 ) ) ;
#6145 = ORIENTED_EDGE ( 'NONE', *, *, #3247, .F. ) ;
#6146 = CARTESIAN_POINT ( 'NONE',  ( 0.0003002344596201086545, 0.1696218904755610601, 0.04484619628383339218 ) ) ;
#6147 = CARTESIAN_POINT ( 'NONE',  ( 0.1082620991375084635, 0.1751968503937108290, -0.04333033989893796123 ) ) ;
#6148 = CYLINDRICAL_SURFACE ( 'NONE', #4151, 0.05056999097458959175 ) ;
#6149 = CARTESIAN_POINT ( 'NONE',  ( -0.04398554573455393940, 0.1328764836514139958, 0.02288724045285630421 ) ) ;
#6150 = EDGE_CURVE ( 'NONE', #1384, #2957, #663, .T. ) ;
#6151 = ORIENTED_EDGE ( 'NONE', *, *, #2860, .T. ) ;
#6152 = LINE ( 'NONE', #5757, #75 ) ;
#6153 = VERTEX_POINT ( 'NONE', #133 ) ;
#6154 = CARTESIAN_POINT ( 'NONE',  ( 0.1141676109484856261, 0.03937007874017385556, 0.03540981758141606428 ) ) ;
#6155 = EDGE_CURVE ( 'NONE', #5129, #2692, #3829, .T. ) ;
#6156 = ORIENTED_EDGE ( 'NONE', *, *, #6194, .T. ) ;
#6157 = CARTESIAN_POINT ( 'NONE',  ( -0.09449380637435668417, -0.1397637795275556982, 0.03540981758142106722 ) ) ;
#6158 = EDGE_CURVE ( 'NONE', #4248, #5011, #693, .T. ) ;
#6159 = DIRECTION ( 'NONE',  ( -1.000000000000000000, 1.844397018054724620E-16, -6.439677769955990650E-31 ) ) ;
#6160 = EDGE_LOOP ( 'NONE', ( #1783, #2975, #1747, #1866, #5637, #4587 ) ) ;
#6161 = CARTESIAN_POINT ( 'NONE',  ( -0.1003993181853752026, 3.687994791446756035E-15, 0.1535200538018930971 ) ) ;
#6162 = ORIENTED_EDGE ( 'NONE', *, *, #5107, .F. ) ;
#6163 = DIRECTION ( 'NONE',  ( 1.000000000000000000, 0.000000000000000000, 0.000000000000000000 ) ) ;
#6164 = AXIS2_PLACEMENT_3D ( 'NONE', #3772, #4652, #33 ) ;
#6165 = CARTESIAN_POINT ( 'NONE',  ( -0.05562159595906518428, 0.1811048301081070455, 0.06489967709925414940 ) ) ;
#6166 = VERTEX_POINT ( 'NONE', #5792 ) ;
#6167 = EDGE_CURVE ( 'NONE', #1076, #4642, #5754, .T. ) ;
#6168 = CARTESIAN_POINT ( 'NONE',  ( -0.02559616857902342543, 0.1259842519685108464, 0.04525233726641984117 ) ) ;
#6169 = CARTESIAN_POINT ( 'NONE',  ( -0.1594544362955602756, 0.04724409448819574114, 0.009819266400291062555 ) ) ;
#6170 = FACE_OUTER_BOUND ( 'NONE', #4373, .T. ) ;
#6171 = ORIENTED_EDGE ( 'NONE', *, *, #4647, .T. ) ;
#6172 = CARTESIAN_POINT ( 'NONE',  ( -0.03026557783878933150, 0.1528896070109941885, 0.01376286286649617240 ) ) ;
#6173 = FACE_OUTER_BOUND ( 'NONE', #5860, .T. ) ;
#6174 = CARTESIAN_POINT ( 'NONE',  ( -0.05666355479469196987, 0.2286770085857972590, 0.04845564756923481653 ) ) ;
#6175 = ORIENTED_EDGE ( 'NONE', *, *, #3681, .F. ) ;
#6176 = CARTESIAN_POINT ( 'NONE',  ( -0.01550365110739785474, 0.1925877697406527811, 0.02108251481015527978 ) ) ;
#6177 =( GEOMETRIC_REPRESENTATION_CONTEXT ( 3 ) GLOBAL_UNCERTAINTY_ASSIGNED_CONTEXT ( ( #920 ) ) GLOBAL_UNIT_ASSIGNED_CONTEXT ( ( #1033, #96, #3626 ) ) REPRESENTATION_CONTEXT ( 'NONE', 'WORKASPACE' ) );
#6178 = CARTESIAN_POINT ( 'NONE',  ( -0.1003993181853797406, 2.936736593189082516E-15, -0.05514136352094150401 ) ) ;
#6179 = CARTESIAN_POINT ( 'NONE',  ( 0.1237758850294596452, 0.007874015748077421023, -0.07088939501700965151 ) ) ;
#6180 = FACE_OUTER_BOUND ( 'NONE', #2464, .T. ) ;
#6181 = CARTESIAN_POINT ( 'NONE',  ( 0.0003002344596201086545, 0.1696218904755610601, 0.04484619628383339218 ) ) ;
#6182 = EDGE_LOOP ( 'NONE', ( #2668, #5810, #1688, #995 ) ) ;
#6183 = VECTOR ( 'NONE', #3672, 39.37007874015748143 ) ;
#6184 = CARTESIAN_POINT ( 'NONE',  ( -0.06693475125620138022, 3.278217592397113890E-15, 0.03540981758142000557 ) ) ;
#6185 = VERTEX_POINT ( 'NONE', #4340 ) ;
#6186 = DIRECTION ( 'NONE',  ( -4.172280144832374946E-14, -3.491481338843134933E-15, -1.000000000000000000 ) ) ;
#6187 = EDGE_CURVE ( 'NONE', #4295, #4248, #195, .T. ) ;
#6188 = VECTOR ( 'NONE', #1692, 39.37007874015748143 ) ;
#6189 = ORIENTED_EDGE ( 'NONE', *, *, #3333, .F. ) ;
#6190 = LINE ( 'NONE', #598, #6183 ) ;
#6191 = LINE ( 'NONE', #3793, #6433 ) ;
#6192 = VECTOR ( 'NONE', #6230, 39.37007874015748143 ) ;
#6193 = DIRECTION ( 'NONE',  ( -0.7398567853309250264, -0.6727643994741320244, 3.268307254476985529E-14 ) ) ;
#6194 = EDGE_CURVE ( 'NONE', #2766, #563, #4206, .T. ) ;
#6195 = B_SPLINE_CURVE_WITH_KNOTS ( 'NONE', 3,
 ( #3775, #4420, #1840, #2277, #168, #4822, #6431, #1236 ),
 .UNSPECIFIED., .F., .F.,
 ( 4, 2, 2, 4 ),
 ( 1.053016534120269297E-17, 0.0003824932751628476110, 0.0005737399127442666460, 0.0007649865503256856811 ),
 .UNSPECIFIED. ) ;
#6196 = ORIENTED_EDGE ( 'NONE', *, *, #4128, .F. ) ;
#6197 = VERTEX_POINT ( 'NONE', #1130 ) ;
#6198 = VECTOR ( 'NONE', #4985, 39.37007874015748143 ) ;
#6199 = DIRECTION ( 'NONE',  ( 0.000000000000000000, 3.491481338843135327E-15, 1.000000000000000000 ) ) ;
#6200 = ORIENTED_EDGE ( 'NONE', *, *, #1096, .F. ) ;
#6201 = CARTESIAN_POINT ( 'NONE',  ( -0.05502715785207713123, 0.05042827280254339600, 0.07750122981839724368 ) ) ;
#6202 = EDGE_CURVE ( 'NONE', #31, #5804, #3286, .T. ) ;
#6203 = VECTOR ( 'NONE', #1463, 39.37007874015748143 ) ;
#6204 = CARTESIAN_POINT ( 'NONE',  ( -0.02954687745738516017, 0.2178502369322539989, 0.02510527860399660444 ) ) ;
#6205 = VERTEX_POINT ( 'NONE', #2782 ) ;
#6206 = DIRECTION ( 'NONE',  ( -1.000000000000000000, -1.442352733928416201E-28, -4.131062417209784855E-14 ) ) ;
#6207 = AXIS2_PLACEMENT_3D ( 'NONE', #5777, #2191, #1799 ) ;
#6208 = DIRECTION ( 'NONE',  ( -2.065531208604895267E-14, -3.491481338843134933E-15, -1.000000000000000000 ) ) ;
#6209 = VECTOR ( 'NONE', #817, 39.37007874015748143 ) ;
#6210 = ORIENTED_EDGE ( 'NONE', *, *, #2495, .T. ) ;
#6211 = CARTESIAN_POINT ( 'NONE',  ( -0.05562159595906518428, 0.1988213655411778802, 0.06489967709925414940 ) ) ;
#6212 = CARTESIAN_POINT ( 'NONE',  ( -0.01181664102001756152, 0.03937007874015890224, 0.1417090301798439034 ) ) ;
#6213 = CARTESIAN_POINT ( 'NONE',  ( -0.0007417243760064197141, 0.1574827828640122662, 0.02840216675381466646 ) ) ;
#6214 = ORIENTED_EDGE ( 'NONE', *, *, #3026, .F. ) ;
#6215 = VECTOR ( 'NONE', #4309, 39.37007874015748143 ) ;
#6216 = EDGE_CURVE ( 'NONE', #4012, #356, #3308, .T. ) ;
#6217 = CARTESIAN_POINT ( 'NONE',  ( 0.0003002344596201086545, 0.1145037802393405607, 0.04484619628383354484 ) ) ;
#6218 = VECTOR ( 'NONE', #857, 39.37007874015748143 ) ;
#6219 = CARTESIAN_POINT ( 'NONE',  ( -0.1820449620185704831, 0.1574803149606765762, 0.1298980065638159487 ) ) ;
#6220 = DIRECTION ( 'NONE',  ( -4.131062417209784855E-14, -3.491481338843134933E-15, -1.000000000000000000 ) ) ;
#6221 = CARTESIAN_POINT ( 'NONE',  ( -0.1220528614924594468, 0.03937007874016299619, 0.05115784907748401056 ) ) ;
#6222 = DIRECTION ( 'NONE',  ( 4.100000000000000200E-14, 3.491481338843134933E-15, 1.000000000000000000 ) ) ;
#6223 = ORIENTED_EDGE ( 'NONE', *, *, #4555, .T. ) ;
#6224 = VECTOR ( 'NONE', #6473, 39.37007874015748143 ) ;
#6225 = CARTESIAN_POINT ( 'NONE',  ( 0.01070125054417265728, 0.1259842519685108464, 0.02163029002232799008 ) ) ;
#6226 = ORIENTED_EDGE ( 'NONE', *, *, #2449, .T. ) ;
#6227 = CARTESIAN_POINT ( 'NONE',  ( 0.02361642984611590779, -0.1397637795275590566, 0.05115784907748158195 ) ) ;
#6228 = CARTESIAN_POINT ( 'NONE',  ( 0.08660855583036969341, -3.619698591605149208E-15, -0.05514136352094543836 ) ) ;
#6229 = CARTESIAN_POINT ( 'NONE',  ( -0.2243445873496708598, 0.1771653543307550871, 0.1338350144318080637 ) ) ;
#6230 = DIRECTION ( 'NONE',  ( 0.000000000000000000, -1.000000000000000000, 3.491481338843134933E-15 ) ) ;
#6231 = ORIENTED_EDGE ( 'NONE', *, *, #5703, .F. ) ;
#6232 = EDGE_LOOP ( 'NONE', ( #1861, #2046, #1020, #6044 ) ) ;
#6233 = CARTESIAN_POINT ( 'NONE',  ( -0.04945246142723173227, 0.007874015748077421023, -0.07088939501700965151 ) ) ;
#6234 = ORIENTED_EDGE ( 'NONE', *, *, #3850, .F. ) ;
#6235 = PLANE ( 'NONE',  #4931 ) ;
#6236 = ADVANCED_FACE ( 'NONE', ( #4845 ), #3325, .T. ) ;
#6237 = CARTESIAN_POINT ( 'NONE',  ( -0.04398554573455393940, 0.1604355387695241830, 0.02288724045285618278 ) ) ;
#6238 = ORIENTED_EDGE ( 'NONE', *, *, #765, .F. ) ;
#6239 = EDGE_CURVE ( 'NONE', #4174, #4149, #833, .T. ) ;
#6240 = CARTESIAN_POINT ( 'NONE',  ( -0.09449380637435668417, -0.1397637795275556982, 0.05115784907748401056 ) ) ;
#6241 = DIRECTION ( 'NONE',  ( -1.000000000000000000, 3.200000000000000249E-14, 2.099999999999999887E-14 ) ) ;
#6242 = EDGE_CURVE ( 'NONE', #5584, #1513, #1801, .T. ) ;
#6243 = EDGE_LOOP ( 'NONE', ( #3309, #5944 ) ) ;
#6244 = CARTESIAN_POINT ( 'NONE',  ( -0.01237777460051775469, 0.1919316017616503889, 0.07041460340021239717 ) ) ;
#6245 = CARTESIAN_POINT ( 'NONE',  ( -0.06693475125620138022, 3.346513792238724267E-15, 0.05115784907748299748 ) ) ;
#6246 = CARTESIAN_POINT ( 'NONE',  ( -0.01237777460051775469, 0.1368134915254301531, 0.07041460340021260533 ) ) ;
#6247 = ORIENTED_EDGE ( 'NONE', *, *, #2617, .T. ) ;
#6248 = CARTESIAN_POINT ( 'NONE',  ( -0.01237777460051775469, 0.2293331765647999843, 0.07041460340021239717 ) ) ;
#6249 = EDGE_CURVE ( 'NONE', #1057, #4012, #3386, .T. ) ;
#6250 = FILL_AREA_STYLE_COLOUR ( '', #2081 ) ;
#6251 = CARTESIAN_POINT ( 'NONE',  ( 0.1060593495963950833, -0.02952749408851968599, -0.04726734777295692885 ) ) ;
#6252 = DIRECTION ( 'NONE',  ( 0.000000000000000000, 3.491481338843129805E-15, 1.000000000000000000 ) ) ;
#6253 = ORIENTED_EDGE ( 'NONE', *, *, #4761, .T. ) ;
#6254 = CARTESIAN_POINT ( 'NONE',  ( 0.1082620991375134178, 0.04724409448819590768, 0.08068540813254924948 ) ) ;
#6255 = CARTESIAN_POINT ( 'NONE',  ( -0.1594544362955557237, 0.1712598425196915630, 0.1200554868727370106 ) ) ;
#6256 = ORIENTED_EDGE ( 'NONE', *, *, #2965, .F. ) ;
#6257 = DIRECTION ( 'NONE',  ( 5.566118461305706884E-15, 1.000000000000000000, -3.491481338842580364E-15 ) ) ;
#6258 = ADVANCED_FACE ( 'NONE', ( #899 ), #3423, .T. ) ;
#6259 = CARTESIAN_POINT ( 'NONE',  ( 0.2675295181064263894, 0.03937007874020417159, 0.1338350144317690948 ) ) ;
#6260 = LINE ( 'NONE', #4817, #2091 ) ;
#6261 = CARTESIAN_POINT ( 'NONE',  ( -0.1816512612313759822, -0.03937007874011079489, 0.1298980065638165593 ) ) ;
#6262 = ORIENTED_EDGE ( 'NONE', *, *, #5731, .F. ) ;
#6263 = CARTESIAN_POINT ( 'NONE',  ( -0.2013363006014440848, 0.1574803149606759933, -0.04333033989894229110 ) ) ;
#6264 = ORIENTED_EDGE ( 'NONE', *, *, #6239, .F. ) ;
#6265 = FACE_OUTER_BOUND ( 'NONE', #1409, .T. ) ;
#6266 = ORIENTED_EDGE ( 'NONE', *, *, #6131, .F. ) ;
#6267 = ADVANCED_FACE ( 'NONE', ( #3454 ), #870, .F. ) ;
#6268 = CARTESIAN_POINT ( 'NONE',  ( 0.2440888707909996402, 1.167865017291472482E-14, -0.06695238714299607541 ) ) ;
#6269 = DIRECTION ( 'NONE',  ( 0.000000000000000000, -3.491481338843135327E-15, -1.000000000000000000 ) ) ;
#6270 = ORIENTED_EDGE ( 'NONE', *, *, #6413, .T. ) ;
#6271 = CARTESIAN_POINT ( 'NONE',  ( -0.2013363006014538825, 0.1771653543307571688, -0.03368633418163379661 ) ) ;
#6272 = CARTESIAN_POINT ( 'NONE',  ( -0.01987603590582453367, 0.1827452500556137061, 0.02990053300728316710 ) ) ;
#6273 = ORIENTED_EDGE ( 'NONE', *, *, #2424, .T. ) ;
#6274 = CARTESIAN_POINT ( 'NONE',  ( 0.001342193295246887907, 0.1443594232839599534, 0.06129022581385265567 ) ) ;
#6275 = EDGE_CURVE ( 'NONE', #2290, #3242, #1298, .T. ) ;
#6276 = B_SPLINE_CURVE_WITH_KNOTS ( 'NONE', 3,
 ( #744, #4854, #5893, #235, #6361, #6329 ),
 .UNSPECIFIED., .F., .F.,
 ( 4, 2, 4 ),
 ( 1.487778234302003457E-16, 0.0002790310162197017483, 0.0005580620324392547441 ),
 .UNSPECIFIED. ) ;
#6277 = AXIS2_PLACEMENT_3D ( 'NONE', #2991, #4981, #5113 ) ;
#6278 = SURFACE_STYLE_FILL_AREA ( #1530 ) ;
#6279 = CARTESIAN_POINT ( 'NONE',  ( 0.1237758850294596452, -0.02952749408851968599, -0.04726734777295692885 ) ) ;
#6280 = LINE ( 'NONE', #2610, #1787 ) ;
#6281 = ORIENTED_EDGE ( 'NONE', *, *, #1777, .T. ) ;
#6282 = EDGE_CURVE ( 'NONE', #548, #3792, #5514, .T. ) ;
#6283 = DIRECTION ( 'NONE',  ( 2.065531208604895267E-14, 3.491481338843134933E-15, 1.000000000000000000 ) ) ;
#6284 = AXIS2_PLACEMENT_3D ( 'NONE', #671, #4787, #3235 ) ;
#6285 = CARTESIAN_POINT ( 'NONE',  ( -0.1003993181853752026, 0.03937007874016047043, -0.05514136352094165666 ) ) ;
#6286 = EDGE_LOOP ( 'NONE', ( #2514, #1918, #3110, #2404, #4952, #4847, #1923, #2363 ) ) ;
#6287 = DIRECTION ( 'NONE',  ( 1.000000000000000000, -1.431507348925684052E-28, -4.100000000000000200E-14 ) ) ;
#6288 = ORIENTED_EDGE ( 'NONE', *, *, #2965, .T. ) ;
#6289 = CARTESIAN_POINT ( 'NONE',  ( -0.1594544362955557237, 0.1712598425196915630, 0.1200554868727370106 ) ) ;
#6290 = VECTOR ( 'NONE', #6491, 39.37007874015748143 ) ;
#6291 = DIRECTION ( 'NONE',  ( 1.000000000000000000, 1.388035422500259225E-13, -2.100000000000050059E-14 ) ) ;
#6292 = VECTOR ( 'NONE', #6326, 39.37007874015748143 ) ;
#6293 = ORIENTED_EDGE ( 'NONE', *, *, #5689, .T. ) ;
#6294 = LINE ( 'NONE', #4827, #2958 ) ;
#6295 = ORIENTED_EDGE ( 'NONE', *, *, #1777, .F. ) ;
#6296 = CARTESIAN_POINT ( 'NONE',  ( -0.003942625271986937262, 0.07086614173230511293, 0.03540981758141843044 ) ) ;
#6297 = VECTOR ( 'NONE', #5209, 39.37007874015748143 ) ;
#6298 = ORIENTED_EDGE ( 'NONE', *, *, #358, .F. ) ;
#6299 = VECTOR ( 'NONE', #5530, 39.37007874015748143 ) ;
#6300 = LINE ( 'NONE', #47, #3632 ) ;
#6301 = ORIENTED_EDGE ( 'NONE', *, *, #674, .T. ) ;
#6302 = EDGE_LOOP ( 'NONE', ( #4499, #1965, #877, #798 ) ) ;
#6303 = LINE ( 'NONE', #5300, #4602 ) ;
#6304 = VECTOR ( 'NONE', #5980, 39.37007874015748143 ) ;
#6305 = EDGE_CURVE ( 'NONE', #820, #831, #3357, .T. ) ;
#6306 = CARTESIAN_POINT ( 'NONE',  ( -0.009522585709339104892, 0.1046612605543012775, 0.04546860907183917361 ) ) ;
#6307 = VERTEX_POINT ( 'NONE', #3964 ) ;
#6308 = CARTESIAN_POINT ( 'NONE',  ( 0.01012305462857975707, 0.1696218904755608381, 0.04422378349582851975 ) ) ;
#6309 = VECTOR ( 'NONE', #595, 39.37007874015748143 ) ;
#6310 = CARTESIAN_POINT ( 'NONE',  ( -0.1932060945040063038, 0.03937007874020417159, 0.1338350144318084523 ) ) ;
#6311 = LINE ( 'NONE', #6179, #1809 ) ;
#6312 = CARTESIAN_POINT ( 'NONE',  ( -0.08465128668925708810, 0.04724409448819606033, 0.1102129671876685146 ) ) ;
#6313 = CARTESIAN_POINT ( 'NONE',  ( -0.1787008030171349793, 0.1832636175504222809, -0.07020550356140053960 ) ) ;
#6314 = VERTEX_POINT ( 'NONE', #4411 ) ;
#6315 = DIRECTION ( 'NONE',  ( 2.065531208604895267E-14, 3.491481338843134933E-15, 1.000000000000000000 ) ) ;
#6316 = EDGE_CURVE ( 'NONE', #5667, #1695, #6016, .T. ) ;
#6317 = VECTOR ( 'NONE', #6384, 39.37007874015748143 ) ;
#6318 = LINE ( 'NONE', #1197, #2339 ) ;
#6319 = VECTOR ( 'NONE', #2321, 39.37007874015748143 ) ;
#6320 = CARTESIAN_POINT ( 'NONE',  ( -0.1003993181853797406, 2.936736593189082516E-15, -0.06695238714298878957 ) ) ;
#6321 = VERTEX_POINT ( 'NONE', #3898 ) ;
#6322 = CARTESIAN_POINT ( 'NONE',  ( 0.2724226619906940927, 0.1771653543307550871, 0.1198551626364519757 ) ) ;
#6323 = ORIENTED_EDGE ( 'NONE', *, *, #2520, .F. ) ;
#6324 = EDGE_CURVE ( 'NONE', #3438, #6373, #6419, .T. ) ;
#6325 = VECTOR ( 'NONE', #5207, 39.37007874015748143 ) ;
#6326 = DIRECTION ( 'NONE',  ( -2.793421535665029918E-16, -1.000000000000000000, 3.491481338842465190E-15 ) ) ;
#6327 = DIRECTION ( 'NONE',  ( -4.131062417209784855E-14, -3.491481338843134933E-15, -1.000000000000000000 ) ) ;
#6328 = VECTOR ( 'NONE', #6471, 39.37007874015748143 ) ;
#6329 = CARTESIAN_POINT ( 'NONE',  ( -0.1758995891965400848, 0.1936205956005928042, -0.06200832759033173686 ) ) ;
#6330 = EDGE_LOOP ( 'NONE', ( #4765, #28, #4694, #3434 ) ) ;
#6331 = EDGE_CURVE ( 'NONE', #500, #1804, #4911, .T. ) ;
#6332 = CARTESIAN_POINT ( 'NONE',  ( -0.01237777460051775469, 0.08661664113172913571, 0.07041460340021279962 ) ) ;
#6333 = ORIENTED_EDGE ( 'NONE', *, *, #4450, .F. ) ;
#6334 = DIRECTION ( 'NONE',  ( 1.000000000000000000, -1.442352733928416201E-28, -4.131062417209784855E-14 ) ) ;
#6335 = CARTESIAN_POINT ( 'NONE',  ( -0.03098427822019291997, 0.2355667723653240564, 0.002420447128996191816 ) ) ;
#6336 = ADVANCED_FACE ( 'NONE', ( #2848 ), #1397, .T. ) ;
#6337 = LINE ( 'NONE', #3370, #3938 ) ;
#6338 = ORIENTED_EDGE ( 'NONE', *, *, #8, .F. ) ;
#6339 = CARTESIAN_POINT ( 'NONE',  ( -0.002563056893065208779, 0.3543307086614264634, 0.3798980065577469145 ) ) ;
#6340 = ORIENTED_EDGE ( 'NONE', *, *, #4319, .T. ) ;
#6341 = DIRECTION ( 'NONE',  ( -4.100000000000000200E-14, -3.887226118545670100E-13, -1.000000000000000000 ) ) ;
#6342 = ORIENTED_EDGE ( 'NONE', *, *, #4640, .F. ) ;
#6343 = FACE_OUTER_BOUND ( 'NONE', #885, .T. ) ;
#6344 = CARTESIAN_POINT ( 'NONE',  ( -0.009522585709339104892, 0.1873384259086316173, 0.04546860907183888911 ) ) ;
#6345 = ORIENTED_EDGE ( 'NONE', *, *, #2254, .F. ) ;
#6346 = CARTESIAN_POINT ( 'NONE',  ( -0.01113126630897090172, 0.1099106043863219834, 0.01226449661302815748 ) ) ;
#6347 = DIRECTION ( 'NONE',  ( 1.000000000000000000, -3.200000000000007822E-14, -2.099999999999999887E-14 ) ) ;
#6348 = DIRECTION ( 'NONE',  ( -3.200000000000000249E-14, -1.000000000000000000, 3.491481338843134933E-15 ) ) ;
#6349 = CARTESIAN_POINT ( 'NONE',  ( -0.1932060945040063038, 0.03937007874020417159, 0.1338350144318084523 ) ) ;
#6350 = VERTEX_POINT ( 'NONE', #330 ) ;
#6351 = PLANE ( 'NONE',  #3101 ) ;
#6352 = DIRECTION ( 'NONE',  ( 0.000000000000000000, 1.000000000000000000, -3.491481338843134933E-15 ) ) ;
#6353 = DIRECTION ( 'NONE',  ( -1.000000000000000000, 5.008758494498320315E-14, -1.748798681431289987E-28 ) ) ;
#6354 = VERTEX_POINT ( 'NONE', #5381 ) ;
#6355 = FACE_OUTER_BOUND ( 'NONE', #5368, .T. ) ;
#6356 = ORIENTED_EDGE ( 'NONE', *, *, #29, .T. ) ;
#6357 = EDGE_CURVE ( 'NONE', #6354, #4798, #766, .T. ) ;
#6358 = CARTESIAN_POINT ( 'NONE',  ( 0.2563287443776842700, 0.1771653543307550871, 0.1338350144317687063 ) ) ;
#6359 = CARTESIAN_POINT ( 'NONE',  ( -0.1816512612313759822, -0.03937007874011121816, 0.01770268064204629996 ) ) ;
#6360 = CARTESIAN_POINT ( 'NONE',  ( -0.1820449620185704831, -0.03937007874011141939, -0.04333033989894158333 ) ) ;
#6361 = CARTESIAN_POINT ( 'NONE',  ( -0.1763927360809136313, 0.1903338677215499208, -0.06036131836570726023 ) ) ;
#6362 = EDGE_CURVE ( 'NONE', #3856, #1980, #609, .T. ) ;
#6363 = CARTESIAN_POINT ( 'NONE',  ( -0.05562159595906518428, 0.2086638852262173160, 0.06489967709925403838 ) ) ;
#6364 = ADVANCED_FACE ( 'NONE', ( #5594 ), #5054, .F. ) ;
#6365 = ORIENTED_EDGE ( 'NONE', *, *, #6187, .T. ) ;
#6366 = DIRECTION ( 'NONE',  ( 0.000000000000000000, 1.000000000000000000, -3.491481338843134933E-15 ) ) ;
#6367 = VERTEX_POINT ( 'NONE', #6592 ) ;
#6368 = CARTESIAN_POINT ( 'NONE',  ( -0.04523205402610042808, 0.2240838327327790147, 0.08103734724004107992 ) ) ;
#6369 = DIRECTION ( 'NONE',  ( 1.000000000000000000, -5.566118461305780248E-15, -2.099999999999999887E-14 ) ) ;
#6370 = EDGE_CURVE ( 'NONE', #341, #5170, #1915, .T. ) ;
#6371 = ORIENTED_EDGE ( 'NONE', *, *, #2412, .F. ) ;
#6372 = DIRECTION ( 'NONE',  ( 2.065531208604895267E-14, 3.491481338843134933E-15, 1.000000000000000000 ) ) ;
#6373 = VERTEX_POINT ( 'NONE', #2511 ) ;
#6374 = CARTESIAN_POINT ( 'NONE',  ( -0.08511977789730709731, 0.1968503937008338478, 0.1082444632507039289 ) ) ;
#6375 = ORIENTED_EDGE ( 'NONE', *, *, #1549, .F. ) ;
#6376 = EDGE_CURVE ( 'NONE', #1127, #5086, #6437, .T. ) ;
#6377 = CARTESIAN_POINT ( 'NONE',  ( -0.04684073462573252328, 0.1184407881133562740, 0.04783323478123001349 ) ) ;
#6378 = ORIENTED_EDGE ( 'NONE', *, *, #3567, .T. ) ;
#6379 = CARTESIAN_POINT ( 'NONE',  ( -0.04523205402610042808, 0.2339263524178185616, 0.08103734724004107992 ) ) ;
#6380 = CARTESIAN_POINT ( 'NONE',  ( -0.2003893505532716446, 0.1831973344008874238, 0.1185452054176800579 ) ) ;
#6381 = DIRECTION ( 'NONE',  ( 1.000000000000000000, -1.431507348925684052E-28, -4.100000000000000200E-14 ) ) ;
#6382 = ORIENTED_EDGE ( 'NONE', *, *, #5731, .T. ) ;
#6383 = DIRECTION ( 'NONE',  ( -2.099999999999999887E-14, -3.491481338843134933E-15, -1.000000000000000000 ) ) ;
#6384 = DIRECTION ( 'NONE',  ( -2.099999999999999887E-14, -3.491481338843134933E-15, -1.000000000000000000 ) ) ;
#6385 = CARTESIAN_POINT ( 'NONE',  ( 0.01070125054417265728, 0.05905511811024606594, 0.02163029002232822948 ) ) ;
#6386 = ORIENTED_EDGE ( 'NONE', *, *, #72, .T. ) ;
#6387 = CARTESIAN_POINT ( 'NONE',  ( -0.02559616857902342543, 0.2677165354330795499, 0.04525233726641936932 ) ) ;
#6388 = CARTESIAN_POINT ( 'NONE',  ( 0.2512345820834327448, 0.1958387642618694691, 0.1451975607720981665 ) ) ;
#6389 = CARTESIAN_POINT ( 'NONE',  ( 0.2751912329957968417, 0.1574803149606765762, 0.1298980065638159487 ) ) ;
#6390 = CARTESIAN_POINT ( 'NONE',  ( -0.1220528614924594468, 0.07086614173228995839, 0.05115784907748385790 ) ) ;
#6391 = ADVANCED_FACE ( 'NONE', ( #5555 ), #1402, .T. ) ;
#6392 = CARTESIAN_POINT ( 'NONE',  ( 0.2619928396094642897, 0.1962526822025077722, 0.1279205505328700476 ) ) ;
#6393 = CARTESIAN_POINT ( 'NONE',  ( -0.04398554573455393940, 0.2431127041238551334, 0.02288724045285590522 ) ) ;
#6394 = VECTOR ( 'NONE', #4285, 39.37007874015748143 ) ;
#6395 = ORIENTED_EDGE ( 'NONE', *, *, #2012, .F. ) ;
#6396 = DIRECTION ( 'NONE',  ( -2.028035422500210049E-13, -1.000000000000000000, 3.491481338846720700E-15 ) ) ;
#6397 = ORIENTED_EDGE ( 'NONE', *, *, #3449, .T. ) ;
#6398 = CARTESIAN_POINT ( 'NONE',  ( -0.03026557783878931415, 0.1253305518928837514, 0.01376286286649623485 ) ) ;
#6399 = VECTOR ( 'NONE', #4956, 39.37007874015748143 ) ;
#6400 = ADVANCED_FACE ( 'NONE', ( #6660 ), #3057, .F. ) ;
#6401 = ORIENTED_EDGE ( 'NONE', *, *, #4857, .T. ) ;
#6402 = AXIS2_PLACEMENT_3D ( 'NONE', #4771, #1193, #4708 ) ;
#6403 = CARTESIAN_POINT ( 'NONE',  ( -0.2243445873496708598, 0.1968503937008342641, 0.1630813774264923410 ) ) ;
#6404 = EDGE_CURVE ( 'NONE', #3973, #5134, #3590, .T. ) ;
#6405 = VERTEX_POINT ( 'NONE', #2409 ) ;
#6406 = FACE_OUTER_BOUND ( 'NONE', #3138, .T. ) ;
#6407 = ORIENTED_EDGE ( 'NONE', *, *, #5475, .F. ) ;
#6408 = VECTOR ( 'NONE', #6159, 39.37007874015748143 ) ;
#6409 = CARTESIAN_POINT ( 'NONE',  ( -0.02954687745738516017, 0.2080077172472143965, 0.02510527860399660444 ) ) ;
#6410 = ORIENTED_EDGE ( 'NONE', *, *, #5499, .T. ) ;
#6411 = CARTESIAN_POINT ( 'NONE',  ( -0.04943598110508647114, 0.1604355387695240720, 0.01469163504373375943 ) ) ;
#6412 = CARTESIAN_POINT ( 'NONE',  ( 0.2548036845086110169, 0.1795888228579813339, 0.1377629502390712302 ) ) ;
#6413 = EDGE_CURVE ( 'NONE', #3384, #2118, #3528, .T. ) ;
#6414 = LINE ( 'NONE', #4371, #4257 ) ;
#6415 = DIRECTION ( 'NONE',  ( 0.000000000000000000, 3.717952610315228740E-15, 1.000000000000000000 ) ) ;
#6416 = VECTOR ( 'NONE', #3191, 39.37007874015748143 ) ;
#6417 = ORIENTED_EDGE ( 'NONE', *, *, #5832, .F. ) ;
#6418 = CARTESIAN_POINT ( 'NONE',  ( 0.08660855583037402328, 0.03937007874017362657, -0.05514136352094559101 ) ) ;
#6419 = LINE ( 'NONE', #2815, #2886 ) ;
#6420 = DIRECTION ( 'NONE',  ( 0.000000000000000000, -1.000000000000000000, 3.491481338843134933E-15 ) ) ;
#6421 = EDGE_LOOP ( 'NONE', ( #4657, #319, #6476, #6111 ) ) ;
#6422 = VECTOR ( 'NONE', #3961, 39.37007874015748143 ) ;
#6423 = DIRECTION ( 'NONE',  ( 1.000000000000000000, 1.844397018054724620E-16, -6.439677769955990650E-31 ) ) ;
#6424 = AXIS2_PLACEMENT_3D ( 'NONE', #1841, #3907, #5958 ) ;
#6425 = VERTEX_POINT ( 'NONE', #2446 ) ;
#6426 = FACE_OUTER_BOUND ( 'NONE', #5246, .T. ) ;
#6427 = CARTESIAN_POINT ( 'NONE',  ( 0.2558998944130499997, 1.242990837117240149E-14, 0.1535200538018856586 ) ) ;
#6428 = DIRECTION ( 'NONE',  ( 3.200000000000000249E-14, 1.000000000000000000, -3.491481338843134933E-15 ) ) ;
#6429 = VECTOR ( 'NONE', #5483, 39.37007874015748143 ) ;
#6430 = VECTOR ( 'NONE', #3653, 39.37007874015748143 ) ;
#6431 = CARTESIAN_POINT ( 'NONE',  ( -0.1830075282514216917, 0.1968503937008409810, -0.04727375328462656012 ) ) ;
#6432 = CARTESIAN_POINT ( 'NONE',  ( -0.05562159595906518428, 0.2362229403443276143, 0.06489967709925396899 ) ) ;
#6433 = VECTOR ( 'NONE', #6383, 39.37007874015748143 ) ;
#6434 = CIRCLE ( 'NONE', #5474, 0.01771653543308204792 ) ;
#6435 = ORIENTED_EDGE ( 'NONE', *, *, #6150, .T. ) ;
#6436 = CARTESIAN_POINT ( 'NONE',  ( -0.03098427822019291997, 0.2080077172472143965, 0.002420447128996287660 ) ) ;
#6437 = CIRCLE ( 'NONE', #5047, 0.01771653543308205139 ) ;
#6438 = CARTESIAN_POINT ( 'NONE',  ( 0.2751912329957968417, 0.1918580953367677588, 0.1729682980780299084 ) ) ;
#6439 = ORIENTED_EDGE ( 'NONE', *, *, #6370, .T. ) ;
#6440 = EDGE_CURVE ( 'NONE', #1384, #2037, #5153, .T. ) ;
#6441 = DIRECTION ( 'NONE',  ( 1.000000000000000000, 0.000000000000000000, 0.000000000000000000 ) ) ;
#6442 = ORIENTED_EDGE ( 'NONE', *, *, #5154, .T. ) ;
#6443 = DIRECTION ( 'NONE',  ( 1.000000000000000000, 0.000000000000000000, 0.000000000000000000 ) ) ;
#6444 = ORIENTED_EDGE ( 'NONE', *, *, #3889, .F. ) ;
#6445 = CARTESIAN_POINT ( 'NONE',  ( -0.01782820997105006786, 0.2017741214466897137, 0.06221899799109044393 ) ) ;
#6446 = EDGE_CURVE ( 'NONE', #4837, #341, #3970, .T. ) ;
#6447 = ORIENTED_EDGE ( 'NONE', *, *, #1220, .T. ) ;
#6448 = CARTESIAN_POINT ( 'NONE',  ( -0.06508506593732280021, 0.2362229403443271147, 0.07119329775600909127 ) ) ;
#6449 = EDGE_CURVE ( 'NONE', #3502, #4768, #5014, .T. ) ;
#6450 = CARTESIAN_POINT ( 'NONE',  ( 0.1749569873916675400, 0.007874015748078170424, 0.1338350144317692891 ) ) ;
#6451 = CARTESIAN_POINT ( 'NONE',  ( -0.08465128668925708810, 0.1614173228346534039, 0.1102129671876681122 ) ) ;
#6452 = LINE ( 'NONE', #3894, #2097 ) ;
#6453 = DIRECTION ( 'NONE',  ( 0.000000000000000000, -3.717952610315520618E-15, -1.000000000000000000 ) ) ;
#6454 = ORIENTED_EDGE ( 'NONE', *, *, #1417, .T. ) ;
#6455 = CARTESIAN_POINT ( 'NONE',  ( -0.02609774249628226545, 0.1391100794519391504, 0.07953898098657291582 ) ) ;
#6456 = CARTESIAN_POINT ( 'NONE',  ( -0.1767213244218150681, 0.1890777094258827562, 0.1537813417450135389 ) ) ;
#6457 = CARTESIAN_POINT ( 'NONE',  ( -0.05562159595906518428, 0.08858514506873682581, 0.06489967709925448247 ) ) ;
#6458 = EDGE_LOOP ( 'NONE', ( #1314, #6558, #1806, #4630, #5110, #5214, #4398, #1170, #5501, #3054 ) ) ;
#6459 = ADVANCED_FACE ( 'NONE', ( #1942 ), #4002, .F. ) ;
#6460 = CARTESIAN_POINT ( 'NONE',  ( -0.08465128668926320821, 0.04724409448819551216, -0.04333033989893748245 ) ) ;
#6461 = DIRECTION ( 'NONE',  ( -1.000000000000000000, -1.539434167943740012E-28, -4.409114695293820546E-14 ) ) ;
#6462 = CARTESIAN_POINT ( 'NONE',  ( 0.08834281416333052139, -0.02952749408851968599, -0.04726734777295692885 ) ) ;
#6463 = CARTESIAN_POINT ( 'NONE',  ( -0.1811079796026980049, 0.03937007874016260761, -0.06695238714298720750 ) ) ;
#6464 = LINE ( 'NONE', #806, #4155 ) ;
#6465 = EDGE_CURVE ( 'NONE', #5091, #5776, #57, .T. ) ;
#6466 = CARTESIAN_POINT ( 'NONE',  ( 0.2751912329957968417, 0.1574803149606742170, -0.04333033989894229110 ) ) ;
#6467 = ORIENTED_EDGE ( 'NONE', *, *, #2077, .F. ) ;
#6468 = DIRECTION ( 'NONE',  ( 1.000000000000000000, 0.000000000000000000, 0.000000000000000000 ) ) ;
#6469 = CARTESIAN_POINT ( 'NONE',  ( 0.01012305462857975707, 0.2148974810267419988, 0.04422378349582840179 ) ) ;
#6470 = ORIENTED_EDGE ( 'NONE', *, *, #1411, .F. ) ;
#6471 = DIRECTION ( 'NONE',  ( -3.200000000000000249E-14, -1.000000000000000000, 3.491481338843134933E-15 ) ) ;
#6472 = ORIENTED_EDGE ( 'NONE', *, *, #1422, .F. ) ;
#6473 = DIRECTION ( 'NONE',  ( 1.000000000000000000, 1.844397018053284702E-16, -4.131062417209784855E-14 ) ) ;
#6474 = EDGE_CURVE ( 'NONE', #2482, #2817, #2707, .T. ) ;
#6475 = CARTESIAN_POINT ( 'NONE',  ( -0.02681644287768620433, 0.2217872448062695456, 0.06819656524907238837 ) ) ;
#6476 = ORIENTED_EDGE ( 'NONE', *, *, #3400, .F. ) ;
#6477 = CARTESIAN_POINT ( 'NONE',  ( 0.01152436365490823456, 0.1345169035989205175, 0.06633902089459757512 ) ) ;
#6478 = CARTESIAN_POINT ( 'NONE',  ( -0.1692969559806476176, 0.03937007874016339171, 0.1574570616759102537 ) ) ;
#6479 = CARTESIAN_POINT ( 'NONE',  ( 0.2558998944129232123, 0.1935516124725102372, -0.09204568856043759961 ) ) ;
#6480 = PLANE ( 'NONE',  #4589 ) ;
#6481 = DIRECTION ( 'NONE',  ( -1.032765604302446056E-14, -3.491481338843134933E-15, -1.000000000000000000 ) ) ;
#6482 = ORIENTED_EDGE ( 'NONE', *, *, #712, .T. ) ;
#6483 = CARTESIAN_POINT ( 'NONE',  ( -0.1758995891965400848, 0.1936205956005928042, -0.06200832759033173686 ) ) ;
#6484 = CARTESIAN_POINT ( 'NONE',  ( -0.1761848689459560302, 0.1917192616662810600, 0.1514718652110052799 ) ) ;
#6485 = EDGE_CURVE ( 'NONE', #6307, #655, #5149, .T. ) ;
#6486 = DIRECTION ( 'NONE',  ( -1.000000000000000000, 3.200000000000000249E-14, 2.099999999999988843E-14 ) ) ;
#6487 = ORIENTED_EDGE ( 'NONE', *, *, #4152, .F. ) ;
#6488 = CARTESIAN_POINT ( 'NONE',  ( 0.2555061936257114197, 0.1771653543307550871, 0.1198551626364519757 ) ) ;
#6489 = EDGE_LOOP ( 'NONE', ( #2518, #6573, #3015, #1649 ) ) ;
#6490 = CARTESIAN_POINT ( 'NONE',  ( -0.1594544362955598593, 0.1259842519685108464, 0.02163029002234547263 ) ) ;
#6491 = DIRECTION ( 'NONE',  ( 2.065531208604895267E-14, 3.491481338843134933E-15, 1.000000000000000000 ) ) ;
#6492 = DIRECTION ( 'NONE',  ( 0.000000000000000000, -1.000000000000000000, 3.491481338843135327E-15 ) ) ;
#6493 = VECTOR ( 'NONE', #5728, 39.37007874015748143 ) ;
#6494 = DIRECTION ( 'NONE',  ( 1.000000000000000000, -3.200000000000000249E-14, -2.098838354815185019E-14 ) ) ;
#6495 = CARTESIAN_POINT ( 'NONE',  ( 0.1749569873916675400, 0.007874015748078170424, 0.1338350144317692891 ) ) ;
#6496 = ORIENTED_EDGE ( 'NONE', *, *, #821, .F. ) ;
#6497 = CARTESIAN_POINT ( 'NONE',  ( 0.08660855583037833927, 0.03937007874017425801, 0.1417090301798419327 ) ) ;
#6498 = AXIS2_PLACEMENT_3D ( 'NONE', #6490, #4816, #5316 ) ;
#6499 = EDGE_CURVE ( 'NONE', #334, #5238, #6311, .T. ) ;
#6500 = DIRECTION ( 'NONE',  ( 2.065531208604895267E-14, 3.491481338843134933E-15, 1.000000000000000000 ) ) ;
#6501 = EDGE_CURVE ( 'NONE', #955, #1543, #2167, .T. ) ;
#6502 = VECTOR ( 'NONE', #3958, 39.37007874015748143 ) ;
#6503 = ORIENTED_EDGE ( 'NONE', *, *, #5507, .T. ) ;
#6504 = CARTESIAN_POINT ( 'NONE',  ( -0.03173592599414968435, -0.02952749408851909271, 0.1338350144317692891 ) ) ;
#6505 = ORIENTED_EDGE ( 'NONE', *, *, #4930, .T. ) ;
#6506 = PLANE ( 'NONE',  #2656 ) ;
#6507 = VECTOR ( 'NONE', #5529, 39.37007874015748143 ) ;
#6508 = CARTESIAN_POINT ( 'NONE',  ( -0.009522585709339104892, 0.1696218904755608381, 0.04546860907183893769 ) ) ;
#6509 = ORIENTED_EDGE ( 'NONE', *, *, #4732, .T. ) ;
#6510 = CARTESIAN_POINT ( 'NONE',  ( -0.06508506593732280021, 0.08858514506873692296, 0.07119329775600966026 ) ) ;
#6511 = CARTESIAN_POINT ( 'NONE',  ( -0.08465128668926241717, 0.1614173228346527933, -0.01970829265484606505 ) ) ;
#6512 = FACE_OUTER_BOUND ( 'NONE', #755, .T. ) ;
#6513 = FACE_OUTER_BOUND ( 'NONE', #405, .T. ) ;
#6514 = FILL_AREA_STYLE ('',( #2265 ) ) ;
#6515 = VERTEX_POINT ( 'NONE', #1599 ) ;
#6516 = DIRECTION ( 'NONE',  ( -1.000000000000000000, 1.431507348925684052E-28, 4.100000000000000200E-14 ) ) ;
#6517 = AXIS2_PLACEMENT_3D ( 'NONE', #6169, #547, #3081 ) ;
#6518 = DIRECTION ( 'NONE',  ( 4.131062417209784855E-14, -3.491481338843134933E-15, -1.000000000000000000 ) ) ;
#6519 = PLANE ( 'NONE',  #1569 ) ;
#6520 = EDGE_LOOP ( 'NONE', ( #1786, #1031, #6231, #667 ) ) ;
#6521 = DIRECTION ( 'NONE',  ( 0.000000000000000000, -1.000000000000000000, 3.491481338843135327E-15 ) ) ;
#6522 = AXIS2_PLACEMENT_3D ( 'NONE', #4006, #6596, #6054 ) ;
#6523 = FACE_OUTER_BOUND ( 'NONE', #5062, .T. ) ;
#6524 = DIRECTION ( 'NONE',  ( 0.000000000000000000, -3.717952610315228740E-15, -1.000000000000000000 ) ) ;
#6525 = FACE_OUTER_BOUND ( 'NONE', #4117, .T. ) ;
#6526 = CARTESIAN_POINT ( 'NONE',  ( -0.08465128668925590849, 0.1614173228346534039, 0.1338350144317773383 ) ) ;
#6527 = EDGE_CURVE ( 'NONE', #583, #5705, #3122, .T. ) ;
#6528 = ORIENTED_EDGE ( 'NONE', *, *, #2575, .F. ) ;
#6529 = AXIS2_PLACEMENT_3D ( 'NONE', #470, #3975, #440 ) ;
#6530 = PLANE ( 'NONE',  #5778 ) ;
#6531 = CARTESIAN_POINT ( 'NONE',  ( 0.08834281416333052139, 0.03937007874020417159, 0.1338350144317690948 ) ) ;
#6532 = ADVANCED_FACE ( 'NONE', ( #5817 ), #3663, .T. ) ;
#6533 = ORIENTED_EDGE ( 'NONE', *, *, #4967, .F. ) ;
#6534 = VECTOR ( 'NONE', #4298, 39.37007874015748143 ) ;
#6535 = VECTOR ( 'NONE', #5774, 39.37007874015748143 ) ;
#6536 = EDGE_CURVE ( 'NONE', #2118, #4295, #5749, .T. ) ;
#6537 = DIRECTION ( 'NONE',  ( 2.899137802863772963E-14, 0.7071067811868114728, 0.7071067811862835617 ) ) ;
#6538 = VECTOR ( 'NONE', #2237, 39.37007874015748143 ) ;
#6539 = CIRCLE ( 'NONE', #733, 0.06061619997492007778 ) ;
#6540 = ORIENTED_EDGE ( 'NONE', *, *, #5148, .F. ) ;
#6541 = ADVANCED_FACE ( 'NONE', ( #4644 ), #4131, .F. ) ;
#6542 = PLANE ( 'NONE',  #1802 ) ;
#6543 = ORIENTED_EDGE ( 'NONE', *, *, #4118, .T. ) ;
#6544 = CARTESIAN_POINT ( 'NONE',  ( -0.1003993181853797406, 2.936736593189082516E-15, -0.06695238714298878957 ) ) ;
#6545 = AXIS2_PLACEMENT_3D ( 'NONE', #3895, #4372, #1325 ) ;
#6546 = CARTESIAN_POINT ( 'NONE',  ( -0.04684073462573252328, 0.1282833077983957792, 0.04783323478123001349 ) ) ;
#6547 = EDGE_LOOP ( 'NONE', ( #4582, #1949, #4334, #380, #1620, #5489, #4676, #3469, #1038, #6598, #5677, #6295, #5222 ) ) ;
#6548 = EDGE_CURVE ( 'NONE', #1510, #5280, #586, .T. ) ;
#6549 = CARTESIAN_POINT ( 'NONE',  ( -0.006927339229985205599, 0.1368134915254298756, 0.07861020880933509980 ) ) ;
#6550 = PLANE ( 'NONE',  #4245 ) ;
#6551 = PLANE ( 'NONE',  #5681 ) ;
#6552 = CARTESIAN_POINT ( 'NONE',  ( 0.2558998944130456699, 1.167865017291472482E-14, -0.06695238714299626970 ) ) ;
#6553 = CARTESIAN_POINT ( 'NONE',  ( 0.1227626593883104217, -0.03543300589955646063, -0.07088939501700945722 ) ) ;
#6554 = EDGE_LOOP ( 'NONE', ( #6097, #2005, #1764, #5708 ) ) ;
#6555 = CARTESIAN_POINT ( 'NONE',  ( 0.2558998944130543296, 0.03937007874016992121, 0.1535200538018856586 ) ) ;
#6556 = DIRECTION ( 'NONE',  ( 2.099999999999999887E-14, 3.491481338843134933E-15, 1.000000000000000000 ) ) ;
#6557 = LINE ( 'NONE', #2476, #5995 ) ;
#6558 = ORIENTED_EDGE ( 'NONE', *, *, #1721, .T. ) ;
#6559 = CARTESIAN_POINT ( 'NONE',  ( -0.05562159595906518428, 0.09842766475377642821, 0.06489967709925448247 ) ) ;
#6560 = CARTESIAN_POINT ( 'NONE',  ( -0.1594544362955551409, 0.04724409448819613666, 0.1338350144317952961 ) ) ;
#6561 = DIRECTION ( 'NONE',  ( 1.000000000000000000, -3.200000000000000249E-14, -2.099999999999999887E-14 ) ) ;
#6562 = CARTESIAN_POINT ( 'NONE',  ( -0.01397259165000242290, 0.3425196850393791292, -0.01380278084381933272 ) ) ;
#6563 = CARTESIAN_POINT ( 'NONE',  ( -0.05562159595906518428, 0.2086638852262173438, 0.06489967709925405226 ) ) ;
#6564 = ORIENTED_EDGE ( 'NONE', *, *, #2860, .F. ) ;
#6565 = LINE ( 'NONE', #4076, #2753 ) ;
#6566 = CARTESIAN_POINT ( 'NONE',  ( 0.08660855583036969341, -3.619698591605149208E-15, -0.06695238714299271698 ) ) ;
#6567 = EDGE_CURVE ( 'NONE', #73, #1215, #1628, .T. ) ;
#6568 = ORIENTED_EDGE ( 'NONE', *, *, #1538, .F. ) ;
#6569 = CARTESIAN_POINT ( 'NONE',  ( -0.01401939056108515713, -0.02952749408851984905, -0.07088939501700945722 ) ) ;
#6570 = ADVANCED_FACE ( 'NONE', ( #2680 ), #1219, .F. ) ;
#6571 = LINE ( 'NONE', #3943, #2969 ) ;
#6572 = ADVANCED_FACE ( 'NONE', ( #4840 ), #3351, .F. ) ;
#6573 = ORIENTED_EDGE ( 'NONE', *, *, #5148, .T. ) ;
#6574 = DIRECTION ( 'NONE',  ( 4.100000000000000200E-14, 3.887226118545670100E-13, 1.000000000000000000 ) ) ;
#6575 = VERTEX_POINT ( 'NONE', #2233 ) ;
#6576 = EDGE_CURVE ( 'NONE', #4251, #3438, #2881, .T. ) ;
#6577 = CARTESIAN_POINT ( 'NONE',  ( -0.01782820997105006786, 0.1190969560923589993, 0.06221899799109067292 ) ) ;
#6578 = VERTEX_POINT ( 'NONE', #5376 ) ;
#6579 = CARTESIAN_POINT ( 'NONE',  ( -0.04943598110508647114, 0.1505930190844848859, 0.01469163504373378545 ) ) ;
#6580 = CARTESIAN_POINT ( 'NONE',  ( -0.2243445873496708598, 0.1968503937008342641, 0.1630813774264923410 ) ) ;
#6581 = CARTESIAN_POINT ( 'NONE',  ( -0.0007417243760064197141, 0.2401599482183431333, 0.02840216675381440625 ) ) ;
#6582 = CARTESIAN_POINT ( 'NONE',  ( -0.08465128668923979638, 0.1771653543307550871, 0.1082444632507041371 ) ) ;
#6583 = DIRECTION ( 'NONE',  ( 1.000000000000000000, 0.000000000000000000, 0.000000000000000000 ) ) ;
#6584 = EDGE_LOOP ( 'NONE', ( #332, #988, #5851, #3605 ) ) ;
#6585 = CARTESIAN_POINT ( 'NONE',  ( -0.04398554573455393940, 0.1230339639663746154, 0.02288724045285634237 ) ) ;
#6586 = EDGE_CURVE ( 'NONE', #6595, #3710, #5033, .T. ) ;
#6587 = DIRECTION ( 'NONE',  ( -0.7127399268793153109, -0.7014283973664513505, 3.167136116199153946E-14 ) ) ;
#6588 = CARTESIAN_POINT ( 'NONE',  ( -0.1594544362955559458, 0.1751968503937112731, 0.1156537782556127936 ) ) ;
#6589 = VERTEX_POINT ( 'NONE', #2843 ) ;
#6590 = CARTESIAN_POINT ( 'NONE',  ( -0.04945246142723173227, 0.007874015748078231139, 0.1574570616759004282 ) ) ;
#6591 = LINE ( 'NONE', #2479, #4242 ) ;
#6592 = CARTESIAN_POINT ( 'NONE',  ( 0.2563287443776842700, 0.1771653543307547263, -0.04726734777295763662 ) ) ;
#6593 = FACE_OUTER_BOUND ( 'NONE', #5341, .T. ) ;
#6594 = CARTESIAN_POINT ( 'NONE',  ( -0.04085966922767377690, 0.1788082421815980205, 0.07221932904291337996 ) ) ;
#6595 = VERTEX_POINT ( 'NONE', #1723 ) ;
#6596 = DIRECTION ( 'NONE',  ( -1.000000000000000000, 1.442352733928416201E-28, 4.131062417209784855E-14 ) ) ;
#6597 = CARTESIAN_POINT ( 'NONE',  ( -0.01181664102001756152, 0.03937007874015905490, 0.1535200538018911542 ) ) ;
#6598 = ORIENTED_EDGE ( 'NONE', *, *, #2074, .F. ) ;
#6599 = CARTESIAN_POINT ( 'NONE',  ( 0.1589747102916773680, 0.1968503937008335147, -0.02167679659181448448 ) ) ;
#6600 = ADVANCED_FACE ( 'NONE', ( #3864 ), #4906, .F. ) ;
#6601 = DIRECTION ( 'NONE',  ( 4.100000000000000200E-14, 8.573022390369890434E-14, 1.000000000000000000 ) ) ;
#6602 = ORIENTED_EDGE ( 'NONE', *, *, #1204, .T. ) ;
#6603 = CLOSED_SHELL ( 'NONE', ( #3813, #550, #4853, #441, #5909, #6600, #5985, #1337, #5260, #4329, #3197, #2770, #5716, #6570, #1027, #865, #3478, #435, #2245, #3495, #4391, #4804, #3809, #5768, #2779, #1663, #5390, #1906, #6364, #3531, #3609, #165, #2069, #4326, #3923, #1694, #3737, #3233, #4096, #5964, #2832, #2334, #70, #197, #3649, #1992 ) ) ;
#6604 = DIRECTION ( 'NONE',  ( 4.100000000000000200E-14, 3.491481338843134933E-15, 1.000000000000000000 ) ) ;
#6605 = ORIENTED_EDGE ( 'NONE', *, *, #5005, .F. ) ;
#6606 = DIRECTION ( 'NONE',  ( 0.000000000000000000, 3.491481338843134933E-15, 1.000000000000000000 ) ) ;
#6607 = EDGE_CURVE ( 'NONE', #2928, #579, #3789, .T. ) ;
#6608 = CARTESIAN_POINT ( 'NONE',  ( -0.01237777460051775469, 0.1190969560923590687, 0.07041460340021279962 ) ) ;
#6609 = ORIENTED_EDGE ( 'NONE', *, *, #2421, .F. ) ;
#6610 = ADVANCED_FACE ( 'NONE', ( #2809 ), #291, .F. ) ;
#6611 = CYLINDRICAL_SURFACE ( 'NONE', #2730, 0.05056999097458959175 ) ;
#6612 = CARTESIAN_POINT ( 'NONE',  ( -0.1006335637894395785, 0.007874015748078170424, 0.1338350144318086743 ) ) ;
#6613 = DIRECTION ( 'NONE',  ( -0.6947768954074819980, -0.7192253232526930606, 3.099701450626694921E-14 ) ) ;
#6614 = ORIENTED_EDGE ( 'NONE', *, *, #65, .F. ) ;
#6615 = CARTESIAN_POINT ( 'NONE',  ( -0.05562159595906518428, 0.2263804206592882617, 0.06489967709925405226 ) ) ;
#6616 = CARTESIAN_POINT ( 'NONE',  ( -0.1006335637894395785, 0.03937007874020354709, -0.04726734777295716478 ) ) ;
#6617 = AXIS2_PLACEMENT_3D ( 'NONE', #1043, #539, #2590 ) ;
#6618 = CARTESIAN_POINT ( 'NONE',  ( 0.0003002344596201086545, 0.1322203156724114093, 0.04484619628383346851 ) ) ;
#6619 = ORIENTED_EDGE ( 'NONE', *, *, #6586, .T. ) ;
#6620 = CARTESIAN_POINT ( 'NONE',  ( 0.03345894953121524018, 0.3425196850393794623, 0.1043074553766576706 ) ) ;
#6621 = CARTESIAN_POINT ( 'NONE',  ( -0.04862928026497267964, 0.3543307086614251866, -0.01380278084381937088 ) ) ;
#6622 = CARTESIAN_POINT ( 'NONE',  ( 0.1060593495963950833, -0.02952749408851909271, 0.1338350144317692891 ) ) ;
#6623 = CARTESIAN_POINT ( 'NONE',  ( 0.1968447763028161601, 0.07086614173229861813, 0.03540981758141421853 ) ) ;
#6624 = CARTESIAN_POINT ( 'NONE',  ( -0.05666355479469196987, 0.1558423629165059110, 0.04845564756923504551 ) ) ;
#6625 = AXIS2_PLACEMENT_3D ( 'NONE', #2296, #2740, #2777 ) ;
#6626 = VERTEX_POINT ( 'NONE', #2263 ) ;
#6627 = DIRECTION ( 'NONE',  ( 1.000000000000000000, 0.000000000000000000, 0.000000000000000000 ) ) ;
#6628 = CARTESIAN_POINT ( 'NONE',  ( -0.08465128668926320821, 0.04724409448819551216, -0.04333033989893748245 ) ) ;
#6629 = VECTOR ( 'NONE', #781, 39.37007874015748143 ) ;
#6630 = EDGE_CURVE ( 'NONE', #4941, #4628, #827, .T. ) ;
#6631 = EDGE_LOOP ( 'NONE', ( #4727, #2392, #3756, #1286 ) ) ;
#6632 = DIRECTION ( 'NONE',  ( -1.000000000000000000, 7.211763669642100061E-29, 2.065531208604895267E-14 ) ) ;
#6633 = VECTOR ( 'NONE', #5213, 39.37007874015748143 ) ;
#6634 = DIRECTION ( 'NONE',  ( 3.200000000000000249E-14, 1.000000000000000000, -3.491481338843134933E-15 ) ) ;
#6635 = ORIENTED_EDGE ( 'NONE', *, *, #2488, .F. ) ;
#6636 = VECTOR ( 'NONE', #4048, 39.37007874015748143 ) ;
#6637 = VECTOR ( 'NONE', #4039, 39.37007874015748143 ) ;
#6638 = DIRECTION ( 'NONE',  ( -1.000000000000000000, 3.200000000000000249E-14, 2.099999999999999887E-14 ) ) ;
#6639 = EDGE_LOOP ( 'NONE', ( #4260, #397, #10, #5600 ) ) ;
#6640 = LINE ( 'NONE', #1989, #6636 ) ;
#6641 = AXIS2_PLACEMENT_3D ( 'NONE', #2133, #1621, #1119 ) ;
#6642 = AXIS2_PLACEMENT_3D ( 'NONE', #6168, #5168, #5678 ) ;
#6643 = CARTESIAN_POINT ( 'NONE',  ( -0.04752334327065738107, 0.2132570610792354215, 0.03706041311996065291 ) ) ;
#6644 = VERTEX_POINT ( 'NONE', #4433 ) ;
#6645 = ADVANCED_FACE ( 'NONE', ( #3823 ), #1323, .F. ) ;
#6646 = VECTOR ( 'NONE', #5448, 39.37007874015748143 ) ;
#6647 = VECTOR ( 'NONE', #3431, 39.37007874015748143 ) ;
#6648 = CARTESIAN_POINT ( 'NONE',  ( 0.2555061936257114197, 0.1574803149606744668, -0.04333033989894229110 ) ) ;
#6649 = DIRECTION ( 'NONE',  ( 0.000000000000000000, -3.491481338843135327E-15, -1.000000000000000000 ) ) ;
#6650 = CARTESIAN_POINT ( 'NONE',  ( -0.04945246142723173227, 0.007874015748077540719, -0.04726734777295708151 ) ) ;
#6651 = ORIENTED_EDGE ( 'NONE', *, *, #3091, .T. ) ;
#6652 = CARTESIAN_POINT ( 'NONE',  ( -0.05770551363031844322, 0.2034145413941960689, 0.03201161803921624693 ) ) ;
#6653 = EDGE_CURVE ( 'NONE', #5701, #1447, #4945, .T. ) ;
#6654 = CARTESIAN_POINT ( 'NONE',  ( -0.0006963444832219646118, 0.04724409448819590768, 0.08068540813254924948 ) ) ;
#6655 = CARTESIAN_POINT ( 'NONE',  ( -0.01237777460051775469, 0.1919316017616503889, 0.07041460340021239717 ) ) ;
#6656 = ORIENTED_EDGE ( 'NONE', *, *, #4900, .T. ) ;
#6657 = CARTESIAN_POINT ( 'NONE',  ( -0.02609774249628226198, 0.1213935440188682047, 0.07953898098657292970 ) ) ;
#6658 = ADVANCED_FACE ( 'NONE', ( #2366 ), #4370, .F. ) ;
#6659 = DIRECTION ( 'NONE',  ( -4.131062417209784855E-14, -3.491481338843134933E-15, -1.000000000000000000 ) ) ;
#6660 = FACE_OUTER_BOUND ( 'NONE', #6639, .T. ) ;
ENDSEC;
END-ISO-10303-21;
